Date,NIFTY_MICROCAP_250
2024-07-26,30293.44
2024-07-25,29964.47
2024-07-24,29902.92
2024-07-23,29121.74
2024-07-22,29063.38
2024-07-19,28802.13
2024-07-18,29461.41
2024-07-16,29768.33
2024-07-15,29697.77
2024-07-12,29687.55
2024-07-11,29810.55
2024-07-10,29511.61
2024-07-09,29786.21
2024-07-08,29706.81
2024-07-05,29815.1
2024-07-04,29559.55
2024-07-03,29482.1
2024-07-02,29256.42
2024-07-01,29201.33
2024-06-28,28530.96
2024-06-27,28364.81
2024-06-26,28673.44
2024-06-25,28518.91
2024-06-24,28516.63
2024-06-21,28437.97
2024-06-20,28444.47
2024-06-19,28045.64
2024-06-18,28151.24
2024-06-14,27891.3
2024-06-13,27662.69
2024-06-12,27477.5
2024-06-11,27124.22
2024-06-10,26689.59
2024-06-07,26320.56
2024-06-06,25714.86
2024-06-05,24927.82
2024-06-04,24163.4
2024-06-03,26054.75
2024-05-31,25569.14
2024-05-30,25302.12
2024-05-29,25715.6
2024-05-28,25647.99
2024-05-27,25914.99
2024-05-24,26143.12
2024-05-23,26255.23
2024-05-22,26285.35
2024-05-21,26240.85
2024-05-18,26285.24
2024-05-17,26106.95
2024-05-16,25813.03
2024-05-15,25657.6
2024-05-14,25365.9
2024-05-13,24841.77
2024-05-10,24909.14
2024-05-09,24646.88
2024-05-08,25311.18
2024-05-07,25116.87
2024-05-06,25501.99
2024-05-03,25857.36
2024-05-02,26022.48
2024-04-30,25954.01
2024-04-29,25928.39
2024-04-26,25783.84
2024-04-25,25841.82
2024-04-24,25708.55
2024-04-23,25535.27
2024-04-22,25298.22
2024-04-19,24801.06
2024-04-18,24831.91
2024-04-16,24823.87
2024-04-15,24557.88
2024-04-12,24986.63
2024-04-10,25212.23
2024-04-09,25200.14
2024-04-08,25218.06
2024-04-05,25317.03
2024-04-04,25204.07
2024-04-03,25071.53
2024-04-02,24684.74
2024-04-01,24267.68
2024-03-28,23468.68
2024-03-27,23427.01
2024-03-26,23276.73
2024-03-22,23455.89
2024-03-21,23139.21
2024-03-20,22613.8
2024-03-19,22657.15
2024-03-18,22957.17
2024-03-15,22902.24
2024-03-14,22693.42
2024-03-13,21811.63
2024-03-12,23246.14
2024-03-11,23853.33
2024-03-07,24447.4
2024-03-06,24355.41
2024-03-05,24988.81
2024-03-04,25154.85
2024-03-02,25383.59
2024-03-01,25167.62
2024-02-29,25024.52
2024-02-28,24721.14
2024-02-27,25303.14
2024-02-26,25451.27
2024-02-23,25440.53
2024-02-22,25286.23
2024-02-21,25179.16
2024-02-20,25520.8
2024-02-19,25529.42
2024-02-16,25245.49
2024-02-15,25065.98
2024-02-14,24776.17
2024-02-13,24368.96
2024-02-12,24315.44
2024-02-09,25296.85
2024-02-08,25703.92
2024-02-07,25740.89
2024-02-06,25609.17
2024-02-05,25258.77
2024-02-02,25352.69
2024-02-01,25264.61
2024-01-31,25361.79
2024-01-30,24911.21
2024-01-29,24851.43
2024-01-25,24568.36
2024-01-24,24257.94
2024-01-23,23830.77
2024-01-20,24570.98
2024-01-19,24369.6
2024-01-18,24135.92
2024-01-17,24052.81
2024-01-16,24299.85
2024-01-15,24402.39
2024-01-12,24372.69
2024-01-11,24336.33
2024-01-10,24101.92
2024-01-09,23987.36
2024-01-08,23935.13
2024-01-05,23999.19
2024-01-04,23902.53
2024-01-03,23591.44
2024-01-02,23435.35
2024-01-01,23362.6
2023-12-29,23079.73
2023-12-28,22907.35
2023-12-27,22991.78
2023-12-26,22978.26
2023-12-22,22798.93
2023-12-21,22613.5
2023-12-20,22142.13
2023-12-19,23113.36
2023-12-18,23027.03
2023-12-15,22913.56
2023-12-14,22861.61
2023-12-13,22793.56
2023-12-12,22475.29
2023-12-11,22557.45
2023-12-08,22315.8
2023-12-07,22364.76
2023-12-06,22378.64
2023-12-05,22374.11
2023-12-04,22390.2
2023-12-01,22127.17
2023-11-30,22129.08
2023-11-29,21876.37
2023-11-28,21852.49
2023-11-24,21811.7
2023-11-23,21775.79
2023-11-22,21723.86
2023-11-21,21820.81
2023-11-20,21780.77
2023-11-17,21641.1
2023-11-16,21539.1
2023-11-15,21484.55
2023-11-13,21210.08
2023-11-12,21116.07
2023-11-10,20848.14
2023-11-09,20738.66
2023-11-08,20763.41
2023-11-07,20705.29
2023-11-06,20588.43
2023-11-03,20339.01
2023-11-02,20139.02
2023-11-01,19978.74
2023-10-31,19992.62
2023-10-30,19950.47
2023-10-27,19885.87
2023-10-26,19421.38
2023-10-25,19393.17
2023-10-23,19585.18
2023-10-20,20639.13
2023-10-19,20787.49
2023-10-18,20762.6
2023-10-17,20779.5
2023-10-16,20563.07
2023-10-13,20439.74
2023-10-12,20416.83
2023-10-11,20240.4
2023-10-10,20029.49
2023-10-09,19760.74
2023-10-06,20207.11
2023-10-05,20061.16
2023-10-04,19871.89
2023-10-03,20074.56
2023-09-29,20023.53
2023-09-28,19881.77
2023-09-27,19938.06
2023-09-26,19795.87
2023-09-25,19729.78
2023-09-22,19648.08
2023-09-21,19601.52
2023-09-20,19784.36
2023-09-18,19875.6
2023-09-15,19967.26
2023-09-14,19844.61
2023-09-13,19613.25
2023-09-12,19355.54
2023-09-11,20408.62
2023-09-08,20255.2
2023-09-07,20172.66
2023-09-06,20039.25
2023-09-05,20079.05
2023-09-04,19976.0
2023-09-01,19745.44
2023-08-31,19625.29
2023-08-30,19487.28
2023-08-29,19311.7
2023-08-28,19124.45
2023-08-25,18962.35
2023-08-24,18998.58
2023-08-23,18929.84
2023-08-22,18745.93
2023-08-21,18526.53
2023-08-18,18372.31
2023-08-17,18424.07
2023-08-16,18375.58
2023-08-14,18250.91
2023-08-11,18325.31
2023-08-10,18322.67
2023-08-09,18304.54
2023-08-08,18098.01
2023-08-07,18057.66
2023-08-04,17971.41
2023-08-03,17852.2
2023-08-02,17695.65
2023-08-01,17960.39
2023-07-31,17816.86
2023-07-28,17520.22
2023-07-27,17529.73
2023-07-26,17463.91
2023-07-25,17398.48
2023-07-24,17317.04
2023-07-21,17255.22
2023-07-20,17218.23
2023-07-19,17187.15
2023-07-18,17044.19
2023-07-17,17069.19
2023-07-14,16899.99
2023-07-13,16702.59
2023-07-12,16877.79
2023-07-11,16742.9
2023-07-10,16581.1
2023-07-07,16590.94
2023-07-06,16611.4
2023-07-05,16489.6
2023-07-04,16290.96
2023-07-03,16328.83
2023-06-30,16201.74
2023-06-28,16090.33
2023-06-27,16084.91
2023-06-26,15951.1
2023-06-23,15838.03
2023-06-22,16022.97
2023-06-21,16091.35
2023-06-20,16055.58
2023-06-19,15929.53
2023-06-16,15874.77
2023-06-15,15772.53
2023-06-14,15778.59
2023-06-13,15704.3
2023-06-12,15572.99
2023-06-09,15409.94
2023-06-08,15389.44
2023-06-07,15490.91
2023-06-06,15305.52
2023-06-05,15193.83
2023-06-02,15106.77
2023-06-01,14977.74
2023-05-31,14884.33
2023-05-30,14737.44
2023-05-29,14673.37
2023-05-26,14608.05
2023-05-25,14546.79
2023-05-24,14494.92
2023-05-23,14461.28
2023-05-22,14441.45
2023-05-19,14407.71
2023-05-18,14408.95
2023-05-17,14396.43
2023-05-16,14360.96
2023-05-15,14333.32
2023-05-12,14305.69
2023-05-11,14256.91
2023-05-10,14134.77
2023-05-09,14066.6
2023-05-08,14157.3
2023-05-05,14072.88
2023-05-04,14139.46
2023-05-03,13981.28
2023-05-02,13942.08
2023-04-28,13819.09
2023-04-27,13722.45
2023-04-26,13602.26
2023-04-25,13557.75
2023-04-24,13522.93
2023-04-21,13461.43
2023-04-20,13526.71
2023-04-19,13505.16
2023-04-18,13460.5
2023-04-17,13434.69
2023-04-13,13426.4
2023-04-12,13343.8
2023-04-11,13302.47
2023-04-10,13194.96
2023-04-06,13217.12
2023-04-05,13077.12
2023-04-03,12898.79
2023-03-31,12610.98
2023-03-29,12478.09
2023-03-28,12217.77
2023-03-27,12318.54
2023-03-24,12553.75
2023-03-23,12754.96
2023-03-22,12772.29
2023-03-21,12685.09
2023-03-20,12595.46
2023-03-17,12750.29
2023-03-16,12665.55
2023-03-15,12770.05
2023-03-14,12778.18
2023-03-13,12871.08
2023-03-10,13235.43
2023-03-09,13303.9
2023-03-08,13273.34
2023-03-06,13141.86
2023-03-03,13028.54
2023-03-02,12874.34
2023-03-01,12913.27
2023-02-28,12716.16
2023-02-27,12666.5
2023-02-24,12907.61
2023-02-23,12917.65
2023-02-22,12885.99
2023-02-21,13098.4
2023-02-20,13141.06
2023-02-17,13220.12
2023-02-16,13228.44
2023-02-15,13120.01
2023-02-14,13073.48
2023-02-13,13168.49
2023-02-10,13305.53
2023-02-09,13237.31
2023-02-08,13226.26
2023-02-07,13150.18
2023-02-06,13130.85
2023-02-03,13076.73
2023-02-02,13179.74
2023-02-01,13143.86
2023-01-31,13365.65
2023-01-30,13035.95
2023-01-27,13062.55
2023-01-25,13432.56
2023-01-24,13572.14
2023-01-23,13650.13
2023-01-20,13739.2
2023-01-19,13803.64
2023-01-18,13837.88
2023-01-17,13784.51
2023-01-16,13827.08
2023-01-13,13848.72
2023-01-12,13784.44
2023-01-11,13834.56
2023-01-10,13805.7
2023-01-09,13868.15
2023-01-06,13811.74
2023-01-05,13927.66
2023-01-04,13913.19
2023-01-03,14047.51
2023-01-02,13972.83
2022-12-30,13791.11
2022-12-29,13656.35
2022-12-28,13604.57
2022-12-27,13521.92
2022-12-26,13253.46
2022-12-23,12783.86
2022-12-22,13360.66
2022-12-21,13695.91
2022-12-20,14147.99
2022-12-19,14134.29
2022-12-16,14039.22
2022-12-15,14194.15
2022-12-14,14303.89
2022-12-13,14208.89
2022-12-12,14147.72
2022-12-09,14027.01
2022-12-08,14198.42
2022-12-07,14149.74
2022-12-06,14231.36
2022-12-05,14271.43
2022-12-02,14174.25
2022-12-01,14044.48
2022-11-30,13948.59
2022-11-29,13824.94
2022-11-28,13858.41
2022-11-25,13797.72
2022-11-24,13689.91
2022-11-23,13647.19
2022-11-22,13546.18
2022-11-21,13573.44
2022-11-18,13627.82
2022-11-17,13680.86
2022-11-16,13707.64
2022-11-15,13717.67
2022-11-14,13672.1
2022-11-11,13651.49
2022-11-10,13608.84
2022-11-09,13744.55
2022-11-07,13810.94
2022-11-04,13730.38
2022-11-03,13584.78
2022-11-02,13525.29
2022-11-01,13453.13
2022-10-31,13415.35
2022-10-28,13365.2
2022-10-27,13440.82
2022-10-25,13398.52
2022-10-24,13413.98
2022-10-21,13246.55
2022-10-20,13402.31
2022-10-19,13413.94
2022-10-18,13410.44
2022-10-17,13284.94
2022-10-14,13290.42
2022-10-13,13301.68
2022-10-12,13334.54
2022-10-11,13388.85
2022-10-10,13592.97
2022-10-07,13623.58
2022-10-06,13506.54
2022-10-04,13281.32
2022-10-03,13027.72
2022-09-30,13122.56
2022-09-29,12926.1
2022-09-28,12851.91
2022-09-27,12952.47
2022-09-26,12885.99
2022-09-23,13396.16
2022-09-22,13669.13
2022-09-21,13582.77
2022-09-20,13710.93
2022-09-19,13644.67
2022-09-16,13595.07
2022-09-15,13897.84
2022-09-14,13837.46
2022-09-13,13818.66
2022-09-12,13764.16
2022-09-09,13621.64
2022-09-08,13677.39
2022-09-07,13587.49
2022-09-06,13465.93
2022-09-05,13503.07
2022-09-02,13326.51
2022-09-01,13309.2
2022-08-30,13125.27
2022-08-29,12939.77
2022-08-26,12998.22
2022-08-25,12908.66
2022-08-24,12860.8
2022-08-23,12737.8
2022-08-22,12602.51
2022-08-19,12737.89
2022-08-18,12798.19
2022-08-17,12723.96
2022-08-16,12617.31
2022-08-12,12538.23
2022-08-11,12486.6
2022-08-10,12492.64
2022-08-08,12499.66
2022-08-05,12458.61
2022-08-04,12433.38
2022-08-03,12451.44
2022-08-02,12505.93
2022-08-01,12423.2
2022-07-29,12232.09
2022-07-28,12125.87
2022-07-27,12081.9
2022-07-26,12024.64
2022-07-25,12171.49
2022-07-22,12212.91
2022-07-21,12193.62
2022-07-20,12105.34
2022-07-19,12079.26
2022-07-18,11961.36
2022-07-15,11791.61
2022-07-14,11746.91
2022-07-13,11804.29
2022-07-12,11868.8
2022-07-11,11898.73
2022-07-08,11747.78
2022-07-07,11674.36
2022-07-06,11506.32
2022-07-05,11435.14
2022-07-04,11408.93
2022-07-01,11309.59
2022-06-30,11289.97
2022-06-29,11364.99
2022-06-28,11372.84
2022-06-27,11296.28
2022-06-24,11139.43
2022-06-23,10935.17
2022-06-22,10834.85
2022-06-21,10938.26
2022-06-20,10563.57
2022-06-17,10969.64
2022-06-16,11078.99
2022-06-15,11461.41
2022-06-14,11420.06
2022-06-13,11461.5
2022-06-10,11857.4
2022-06-09,11959.7
2022-06-08,11923.98
2022-06-07,11969.97
2022-06-06,12027.28
2022-06-03,12076.86
2022-06-02,12209.23
2022-06-01,12020.66
2022-05-31,11873.93
2022-05-30,11765.62
2022-05-27,11543.68
2022-05-26,11423.01
2022-05-25,11376.61
2022-05-24,11765.41
2022-05-23,11936.61
2022-05-20,12027.66
2022-05-19,11712.43
2022-05-18,11965.5
2022-05-17,11933.49
2022-05-16,11563.79
2022-05-13,11427.81
2022-05-12,11248.21
2022-05-11,11534.64
2022-05-10,11866.42
2022-05-09,12196.77
2022-05-06,12397.19
2022-05-05,12666.66
2022-05-04,12685.8
2022-05-02,12949.75
2022-04-29,13019.47
2022-04-28,13116.17
2022-04-27,13140.44
2022-04-26,13243.48
2022-04-25,13171.48
2022-04-22,13440.62
2022-04-21,13431.13
2022-04-20,13232.76
2022-04-19,13160.06
2022-04-18,13304.35
2022-04-13,13384.91
2022-04-12,13287.85
2022-04-11,13466.98
2022-04-08,13370.92
2022-04-07,13167.62
2022-04-06,13255.33
2022-04-05,13099.6
2022-04-04,12884.77
2022-04-01,12613.99
2022-03-31,12276.57
2022-03-30,12238.26
2022-03-29,12056.62
2022-03-28,11987.7
2022-03-25,12152.99
2022-03-24,12242.31
2022-03-23,12271.1
2022-03-22,12299.75
2022-03-21,12267.15
2022-03-17,12237.56
2022-03-16,12125.62
2022-03-15,11948.9
2022-03-14,12116.4
2022-03-11,12071.64
2022-03-10,11925.81
2022-03-09,11785.37
2022-03-08,11471.27
2022-03-07,11295.4
2022-03-04,11612.98
2022-03-03,11769.78
2022-03-02,11709.15
2022-02-28,11674.14
2022-02-25,11547.63
2022-02-24,11067.5
2022-02-23,11864.77
2022-02-22,11647.21
2022-02-21,11950.23
2022-02-18,12317.88
2022-02-17,12416.29
2022-02-16,12507.68
2022-02-15,12361.25
2022-02-14,12183.75
2022-02-11,12766.06
2022-02-10,12981.95
2022-02-09,12977.28
2022-02-08,12917.21
2022-02-07,13139.86
2022-02-04,13214.78
2022-02-03,13220.22
2022-02-02,13177.74
2022-02-01,12957.01
2022-01-31,12853.35
2022-01-28,12804.34
2022-01-27,12718.9
2022-01-25,12682.67
2022-01-24,12512.55
2022-01-21,13187.78
2022-01-20,13471.74
2022-01-19,13373.75
2022-01-18,13378.31
2022-01-17,13621.37
2022-01-14,13480.8
2022-01-13,13339.56
2022-01-12,13285.57
2022-01-11,13244.22
2022-01-10,13245.67
2022-01-07,13019.55
2022-01-06,12943.61
2022-01-05,12874.79
2022-01-04,12862.01
2022-01-03,12787.77
2021-12-31,12575.95
2021-12-30,12443.59
2021-12-29,12460.31
2021-12-28,12443.19
2021-12-27,12243.87
2021-12-24,12174.95
2021-12-23,12254.33
2021-12-22,12193.08
2021-12-21,11980.01
2021-12-20,11862.27
2021-12-17,12344.27
2021-12-16,12681.73
2021-12-15,12806.05
2021-12-14,12851.36
2021-12-13,12812.75
2021-12-10,12781.9
2021-12-09,12637.69
2021-12-08,12521.65
2021-12-07,12326.47
2021-12-06,12165.42
2021-12-03,12327.86
2021-12-02,12231.17
2021-12-01,12048.52
2021-11-30,12002.63
2021-11-29,11941.54
2021-11-26,12280.04
2021-11-25,12665.22
2021-11-24,12485.49
2021-11-23,12356.23
2021-11-22,12047.27
2021-11-18,12481.14
2021-11-17,12699.21
2021-11-16,12695.47
2021-11-15,12628.28
2021-11-12,12807.85
2021-11-11,12848.52
2021-11-10,12894.13
2021-11-09,12901.77
2021-11-08,12796.31
2021-11-04,12708.02
2021-11-03,12495.88
2021-11-02,12562.5
2021-11-01,12385.77
2021-10-29,12239.72
2021-10-28,12308.33
2021-10-27,12573.67
2021-10-26,12559.9
2021-10-25,12258.55
2021-10-22,12518.03
2021-10-21,12684.82
2021-10-20,12628.92
2021-10-19,12894.31
2021-10-18,13188.29
2021-10-14,13099.37
2021-10-13,13078.79
2021-10-12,12950.89
2021-10-11,12911.29
2021-10-08,12832.72
2021-10-07,12736.97
2021-10-06,12603.61
2021-10-05,12729.01
2021-10-04,12625.79
2021-10-01,12367.94
2021-09-30,12312.55
2021-09-29,12254.54
2021-09-28,12126.54
2021-09-27,12133.68
2021-09-24,12126.59
2021-09-23,12140.1
2021-09-22,12045.49
2021-09-21,11868.43
2021-09-20,11840.81
2021-09-17,12122.01
2021-09-16,12134.89
2021-09-15,12137.04
2021-09-14,11979.34
2021-09-13,11905.34
2021-09-09,11799.67
2021-09-08,11690.31
2021-09-07,11535.53
2021-09-06,11579.92
2021-09-03,11557.54
2021-09-02,11522.97
2021-09-01,11390.88
2021-08-31,11404.54
2021-08-30,11438.65
2021-08-27,11283.09
2021-08-26,11190.34
2021-08-25,11172.03
2021-08-24,11083.74
2021-08-23,10781.06
2021-08-20,11136.36
2021-08-18,11473.53
2021-08-17,11580.6
2021-08-16,11679.79
2021-08-13,11812.87
2021-08-12,11897.89
2021-08-11,11544.68
2021-08-10,11586.16
2021-08-09,12033.29
2021-08-06,12197.41
2021-08-05,12163.06
2021-08-04,12312.53
2021-08-03,12512.6
2021-08-02,12470.72
2021-07-30,12313.37
2021-07-29,12286.8
2021-07-28,12171.62
2021-07-27,12213.54
2021-07-26,12151.52
2021-07-23,12029.68
2021-07-22,12060.74
2021-07-20,11903.94
2021-07-19,12152.03
2021-07-16,12086.46
2021-07-15,12053.53
2021-07-14,12048.37
2021-07-13,12011.62
2021-07-12,11998.54
2021-07-09,11832.89
2021-07-08,11755.5
2021-07-07,11775.71
2021-07-06,11778.17
2021-07-05,11848.3
2021-07-02,11661.68
2021-07-01,11454.34
2021-06-30,11406.34
2021-06-29,11352.49
2021-06-28,11281.39
2021-06-25,11200.33
2021-06-24,11143.3
2021-06-23,11173.85
2021-06-22,11235.14
2021-06-21,11127.13
2021-06-18,10974.07
2021-06-17,11072.45
2021-06-16,11122.68
2021-06-15,11141.78
2021-06-14,11037.53
2021-06-11,10945.42
2021-06-10,10832.47
2021-06-09,10596.91
2021-06-08,10677.41
2021-06-07,10600.68
2021-06-04,10440.92
2021-06-03,10300.71
2021-06-02,10127.34
2021-06-01,9919.86
2021-05-31,10001.21
2021-05-28,9988.28
2021-05-27,10042.24
2021-05-26,10029.83
2021-05-25,9919.37
2021-05-24,9859.15
2021-05-21,9766.91
2021-05-20,9704.15
2021-05-19,9674.41
2021-05-18,9596.96
2021-05-17,9500.14
2021-05-14,9326.87
2021-05-12,9401.16
2021-05-11,9452.79
2021-05-10,9360.79
2021-05-07,9175.89
2021-05-06,9059.67
2021-05-05,8979.35
2021-05-04,8867.31
2021-05-03,8919.5
2021-04-30,8706.53
2021-04-29,8686.23
2021-04-28,8653.94
2021-04-27,8531.97
2021-04-26,8394.66
2021-04-23,8303.6
2021-04-22,8287.54
2021-04-20,8187.39
2021-04-19,8103.55
2021-04-16,8307.84
2021-04-15,8211.23
2021-04-13,8251.68
2021-04-12,8118.32
2021-04-09,8658.27
2021-04-08,8615.35
2021-04-07,8487.44
2021-04-06,8342.22
2021-04-05,8270.43
2021-04-01,8359.27
2021-03-31,8105.89
2021-03-30,8074.77
2021-03-26,8005.89
2021-03-25,7917.73
2021-03-24,8114.11
2021-03-23,8223.98
2021-03-22,8165.51
2021-03-19,8082.77
2021-03-18,8021.03
2021-03-17,8223.37
2021-03-16,8447.2
2021-03-15,8398.18
2021-03-12,8434.68
2021-03-10,8462.26
2021-03-09,8393.62
2021-03-08,8438.15
2021-03-05,8334.22
2021-03-04,8448.24
2021-03-03,8374.04
2021-03-02,8261.24
2021-03-01,8158.49
2021-02-26,8021.54
2021-02-25,8078.14
2021-02-24,7995.75
2021-02-23,7907.78
2021-02-22,7806.79
2021-02-19,7887.29
2021-02-18,7932.13
2021-02-17,7822.9
2021-02-16,7739.71
2021-02-15,7750.09
2021-02-12,7743.01
2021-02-11,7720.21
2021-02-10,7631.9
2021-02-09,7608.34
2021-02-08,7633.27
2021-02-05,7536.15
2021-02-04,7525.2
2021-02-03,7414.88
2021-02-02,7304.58
2021-02-01,7202.41
2021-01-29,7067.51
2021-01-28,7079.64
2021-01-27,7033.53
2021-01-25,7079.97
2021-01-22,7174.48
2021-01-21,7273.17
2021-01-20,7345.13
2021-01-19,7275.44
2021-01-18,7169.96
2021-01-15,7326.0
2021-01-14,7361.74
2021-01-13,7361.84
2021-01-12,7419.53
2021-01-11,7370.06
2021-01-08,7397.64
2021-01-07,7361.93
2021-01-06,7288.85
2021-01-05,7277.93
2021-01-04,7234.0
2021-01-01,7130.0
2020-12-31,7067.74
2020-12-30,7044.03
2020-12-29,7028.05
2020-12-28,6951.72
2020-12-24,6804.38
2020-12-23,6774.55
2020-12-22,6516.9
2020-12-21,6464.82
2020-12-18,6854.7
2020-12-17,6905.6
2020-12-16,6947.35
2020-12-15,6912.09
2020-12-14,6904.36
2020-12-11,6835.49
2020-12-10,6779.46
2020-12-09,6785.52
2020-12-08,6717.45
2020-12-07,6730.08
2020-12-04,6549.79
2020-12-03,6513.12
2020-12-02,6392.53
2020-12-01,6338.6
2020-11-27,6218.26
2020-11-26,6173.26
2020-11-25,6086.5
2020-11-24,6114.79
2020-11-23,6081.64
2020-11-20,6029.09
2020-11-19,5988.47
2020-11-18,5992.75
2020-11-17,5928.84
2020-11-14,5862.26
2020-11-13,5779.25
2020-11-12,5708.57
2020-11-11,5638.08
2020-11-10,5604.68
2020-11-09,5649.45
2020-11-06,5624.17
2020-11-05,5596.29
2020-11-04,5512.71
2020-11-03,5502.86
2020-11-02,5482.38
2020-10-30,5524.16
2020-10-29,5508.35
2020-10-28,5523.45
2020-10-27,5569.1
2020-10-26,5577.48
2020-10-23,5635.93
2020-10-22,5566.56
2020-10-21,5524.56
2020-10-20,5518.24
2020-10-19,5489.58
2020-10-16,5432.32
2020-10-15,5412.7
2020-10-14,5508.39
2020-10-13,5501.03
2020-10-12,5488.45
2020-10-09,5563.22
2020-10-08,5561.71
2020-10-07,5576.33
2020-10-06,5632.02
2020-10-05,5575.62
2020-10-01,5525.68
2020-09-30,5484.4
2020-09-29,5485.92
2020-09-28,5463.02
2020-09-25,5356.91
2020-09-24,5209.11
2020-09-23,5354.18
2020-09-22,5338.47
2020-09-21,5441.09
2020-09-18,5657.49
2020-09-17,5659.92
2020-09-16,5695.42
2020-09-15,5667.0
2020-09-14,5619.14
2020-09-11,5472.24
2020-09-10,5438.8
2020-09-09,5342.71
2020-09-08,5423.3
2020-09-07,5494.14
2020-09-04,5496.2
2020-09-03,5570.86
2020-09-02,5538.55
2020-09-01,5438.47
2020-08-31,5456.56
2020-08-28,5766.87
2020-08-27,5837.28
2020-08-26,5833.06
2020-08-25,5775.74
2020-08-24,5758.18
2020-08-21,5665.8
2020-08-20,5583.22
2020-08-19,5499.63
2020-08-18,5425.08
2020-08-17,5337.41
2020-08-14,5275.32
2020-08-13,5343.85
2020-08-12,5288.26
2020-08-11,5262.56
2020-08-10,5249.47
2020-08-07,5150.76
2020-08-06,5086.31
2020-08-05,5029.23
2020-08-04,4945.82
2020-08-03,4869.68
2020-07-31,4781.61
2020-07-30,4745.14
2020-07-29,4746.82
2020-07-28,4701.44
2020-07-27,4679.67
2020-07-24,4745.82
2020-07-23,4751.11
2020-07-22,4721.99
2020-07-21,4725.87
2020-07-20,4712.08
2020-07-17,4664.53
2020-07-16,4596.25
2020-07-15,4615.89
2020-07-14,4658.32
2020-07-13,4719.64
2020-07-10,4736.03
2020-07-09,4772.93
2020-07-08,4746.78
2020-07-07,4762.84
2020-07-06,4755.53
2020-07-03,4720.41
2020-07-02,4727.53
2020-07-01,4675.92
2020-06-30,4613.51
2020-06-29,4632.96
2020-06-26,4672.32
2020-06-25,4637.93
2020-06-24,4615.38
2020-06-23,4668.4
2020-06-22,4557.45
2020-06-19,4504.62
2020-06-18,4472.03
2020-06-17,4360.36
2020-06-16,4304.57
2020-06-15,4297.73
2020-06-12,4277.31
2020-06-11,4262.73
2020-06-10,4295.3
2020-06-09,4250.02
2020-06-08,4300.78
2020-06-05,4217.23
2020-06-04,4036.92
2020-06-03,4019.43
2020-06-02,3956.96
2020-06-01,3870.14
2020-05-29,3764.34
2020-05-28,3723.73
2020-05-27,3664.3
2020-05-26,3627.73
2020-05-22,3603.09
2020-05-21,3624.22
2020-05-20,3582.18
2020-05-19,3555.77
2020-05-18,3581.82
2020-05-15,3695.35
2020-05-14,3686.97
2020-05-13,3704.35
2020-05-12,3624.67
2020-05-11,3645.26
2020-05-08,3644.01
2020-05-07,3671.08
2020-05-06,3679.47
2020-05-05,3672.79
2020-05-04,3703.03
2020-04-30,3844.88
2020-04-29,3844.81
2020-04-28,3794.21
2020-04-27,3770.52
2020-04-24,3718.61
2020-04-23,3796.96
2020-04-22,3744.65
2020-04-21,3705.04
2020-04-20,3835.48
2020-04-17,3768.59
2020-04-16,3659.01
2020-04-15,3587.24
2020-04-13,3557.16
2020-04-09,3551.19
2020-04-08,3413.37
2020-04-07,3343.43
2020-04-03,3184.13
2020-04-01,3173.59
2020-03-31,3175.45
2020-03-30,3079.16
2020-03-27,3126.96
2020-03-26,3086.66
2020-03-25,2966.16
2020-03-24,2904.76
2020-03-23,2949.52
2020-03-20,3339.49
2020-03-19,3255.7
2020-03-18,3399.57
2020-03-17,3622.39
2020-03-16,3713.29
2020-03-13,3930.1
2020-03-12,3919.17
2020-03-11,4368.69
2020-03-09,4378.36
2020-03-06,4600.95
2020-03-05,4719.81
2020-03-04,4716.68
2020-03-03,4805.81
2020-03-02,4779.83
2020-02-28,4843.92
2020-02-27,5081.96
2020-02-26,5131.63
2020-02-25,5183.97
2020-02-24,5216.94
2020-02-20,5287.58
2020-02-19,5254.76
2020-02-18,5187.53
2020-02-17,5210.13
2020-02-14,5267.15
2020-02-13,5297.87
2020-02-12,5295.2
2020-02-11,5315.14
2020-02-10,5311.32
2020-02-07,5337.46
2020-02-06,5330.63
2020-02-05,5287.46
2020-02-04,5255.68
2020-02-03,5154.66
2020-02-01,5191.76
2020-01-31,5342.42
2020-01-30,5386.05
2020-01-29,5465.18
2020-01-28,5442.85
2020-01-27,5506.91
2020-01-24,5549.06
2020-01-23,5520.7
2020-01-22,5511.06
2020-01-21,5529.02
2020-01-20,5518.22
2020-01-17,5582.31
2020-01-16,5565.78
2020-01-15,5520.08
2020-01-14,5461.36
2020-01-13,5415.0
2020-01-10,5331.48
2020-01-09,5310.31
2020-01-08,5194.56
2020-01-07,5210.29
2020-01-06,5132.63
2020-01-03,5281.62
2020-01-02,5278.08
2020-01-01,5147.73
2019-12-31,5108.52
2019-12-30,5093.8
2019-12-27,5030.64
2019-12-26,4984.36
2019-12-24,4942.41
2019-12-23,4933.76
2019-12-20,4948.2
2019-12-19,4941.71
2019-12-18,4940.38
2019-12-17,4954.48
2019-12-16,4903.24
2019-12-13,4910.14
2019-12-12,4859.15
2019-12-11,4816.27
2019-12-10,4848.84
2019-12-09,4924.04
2019-12-06,4943.19
2019-12-05,4999.7
2019-12-04,5009.94
2019-12-03,5009.37
2019-12-02,5055.1
2019-11-29,5082.86
2019-11-28,5067.84
2019-11-27,5071.17
2019-11-26,5070.51
2019-11-25,5079.57
2019-11-22,5057.48
2019-11-21,5053.25
2019-11-20,5048.46
2019-11-19,5047.86
2019-11-18,5057.18
2019-11-15,5056.77
2019-11-14,5064.9
2019-11-13,5106.77
2019-11-11,5174.03
2019-11-08,5181.31
2019-11-07,5212.08
2019-11-06,5192.88
2019-11-05,5200.9
2019-11-04,5248.45
2019-11-01,5231.42
2019-10-31,5220.65
2019-10-30,5171.22
2019-10-29,5141.74
2019-10-27,5086.58
2019-10-25,5020.38
2019-10-24,5043.05
2019-10-23,5062.29
2019-10-22,5062.62
2019-10-18,5046.91
2019-10-17,4966.16
2019-10-16,4939.0
2019-10-15,4929.35
2019-10-14,4931.91
2019-10-11,4923.43
2019-10-10,4926.22
2019-10-09,4972.22
2019-10-07,4970.75
2019-10-04,5021.17
2019-10-03,5056.19
2019-10-01,5092.39
2019-09-30,5210.14
2019-09-27,5304.2
2019-09-26,5337.59
2019-09-25,5314.4
2019-09-24,5398.08
2019-09-23,5377.96
2019-09-20,5233.53
2019-09-19,5103.13
2019-09-18,5190.43
2019-09-17,5186.08
2019-09-16,5285.27
2019-09-13,5234.31
2019-09-12,5205.58
2019-09-11,5203.56
2019-09-09,5050.54
2019-09-06,4985.63
2019-09-05,4923.32
2019-09-04,4868.19
2019-09-03,4851.64
2019-08-30,4924.91
2019-08-29,4897.97
2019-08-28,4942.97
2019-08-27,4975.38
2019-08-26,4858.51
2019-08-23,4759.92
2019-08-22,4740.3
2019-08-21,4867.7
2019-08-20,4960.31
2019-08-19,5003.66
2019-08-16,4977.02
2019-08-14,5005.24
2019-08-13,4992.45
2019-08-09,5065.32
2019-08-08,4972.38
2019-08-07,4953.05
2019-08-06,4957.26
2019-08-05,4861.78
2019-08-02,4953.06
2019-08-01,4978.5
2019-07-31,5042.51
2019-07-30,5056.51
2019-07-29,5200.83
2019-07-26,5274.22
2019-07-25,5251.21
2019-07-24,5288.53
2019-07-23,5361.84
2019-07-22,5331.58
2019-07-19,5412.58
2019-07-18,5536.89
2019-07-17,5620.93
2019-07-16,5617.6
2019-07-15,5631.65
2019-07-12,5673.78
2019-07-11,5677.34
2019-07-10,5672.96
2019-07-09,5712.59
2019-07-08,5717.78
2019-07-05,5852.45
2019-07-04,5929.31
2019-07-03,5928.95
2019-07-02,5906.98
2019-07-01,5913.83
2019-06-28,5903.8
2019-06-27,5894.74
2019-06-26,5856.62
2019-06-25,5815.46
2019-06-24,5822.33
2019-06-21,5836.76
2019-06-20,5831.2
2019-06-19,5783.67
2019-06-18,5875.84
2019-06-17,5926.48
2019-06-14,6014.63
2019-06-13,6067.35
2019-06-12,6113.95
2019-06-11,6138.56
2019-06-10,6159.63
2019-06-07,6230.03
2019-06-06,6257.75
2019-06-04,6337.38
2019-06-03,6363.14
2019-05-31,6369.16
2019-05-30,6432.49
2019-05-29,6440.73
2019-05-28,6488.7
2019-05-27,6465.49
2019-05-24,6283.37
2019-05-23,6107.11
2019-05-22,6105.44
2019-05-21,6083.71
2019-05-20,6135.92
2019-05-17,5934.21
2019-05-16,5903.37
2019-05-15,5903.83
2019-05-14,5934.0
2019-05-13,5942.04
2019-05-10,6053.37
2019-05-09,6051.42
2019-05-08,6071.74
2019-05-07,6166.21
2019-05-06,6207.49
2019-05-03,6246.5
2019-05-02,6272.63
2019-04-30,6295.37
2019-04-26,6419.76
2019-04-25,6435.46
2019-04-24,6446.36
2019-04-23,6430.79
2019-04-22,6454.01
2019-04-18,6534.78
2019-04-16,6588.38
2019-04-15,6587.26
2019-04-12,6559.1
2019-04-11,6542.79
2019-04-10,6549.36
2019-04-09,6560.42
2019-04-08,6579.57
2019-04-05,6587.0
2019-04-04,6527.13
2019-04-03,6553.03
2019-04-02,6602.51
2019-04-01,6621.62
2019-03-29,6535.09
2019-03-28,6492.28
2019-03-27,6447.79
2019-03-26,6416.87
2019-03-25,6380.17
2019-03-22,6489.97
2019-03-20,6532.98
2019-03-19,6553.34
2019-03-18,6542.05
2019-03-15,6559.69
2019-03-14,6622.72
2019-03-13,6638.89
2019-03-12,6688.2
2019-03-11,6609.37
2019-03-08,6507.93
2019-03-07,6523.05
2019-03-06,6496.58
2019-03-05,6406.47
2019-03-01,6168.96
2019-02-28,6025.78
2019-02-27,5962.31
2019-02-26,5960.65
2019-02-25,6003.44
2019-02-22,5936.02
2019-02-21,5879.8
2019-02-20,5787.48
2019-02-19,5738.89
2019-02-18,5712.98
2019-02-15,5783.6
2019-02-14,5844.72
2019-02-13,5839.51
2019-02-12,5874.26
2019-02-11,5905.05
2019-02-08,5983.95
2019-02-07,6017.13
2019-02-06,5953.14
2019-02-05,5990.83
2019-02-04,6078.95
2019-02-01,6173.8
2019-01-31,6180.42
2019-01-30,6126.18
2019-01-29,6058.36
2019-01-28,6078.74
2019-01-25,6238.98
2019-01-24,6351.5
2019-01-23,6430.81
2019-01-22,6458.18
2019-01-21,6534.1
2019-01-18,6585.62
2019-01-17,6635.82
2019-01-16,6652.36
2019-01-15,6622.49
2019-01-14,6583.56
2019-01-11,6608.75
2019-01-10,6617.31
2019-01-09,6607.0
2019-01-08,6624.0
2019-01-07,6622.98
2019-01-04,6615.02
2019-01-03,6625.55
2019-01-02,6682.2
2019-01-01,6714.17
2018-12-31,6681.73
2018-12-28,6641.06
2018-12-27,6605.03
2018-12-26,6590.9
2018-12-24,6617.99
2018-12-21,6698.11
2018-12-20,6758.68
2018-12-19,6740.61
2018-12-18,6656.0
2018-12-17,6630.8
2018-12-14,6584.5
2018-12-13,6583.22
2018-12-12,6538.68
2018-12-11,6376.03
2018-12-10,6287.34
2018-12-07,6423.92
2018-12-06,6442.07
2018-12-05,6541.39
2018-12-04,6614.29
2018-12-03,6615.09
2018-11-30,6600.48
2018-11-29,6574.49
2018-11-28,6577.56
2018-11-27,6614.73
2018-11-26,6614.17
2018-11-22,6661.78
2018-11-21,6664.0
2018-11-20,6643.27
2018-11-19,6723.27
2018-11-16,6706.09
2018-11-15,6739.48
2018-11-14,6772.88
2018-11-13,6796.95
2018-11-12,6781.62
2018-11-09,6805.29
2018-11-07,6790.12
2018-11-06,6695.86
2018-11-05,6688.37
2018-11-02,6685.59
2018-11-01,6621.2
2018-10-31,6560.41
2018-10-30,6495.6
2018-10-29,6422.84
2018-10-26,6296.5
2018-10-25,6279.39
2018-10-24,6329.13
2018-10-23,6326.04
2018-10-22,6429.98
2018-10-19,6538.7
2018-10-17,6639.94
2018-10-16,6782.92
2018-10-15,6664.08
2018-10-12,6560.96
2018-10-11,6386.16
2018-10-10,6472.3
2018-10-09,6237.53
2018-10-08,6275.05
2018-10-05,6429.36
2018-10-04,6579.33
2018-10-03,6695.83
2018-10-01,6634.77
2018-09-28,6684.68
2018-09-27,6938.34
2018-09-26,7056.63
2018-09-25,7036.9
2018-09-24,7085.32
2018-09-21,7296.19
2018-09-19,7537.28
2018-09-18,7573.78
2018-09-17,7672.91
2018-09-14,7652.16
2018-09-12,7547.32
2018-09-11,7576.7
2018-09-10,7675.37
2018-09-07,7738.1
2018-09-06,7701.29
2018-09-05,7661.28
2018-09-04,7709.71
2018-09-03,7842.21
2018-08-31,7828.75
2018-08-30,7793.92
2018-08-29,7766.33
2018-08-28,7773.0
2018-08-27,7761.56
2018-08-24,7730.8
2018-08-23,7753.53
2018-08-21,7760.53
2018-08-20,7741.09
2018-08-17,7699.58
2018-08-16,7634.6
2018-08-14,7638.28
2018-08-13,7643.18
2018-08-10,7724.4
2018-08-09,7807.33
2018-08-08,7796.07
2018-08-07,7789.19
2018-08-06,7839.45
2018-08-03,7794.21
2018-08-02,7682.11
2018-08-01,7663.72
2018-07-31,7623.69
2018-07-30,7591.25
2018-07-27,7493.1
2018-07-26,7419.42
2018-07-25,7414.99
2018-07-24,7396.42
2018-07-23,7187.12
2018-07-20,7111.64
2018-07-19,7117.54
2018-07-18,7207.01
2018-07-17,7289.03
2018-07-16,7260.83
2018-07-13,7448.55
2018-07-12,7539.3
2018-07-11,7577.44
2018-07-10,7607.88
2018-07-09,7533.09
2018-07-06,7389.88
2018-07-05,7356.79
2018-07-04,7387.51
2018-07-03,7366.84
2018-07-02,7348.23
2018-06-29,7399.17
2018-06-28,7251.54
2018-06-27,7353.72
2018-06-26,7540.05
2018-06-25,7611.36
2018-06-22,7673.53
2018-06-21,7676.07
2018-06-20,7758.26
2018-06-19,7745.33
2018-06-18,7850.98
2018-06-15,7903.95
2018-06-14,7912.91
2018-06-13,7906.88
2018-06-12,7918.82
2018-06-11,7868.98
2018-06-08,7796.48
2018-06-07,7763.1
2018-06-06,7554.79
2018-06-05,7412.68
2018-06-04,7695.36
2018-06-01,7911.77
2018-05-31,8041.27
2018-05-30,8111.76
2018-05-29,8143.94
2018-05-28,8167.98
2018-05-25,8052.02
2018-05-24,8010.3
2018-05-23,8030.47
2018-05-22,8061.4
2018-05-21,7993.24
2018-05-18,8175.36
2018-05-17,8281.38
2018-05-16,8221.87
2018-05-15,8251.64
2018-05-14,8282.21
2018-05-11,8373.18
2018-05-10,8369.63
2018-05-09,8471.33
2018-05-08,8471.8
2018-05-07,8497.1
2018-05-04,8497.57
2018-05-03,8495.25
2018-05-02,8583.88
2018-04-30,8671.27
2018-04-27,8636.09
2018-04-26,8629.49
2018-04-25,8662.24
2018-04-24,8739.1
2018-04-23,8730.15
2018-04-20,8646.83
2018-04-19,8617.44
2018-04-18,8585.51
2018-04-17,8604.56
2018-04-16,8591.42
2018-04-13,8587.05
2018-04-12,8575.46
2018-04-11,8596.94
2018-04-10,8623.16
2018-04-09,8614.32
2018-04-06,8538.41
2018-04-05,8504.77
2018-04-04,8348.9
2018-04-03,8403.69
2018-04-02,8261.11
2018-03-28,7986.18
2018-03-27,8059.76
2018-03-26,7918.86
2018-03-23,7902.85
2018-03-22,8058.29
2018-03-21,8185.13
2018-03-20,8151.68
2018-03-19,8237.78
2018-03-16,8391.83
2018-03-15,8423.63
2018-03-14,8303.21
2018-03-13,8290.64
2018-03-12,8180.74
2018-03-09,8136.97
2018-03-08,8198.91
2018-03-07,8207.4
2018-03-06,8426.74
2018-03-05,8531.32
2018-03-01,8677.17
2018-02-28,8677.34
2018-02-27,8657.92
2018-02-26,8662.77
2018-02-23,8596.46
2018-02-22,8473.2
2018-02-21,8536.7
2018-02-20,8573.62
2018-02-19,8602.51
2018-02-16,8705.19
2018-02-15,8840.93
2018-02-14,8996.89
2018-02-12,9000.71
2018-02-09,8803.88
2018-02-08,8776.22
2018-02-07,8518.53
2018-02-06,8278.66
2018-02-05,8503.6
2018-02-02,8529.47
2018-02-01,8960.38
2018-01-31,8986.63
2018-01-30,9080.6
2018-01-29,9218.49
2018-01-25,9308.68
2018-01-24,9340.74
2018-01-23,9452.37
2018-01-22,9442.15
2018-01-19,9325.05
2018-01-18,9276.45
2018-01-17,9524.76
2018-01-16,9541.1
2018-01-15,9816.08
2018-01-12,9748.25
2018-01-11,9751.86
2018-01-10,9689.23
2018-01-09,9693.72
2018-01-08,9707.36
2018-01-05,9559.05
2018-01-04,9472.73
2018-01-03,9375.74
2018-01-02,9185.61
2018-01-01,9183.42
2017-12-29,9167.31
2017-12-28,9102.41
2017-12-27,9076.76
2017-12-26,9131.93
2017-12-22,9046.96
2017-12-21,8971.36
2017-12-20,8872.9
2017-12-19,8788.72
2017-12-18,8639.96
2017-12-15,8604.09
2017-12-14,8506.28
2017-12-13,8545.09
2017-12-12,8634.41
2017-12-11,8681.36
2017-12-08,8653.33
2017-12-07,8555.86
2017-12-06,8414.72
2017-12-05,8481.64
2017-12-04,8482.14
2017-12-01,8527.27
2017-11-30,8597.48
2017-11-29,8607.58
2017-11-28,8604.61
2017-11-27,8561.92
2017-11-24,8502.39
2017-11-23,8479.64
2017-11-22,8404.14
2017-11-21,8368.43
2017-11-20,8340.61
2017-11-17,8261.3
2017-11-16,8192.73
2017-11-15,8079.13
2017-11-14,8256.61
2017-11-13,8225.01
2017-11-10,8278.99
2017-11-09,8334.55
2017-11-08,8238.4
2017-11-07,8346.93
2017-11-06,8472.01
2017-11-03,8397.26
2017-11-02,8361.68
2017-11-01,8329.18
2017-10-31,8306.15
2017-10-30,8233.95
2017-10-27,8135.1
2017-10-26,8088.87
2017-10-25,8026.22
2017-10-24,8053.45
2017-10-23,8003.33
2017-10-19,7975.57
2017-10-18,7952.26
2017-10-17,7937.27
2017-10-16,7930.05
2017-10-13,7935.98
2017-10-12,7948.9
2017-10-11,7854.46
2017-10-10,7959.41
2017-10-09,7889.68
2017-10-06,7801.29
2017-10-05,7704.3
2017-10-04,7605.54
2017-10-03,7492.6
2017-09-29,7422.69
2017-09-28,7347.0
2017-09-27,7261.74
2017-09-26,7431.61
2017-09-25,7312.92
2017-09-22,7492.94
2017-09-21,7751.59
2017-09-20,7802.83
2017-09-19,7780.63
2017-09-18,7754.36
2017-09-15,7654.78
2017-09-14,7642.24
2017-09-13,7581.15
2017-09-12,7633.92
2017-09-11,7569.52
2017-09-08,7513.46
2017-09-07,7522.38
2017-09-06,7464.85
2017-09-05,7412.21
2017-09-04,7321.19
2017-09-01,7359.59
2017-08-31,7257.36
2017-08-30,7171.91
2017-08-29,7059.31
2017-08-28,7115.57
2017-08-24,7041.81
2017-08-23,6997.88
2017-08-22,6903.65
2017-08-21,6934.18
2017-08-18,6967.64
2017-08-17,6996.56
2017-08-16,6933.96
2017-08-14,6825.23
2017-08-11,6653.5
2017-08-10,6703.7
2017-08-09,6972.55
2017-08-08,7081.36
2017-08-07,7189.52
2017-08-04,7109.79
2017-08-03,7088.04
2017-08-02,7169.82
2017-08-01,7179.18
2017-07-31,7200.23
2017-07-28,7195.9
2017-07-27,7159.13
2017-07-26,7239.59
2017-07-25,7203.15
2017-07-24,7224.59
2017-07-21,7201.24
2017-07-20,7175.77
2017-07-19,7136.77
2017-07-18,7048.8
2017-07-17,7091.46
2017-07-14,7088.8
2017-07-13,7143.27
2017-07-12,7117.45
2017-07-11,7085.44
2017-07-10,7098.41
2017-07-07,7064.61
2017-07-06,7020.43
2017-07-05,6997.92
2017-07-04,6904.25
2017-07-03,6873.36
2017-06-30,6769.56
2017-06-29,6759.13
2017-06-28,6688.42
2017-06-27,6664.07
2017-06-23,6750.39
2017-06-22,6844.49
2017-06-21,6889.42
2017-06-20,6872.21
2017-06-19,6846.61
2017-06-16,6825.5
2017-06-15,6789.81
2017-06-14,6746.64
2017-06-13,6730.88
2017-06-12,6680.71
2017-06-09,6704.13
2017-06-08,6672.54
2017-06-07,6647.6
2017-06-06,6595.01
2017-06-05,6653.46
2017-06-02,6582.61
2017-06-01,6559.42
2017-05-31,6493.93
2017-05-30,6418.54
2017-05-29,6417.0
2017-05-26,6497.51
2017-05-25,6382.94
2017-05-24,6269.53
2017-05-23,6387.8
2017-05-22,6520.56
2017-05-19,6579.13
2017-05-18,6628.43
2017-05-17,6761.22
2017-05-16,6761.28
2017-05-15,6753.09
2017-05-12,6705.84
2017-05-11,6745.5
2017-05-10,6756.24
2017-05-09,6701.92
2017-05-08,6649.62
2017-05-05,6601.0
2017-05-04,6689.9
2017-05-03,6658.24
2017-05-02,6646.52
2017-04-28,6638.9
2017-04-27,6628.86
2017-04-26,6615.89
2017-04-25,6687.28
2017-04-24,6662.98
2017-04-21,6598.54
2017-04-20,6589.66
2017-04-19,6500.59
2017-04-18,6465.96
2017-04-17,6525.75
2017-04-13,6492.11
2017-04-12,6452.25
2017-04-11,6504.84
2017-04-10,6461.52
2017-04-07,6415.94
2017-04-06,6442.24
2017-04-05,6433.75
2017-04-03,6319.74
2017-03-31,6206.34
2017-03-30,6150.67
2017-03-29,6061.31
2017-03-28,6066.22
2017-03-27,5995.04
2017-03-24,5996.53
2017-03-23,5978.05
2017-03-22,5912.99
2017-03-21,5958.17
2017-03-20,5987.12
2017-03-17,5973.3
2017-03-16,5976.91
2017-03-15,5918.01
2017-03-14,5884.37
2017-03-10,5843.66
2017-03-09,5855.81
2017-03-08,5865.99
2017-03-07,5881.83
2017-03-06,5894.66
2017-03-03,5871.73
2017-03-02,5863.09
2017-03-01,5942.78
2017-02-28,5884.96
2017-02-27,5852.07
2017-02-23,5857.55
2017-02-22,5853.04
2017-02-21,5879.83
2017-02-20,5857.46
2017-02-17,5825.65
2017-02-16,5797.87
2017-02-15,5717.91
2017-02-14,5819.85
2017-02-13,5857.98
2017-02-10,5904.66
2017-02-09,5894.56
2017-02-08,5883.17
2017-02-07,5863.43
2017-02-06,5876.22
2017-02-03,5800.2
2017-02-02,5758.91
2017-02-01,5718.36
2017-01-31,5630.81
2017-01-30,5691.02
2017-01-27,5704.36
2017-01-25,5701.36
2017-01-24,5680.29
2017-01-23,5641.19
2017-01-20,5603.8
2017-01-19,5678.36
2017-01-18,5648.6
2017-01-17,5614.3
2017-01-16,5606.06
2017-01-13,5568.79
2017-01-12,5560.54
2017-01-11,5598.82
2017-01-10,5551.11
2017-01-09,5497.25
2017-01-06,5475.0
2017-01-05,5476.95
2017-01-04,5414.18
2017-01-03,5367.31
2017-01-02,5292.48
2016-12-30,5219.84
2016-12-29,5168.55
2016-12-28,5134.31
2016-12-27,5085.5
2016-12-26,5016.06
2016-12-23,5133.41
2016-12-22,5132.39
2016-12-21,5210.04
2016-12-20,5223.36
2016-12-19,5275.62
2016-12-16,5296.37
2016-12-15,5302.99
2016-12-14,5288.28
2016-12-13,5358.76
2016-12-12,5333.1
2016-12-09,5368.79
2016-12-08,5340.7
2016-12-07,5253.73
2016-12-06,5291.51
2016-12-05,5265.82
2016-12-02,5241.69
2016-12-01,5320.64
2016-11-30,5365.78
2016-11-29,5291.63
2016-11-28,5248.97
2016-11-25,5187.76
2016-11-24,5061.99
2016-11-23,5036.64
2016-11-22,4912.01
2016-11-21,4866.88
2016-11-18,5064.6
2016-11-17,5051.8
2016-11-16,5103.12
2016-11-15,5099.13
2016-11-11,5425.77
2016-11-10,5633.06
2016-11-09,5508.47
2016-11-08,5666.47
2016-11-07,5680.32
2016-11-04,5591.23
2016-11-03,5761.06
2016-11-02,5836.94
2016-11-01,5955.65
2016-10-30,5981.57
2016-10-28,5901.72
2016-10-27,5850.46
2016-10-26,5886.94
2016-10-25,5924.15
2016-10-24,5932.28
2016-10-21,5868.06
2016-10-20,5857.08
2016-10-19,5836.03
2016-10-18,5775.06
2016-10-17,5677.42
2016-10-14,5671.35
2016-10-13,5584.36
2016-10-10,5676.77
2016-10-07,5635.32
2016-10-06,5627.84
2016-10-05,5647.82
2016-10-04,5588.62
2016-10-03,5543.65
2016-09-30,5379.77
2016-09-29,5245.95
2016-09-28,5541.1
2016-09-27,5477.5
2016-09-26,5457.43
2016-09-23,5475.03
2016-09-22,5489.51
2016-09-21,5445.43
2016-09-20,5430.93
2016-09-19,5417.79
2016-09-16,5370.15
2016-09-15,5368.94
2016-09-14,5334.38
2016-09-12,5232.09
2016-09-09,5354.04
2016-09-08,5385.69
2016-09-07,5336.95
2016-09-06,5327.35
2016-09-02,5292.17
2016-09-01,5260.79
2016-08-31,5280.76
2016-08-30,5282.88
2016-08-29,5240.28
2016-08-26,5230.17
2016-08-25,5268.37
2016-08-24,5266.84
2016-08-23,5235.32
2016-08-22,5228.36
2016-08-19,5193.62
2016-08-18,5157.93
2016-08-17,5099.53
2016-08-16,5033.38
2016-08-12,5034.34
2016-08-11,5021.29
2016-08-10,5045.08
2016-08-09,5124.76
2016-08-08,5142.87
2016-08-05,5120.86
2016-08-04,5041.84
2016-08-03,5017.84
2016-08-02,5083.24
2016-08-01,5128.96
2016-07-29,5163.95
2016-07-28,5170.92
2016-07-27,5161.72
2016-07-26,5133.41
2016-07-25,5174.02
2016-07-22,5079.64
2016-07-21,5034.15
2016-07-20,5054.25
2016-07-19,4988.43
2016-07-18,5000.13
2016-07-15,5028.18
2016-07-14,5054.04
2016-07-13,5003.79
2016-07-12,5049.32
2016-07-11,5060.92
2016-07-08,5016.23
2016-07-07,5029.77
2016-07-05,5000.5
2016-07-04,5004.78
2016-07-01,4957.8
2016-06-30,4939.82
2016-06-29,4891.74
2016-06-28,4817.29
2016-06-27,4759.08
2016-06-24,4668.23
2016-06-23,4747.23
2016-06-22,4766.64
2016-06-21,4801.67
2016-06-20,4791.77
2016-06-17,4771.29
2016-06-16,4769.1
2016-06-15,4788.52
2016-06-14,4722.82
2016-06-13,4687.2
2016-06-10,4710.63
2016-06-09,4706.83
2016-06-08,4713.44
2016-06-07,4662.2
2016-06-06,4622.88
2016-06-03,4606.79
2016-06-02,4620.82
2016-06-01,4600.94
2016-05-31,4583.58
2016-05-30,4585.0
2016-05-27,4591.37
2016-05-26,4554.33
2016-05-25,4549.07
2016-05-24,4496.49
2016-05-23,4545.83
2016-05-20,4563.09
2016-05-19,4600.15
2016-05-18,4659.03
2016-05-17,4637.79
2016-05-16,4630.8
2016-05-13,4615.64
2016-05-12,4637.17
2016-05-11,4583.01
2016-05-10,4572.6
2016-05-09,4553.43
2016-05-06,4496.77
2016-05-05,4510.84
2016-05-04,4504.66
2016-05-03,4553.01
2016-05-02,4559.45
2016-04-29,4537.37
2016-04-28,4534.98
2016-04-27,4586.52
2016-04-26,4580.92
2016-04-25,4541.05
2016-04-22,4551.43
2016-04-21,4541.86
2016-04-20,4575.48
2016-04-18,4543.34
2016-04-13,4513.05
2016-04-12,4456.05
2016-04-11,4406.84
2016-04-08,4370.63
2016-04-07,4327.08
2016-04-06,4345.91
2016-04-05,4261.08
2016-04-04,4321.04
2016-04-01,4277.01
2016-03-31,4220.67
2016-03-30,4209.0
2016-03-29,4129.96
2016-03-28,4137.61
2016-03-23,4224.88
2016-03-22,4210.99
2016-03-21,4188.67
2016-03-18,4159.47
2016-03-17,4147.81
2016-03-16,4130.57
2016-03-15,4131.08
2016-03-14,4169.74
2016-03-11,4135.5
2016-03-10,4148.89
2016-03-09,4136.51
2016-03-08,4117.4
2016-03-04,4114.79
2016-03-03,4091.3
2016-03-02,4020.92
2016-03-01,3931.61
2016-02-29,3765.44
2016-02-26,3797.13
2016-02-25,3845.1
2016-02-24,3882.32
2016-02-23,3949.55
2016-02-22,4025.7
2016-02-19,3995.65
2016-02-18,3982.33
2016-02-17,3945.03
2016-02-16,3957.27
2016-02-15,4051.63
2016-02-12,3907.87
2016-02-11,3971.1
2016-02-10,4221.36
2016-02-09,4322.04
2016-02-08,4379.36
2016-02-05,4407.1
2016-02-04,4349.24
2016-02-03,4388.76
2016-02-02,4486.84
2016-02-01,4548.42
2016-01-29,4530.89
2016-01-28,4485.12
2016-01-27,4489.33
2016-01-25,4478.01
2016-01-22,4434.17
2016-01-21,4292.74
2016-01-20,4259.98
2016-01-19,4384.53
2016-01-18,4270.76
2016-01-15,4510.93
2016-01-14,4678.17
2016-01-13,4755.49
2016-01-12,4898.74
2016-01-11,4969.51
2016-01-08,4994.57
2016-01-07,4895.74
2016-01-06,5070.72
2016-01-05,5090.78
2016-01-04,5018.2
2016-01-01,5086.19
2015-12-31,5029.5
2015-12-30,5000.0
2015-12-29,5007.22
2015-12-28,5009.2
2015-12-24,4988.19
2015-12-23,4961.32
2015-12-22,4935.4
2015-12-21,4941.22
2015-12-18,4886.38
2015-12-17,4879.15
2015-12-16,4769.59
2015-12-15,4747.2
2015-12-14,4711.49
2015-12-11,4683.2
2015-12-10,4706.07
2015-12-09,4607.19
2015-12-08,4765.82
2015-12-07,4856.01
2015-12-04,4846.07
2015-12-03,4872.7
2015-12-02,4881.69
2015-12-01,4864.75
2015-11-30,4835.86
2015-11-27,4788.76
2015-11-26,4777.18
2015-11-24,4718.26
2015-11-23,4668.04
2015-11-20,4624.99
2015-11-19,4564.14
2015-11-18,4503.21
2015-11-17,4531.28
2015-11-16,4514.63
2015-11-13,4483.48
2015-11-11,4528.19
2015-11-10,4450.0
2015-11-09,4479.69
2015-11-06,4454.34
2015-11-05,4483.08
2015-11-04,4553.85
2015-11-03,4575.39
2015-11-02,4529.66
2015-10-30,4536.06
2015-10-29,4584.85
2015-10-28,4604.63
2015-10-27,4568.37
2015-10-26,4563.82
2015-10-23,4620.68
2015-10-21,4626.71
2015-10-20,4633.77
2015-10-19,4615.33
2015-10-16,4580.6
2015-10-15,4579.14
2015-10-14,4562.82
2015-10-13,4534.54
2015-10-12,4510.75
2015-10-09,4505.46
2015-10-08,4475.44
2015-10-07,4482.9
2015-10-06,4440.39
2015-10-05,4422.97
2015-10-01,4323.2
2015-09-30,4302.78
2015-09-29,4242.05
2015-09-28,4245.0
2015-09-24,4272.72
2015-09-23,4250.75
2015-09-22,4219.35
2015-09-21,4272.99
2015-09-18,4206.28
2015-09-16,4138.75
2015-09-15,4140.61
2015-09-14,4155.88
2015-09-11,4102.66
2015-09-10,4064.37
2015-09-09,4083.47
2015-09-08,4001.07
2015-09-07,3985.66
2015-09-04,4088.76
2015-09-03,4210.27
2015-09-02,4145.25
2015-09-01,4158.11
2015-08-31,4274.68
2015-08-28,4273.68
2015-08-27,4259.92
2015-08-26,4114.93
2015-08-25,4099.22
2015-08-24,4103.22
2015-08-21,4552.56
2015-08-20,4593.83
2015-08-19,4698.19
2015-08-18,4647.92
2015-08-17,4601.02
2015-08-14,4586.89
2015-08-13,4495.3
2015-08-12,4554.62
2015-08-11,4704.45
2015-08-10,4779.22
2015-08-07,4794.44
2015-08-06,4819.1
2015-08-05,4845.59
2015-08-04,4789.52
2015-08-03,4726.52
2015-07-31,4664.85
2015-07-30,4637.45
2015-07-29,4592.15
2015-07-28,4537.28
2015-07-27,4527.79
2015-07-24,4571.93
2015-07-23,4588.45
2015-07-22,4550.75
2015-07-21,4489.58
2015-07-20,4571.84
2015-07-17,4532.43
2015-07-16,4525.99
2015-07-15,4493.5
2015-07-14,4453.42
2015-07-13,4402.17
2015-07-10,4327.19
2015-07-09,4309.42
2015-07-08,4293.05
2015-07-07,4334.13
2015-07-06,4311.43
2015-07-03,4247.58
2015-07-02,4218.29
2015-07-01,4183.22
2015-06-30,4122.12
2015-06-29,4059.68
2015-06-26,4120.43
2015-06-25,4125.85
2015-06-24,4126.64
2015-06-23,4127.99
2015-06-22,4111.12
2015-06-19,4060.36
2015-06-18,4050.49
2015-06-17,3993.62
2015-06-16,3938.86
2015-06-15,3937.34
2015-06-12,3919.3
2015-06-11,3933.93
2015-06-10,4012.98
2015-06-09,3954.72
2015-06-08,3990.04
2015-06-05,4055.72
2015-06-04,4041.66
2015-06-03,4049.34
2015-06-02,4173.47
2015-06-01,4239.21
2015-05-29,4251.71
2015-05-28,4214.62
2015-05-27,4209.13
2015-05-26,4214.45
2015-05-25,4228.03
2015-05-22,4248.92
2015-05-21,4234.76
2015-05-20,4246.56
2015-05-19,4233.75
2015-05-18,4230.55
2015-05-15,4183.52
2015-05-14,4153.91
2015-05-13,4122.41
2015-05-12,4076.9
2015-05-11,4168.15
2015-05-08,4102.82
2015-05-07,4015.04
2015-05-06,4111.46
2015-05-05,4254.83
2015-05-04,4245.47
2015-04-30,4135.89
2015-04-29,4146.04
2015-04-28,4115.8
2015-04-27,4048.08
2015-04-24,4195.05
2015-04-23,4341.27
2015-04-22,4334.91
2015-04-21,4337.25
2015-04-20,4343.7
2015-04-17,4458.9
2015-04-16,4517.56
2015-04-15,4579.32
2015-04-13,4594.61
2015-04-10,4550.98
2015-04-09,4489.01
2015-04-08,4455.86
2015-04-07,4372.85
2015-04-06,4316.16
2015-04-01,4250.79
2015-03-31,4144.89
2015-03-30,4105.82
2015-03-27,3957.45
2015-03-26,3958.47
2015-03-25,4000.68
2015-03-24,4019.98
2015-03-23,4035.84
2015-03-20,4090.67
2015-03-19,4181.27
2015-03-18,4212.77
2015-03-17,4185.94
2015-03-16,4174.09
2015-03-13,4192.27
2015-03-12,4263.37
2015-03-11,4221.45
2015-03-10,4229.33
2015-03-09,4221.48
2015-03-05,4253.55
2015-03-04,4225.66
2015-03-03,4266.21
2015-03-02,4216.42
2015-02-28,4156.22
2015-02-27,4187.13
2015-02-26,4129.04
2015-02-25,4160.22
2015-02-24,4187.0
2015-02-23,4217.44
2015-02-20,4245.71
2015-02-19,4223.66
2015-02-18,4217.01
2015-02-16,4168.2
2015-02-13,4165.23
2015-02-12,4136.46
2015-02-11,4093.1
2015-02-10,4035.19
2015-02-09,4037.31
2015-02-06,4103.01
2015-02-05,4200.34
2015-02-04,4251.34
2015-02-03,4254.11
2015-02-02,4263.76
2015-01-30,4197.67
2015-01-29,4210.27
2015-01-28,4196.2
2015-01-27,4212.27
2015-01-23,4204.3
2015-01-22,4239.74
2015-01-21,4220.45
2015-01-20,4222.87
2015-01-19,4198.6
2015-01-16,4163.49
2015-01-15,4156.97
2015-01-14,4112.41
2015-01-13,4115.99
2015-01-12,4113.96
2015-01-09,4070.23
2015-01-08,4068.98
2015-01-07,3981.77
2015-01-06,3977.33
2015-01-05,4111.77
2015-01-02,4098.61
2015-01-01,4051.57
2014-12-31,3993.63
2014-12-30,3930.82
2014-12-29,3911.55
2014-12-26,3876.99
2014-12-24,3879.15
2014-12-23,3863.5
2014-12-22,3879.01
2014-12-19,3852.39
2014-12-18,3832.28
2014-12-17,3697.06
2014-12-16,3734.49
2014-12-15,3883.32
2014-12-12,3899.43
2014-12-11,3951.24
2014-12-10,3973.67
2014-12-09,3937.25
2014-12-08,4009.8
2014-12-05,4043.1
2014-12-04,4036.76
2014-12-03,4025.72
2014-12-02,3948.52
2014-12-01,3926.7
2014-11-28,3962.13
2014-11-27,3952.02
2014-11-26,3925.14
2014-11-25,3873.94
2014-11-24,3970.24
2014-11-21,3980.74
2014-11-20,3985.59
2014-11-19,3982.2
2014-11-18,4000.26
2014-11-17,3971.38
2014-11-14,3932.92
2014-11-13,3920.71
2014-11-12,3935.61
2014-11-11,3914.9
2014-11-10,3896.74
2014-11-07,3894.66
2014-11-05,3907.25
2014-11-03,3873.9
2014-10-31,3828.04
2014-10-30,3796.9
2014-10-29,3787.08
2014-10-28,3756.46
2014-10-27,3722.27
2014-10-23,3717.78
2014-10-22,3667.09
2014-10-21,3614.16
2014-10-20,3601.85
2014-10-17,3577.39
2014-10-16,3589.74
2014-10-14,3691.61
2014-10-13,3696.67
2014-10-10,3689.5
2014-10-09,3736.84
2014-10-08,3688.29
2014-10-07,3684.29
2014-10-01,3713.89
2014-09-30,3723.75
2014-09-29,3702.27
2014-09-26,3631.23
2014-09-25,3622.49
2014-09-24,3746.63
2014-09-23,3822.17
2014-09-22,3915.96
2014-09-19,3887.26
2014-09-18,3858.24
2014-09-17,3735.87
2014-09-16,3713.59
2014-09-15,3896.5
2014-09-12,3872.96
2014-09-11,3839.99
2014-09-10,3775.78
2014-09-09,3736.55
2014-09-08,3721.3
2014-09-05,3617.66
2014-09-04,3540.61
2014-09-03,3541.8
2014-09-02,3521.11
2014-09-01,3489.94
2014-08-28,3450.6
2014-08-27,3440.27
2014-08-26,3404.99
2014-08-25,3415.14
2014-08-22,3425.81
2014-08-21,3410.22
2014-08-20,3388.79
2014-08-19,3355.0
2014-08-18,3320.48
2014-08-14,3249.74
2014-08-13,3210.21
2014-08-12,3281.84
2014-08-11,3254.55
2014-08-08,3216.82
2014-08-07,3287.51
2014-08-06,3308.14
2014-08-05,3295.39
2014-08-04,3262.74
2014-08-01,3212.44
2014-07-31,3241.3
2014-07-30,3217.82
2014-07-28,3210.02
2014-07-25,3228.59
2014-07-24,3296.23
2014-07-23,3288.16
2014-07-22,3320.29
2014-07-21,3316.54
2014-07-18,3266.6
2014-07-17,3262.58
2014-07-16,3210.08
2014-07-15,3136.88
2014-07-14,3058.43
2014-07-11,3078.64
2014-07-10,3192.01
2014-07-09,3166.48
2014-07-08,3229.79
2014-07-07,3381.58
2014-07-04,3356.25
2014-07-03,3308.14
2014-07-02,3303.31
2014-07-01,3271.36
2014-06-30,3223.67
2014-06-27,3150.57
2014-06-26,3124.24
2014-06-25,3126.29
2014-06-24,3112.72
2014-06-23,3066.27
2014-06-20,3050.57
2014-06-19,3063.52
2014-06-18,3066.02
2014-06-17,3060.22
2014-06-16,2992.4
2014-06-13,2996.82
2014-06-12,3104.82
2014-06-11,3098.86
2014-06-10,3110.45
2014-06-09,3105.28
2014-06-06,3041.13
2014-06-05,2996.53
2014-06-04,2940.13
2014-06-03,2882.98
2014-06-02,2850.52
2014-05-30,2793.06
2014-05-29,2773.98
2014-05-28,2781.94
2014-05-27,2726.1
2014-05-26,2748.62
2014-05-23,2809.86
2014-05-22,2754.31
2014-05-21,2679.81
2014-05-20,2634.12
2014-05-19,2541.67
2014-05-16,2396.38
2014-05-15,2364.7
2014-05-14,2383.18
2014-05-13,2354.42
2014-05-12,2322.34
2014-05-09,2320.19
2014-05-08,2312.32
2014-05-07,2317.39
2014-05-06,2326.64
2014-05-05,2319.36
2014-05-02,2318.2
2014-04-30,2289.13
2014-04-29,2322.65
2014-04-28,2331.16
2014-04-25,2314.4
2014-04-23,2323.07
2014-04-22,2312.07
2014-04-21,2304.86
2014-04-17,2267.12
2014-04-16,2226.79
2014-04-15,2251.78
2014-04-11,2260.12
2014-04-10,2248.61
2014-04-09,2241.71
2014-04-07,2197.62
2014-04-04,2189.58
2014-04-03,2166.27
2014-04-02,2172.45
2014-04-01,2151.14
2014-03-31,2136.17
2014-03-28,2107.79
2014-03-27,2079.64
2014-03-26,2056.41
2014-03-25,2058.21
2014-03-24,2057.96
2014-03-22,2061.32
2014-03-21,2050.14
2014-03-20,2033.6
2014-03-19,2030.01
2014-03-18,2017.6
2014-03-14,1998.32
2014-03-13,2007.76
2014-03-12,2011.82
2014-03-11,2004.37
2014-03-10,1999.5
2014-03-07,1984.41
2014-03-06,1990.98
2014-03-05,1964.66
2014-03-04,1950.47
2014-03-03,1937.1
2014-02-28,1942.79
2014-02-26,1934.45
2014-02-25,1930.5
2014-02-24,1928.94
2014-02-21,1918.59
2014-02-20,1903.13
2014-02-19,1906.0
2014-02-18,1898.22
2014-02-17,1889.34
2014-02-14,1890.36
2014-02-13,1891.23
2014-02-12,1916.98
2014-02-11,1912.91
2014-02-10,1907.95
2014-02-07,1902.11
2014-02-06,1900.62
2014-02-05,1894.51
2014-02-04,1868.52
2014-02-03,1862.52
2014-01-31,1869.64
2014-01-30,1842.74
2014-01-29,1876.65
2014-01-28,1881.66
2014-01-27,1870.81
2014-01-24,1924.93
2014-01-23,1952.04
2014-01-22,1948.72
2014-01-21,1938.51
2014-01-20,1930.86
2014-01-17,1919.4
2014-01-16,1945.05
2014-01-15,1951.19
2014-01-14,1946.96
2014-01-13,1948.16
2014-01-10,1945.4
2014-01-09,1964.79
2014-01-08,1987.62
2014-01-07,1974.71
2014-01-06,1969.92
2014-01-03,1947.08
2014-01-02,1938.57
2014-01-01,1972.17
2013-12-31,1941.86
2013-12-30,1930.81
2013-12-27,1923.43
2013-12-26,1919.2
2013-12-24,1891.57
2013-12-23,1880.69
2013-12-20,1857.46
2013-12-19,1836.96
2013-12-18,1836.12
2013-12-17,1810.77
2013-12-16,1805.37
2013-12-13,1797.46
2013-12-12,1812.6
2013-12-11,1815.46
2013-12-10,1820.81
2013-12-09,1830.93
2013-12-06,1828.96
2013-12-05,1823.55
2013-12-04,1823.19
2013-12-03,1820.61
2013-12-02,1809.98
2013-11-29,1788.76
2013-11-28,1772.7
2013-11-27,1755.13
2013-11-26,1758.27
2013-11-25,1767.01
2013-11-22,1752.21
2013-11-21,1751.36
2013-11-20,1763.99
2013-11-19,1751.22
2013-11-18,1742.06
2013-11-14,1729.04
2013-11-13,1716.68
2013-11-12,1729.57
2013-11-11,1739.44
2013-11-08,1749.5
2013-11-07,1754.19
2013-11-06,1767.07
2013-11-05,1749.01
2013-11-03,1731.35
2013-11-01,1701.34
2013-10-31,1686.91
2013-10-30,1682.77
2013-10-29,1666.4
2013-10-28,1657.33
2013-10-25,1670.86
2013-10-24,1678.69
2013-10-23,1681.9
2013-10-22,1683.63
2013-10-21,1669.77
2013-10-18,1657.16
2013-10-17,1647.55
2013-10-15,1645.52
2013-10-14,1655.74
2013-10-11,1643.47
2013-10-10,1635.31
2013-10-09,1621.92
2013-10-08,1608.46
2013-10-07,1596.34
2013-10-04,1588.11
2013-10-03,1583.82
2013-10-01,1570.56
2013-09-30,1563.03
2013-09-27,1571.79
2013-09-26,1568.35
2013-09-25,1563.29
2013-09-24,1571.81
2013-09-23,1572.82
2013-09-20,1576.3
2013-09-19,1585.33
2013-09-18,1570.43
2013-09-17,1569.68
2013-09-16,1564.82
2013-09-13,1571.08
2013-09-12,1563.47
2013-09-11,1559.28
2013-09-10,1544.58
2013-09-06,1522.35
2013-09-05,1512.73
2013-09-04,1492.88
2013-09-03,1479.56
2013-09-02,1496.39
2013-08-30,1481.21
2013-08-29,1474.04
2013-08-28,1464.81
2013-08-27,1485.19
2013-08-26,1515.33
2013-08-23,1504.37
2013-08-22,1490.28
2013-08-21,1483.45
2013-08-20,1497.14
2013-08-19,1497.29
2013-08-16,1517.89
2013-08-14,1553.35
2013-08-13,1552.08
2013-08-12,1530.41
2013-08-08,1498.47
2013-08-07,1475.88
2013-08-06,1457.73
2013-08-05,1481.62
2013-08-02,1469.98
2013-08-01,1496.37
2013-07-31,1515.83
2013-07-30,1533.03
2013-07-29,1563.17
2013-07-26,1576.48
2013-07-25,1590.37
2013-07-24,1604.27
2013-07-23,1631.0
2013-07-22,1633.44
2013-07-19,1638.49
2013-07-18,1643.01
2013-07-17,1638.36
2013-07-16,1645.02
2013-07-15,1656.25
2013-07-12,1647.47
2013-07-11,1646.99
2013-07-10,1638.38
2013-07-09,1638.23
2013-07-08,1628.26
2013-07-05,1630.8
2013-07-04,1626.85
2013-07-03,1623.15
2013-07-02,1640.92
2013-07-01,1640.86
2013-06-28,1612.62
2013-06-27,1587.85
2013-06-26,1586.3
2013-06-25,1597.14
2013-06-24,1606.54
2013-06-21,1643.94
2013-06-20,1645.51
2013-06-19,1670.65
2013-06-18,1667.86
2013-06-17,1660.56
2013-06-14,1651.89
2013-06-13,1635.69
2013-06-12,1657.09
2013-06-11,1665.55
2013-06-10,1697.15
2013-06-07,1705.92
2013-06-06,1706.98
2013-06-05,1710.13
2013-06-04,1708.51
2013-06-03,1705.81
2013-05-31,1703.53
2013-05-30,1728.48
2013-05-29,1731.1
2013-05-28,1730.33
2013-05-27,1717.34
2013-05-24,1701.96
2013-05-23,1697.75
2013-05-22,1734.74
2013-05-21,1757.44
2013-05-20,1760.7
2013-05-17,1760.98
2013-05-16,1763.45
2013-05-15,1758.44
2013-05-14,1742.16
2013-05-13,1746.11
2013-05-11,1767.34
2013-05-10,1759.96
2013-05-09,1752.75
2013-05-08,1750.31
2013-05-07,1742.43
2013-05-06,1734.23
2013-05-03,1723.67
2013-05-02,1728.96
2013-04-30,1715.68
2013-04-29,1716.96
2013-04-26,1710.6
2013-04-25,1719.61
2013-04-23,1715.55
2013-04-22,1716.12
2013-04-18,1704.4
2013-04-17,1693.84
2013-04-16,1690.31
2013-04-15,1679.53
2013-04-12,1676.53
2013-04-11,1678.28
2013-04-10,1671.07
2013-04-09,1674.75
2013-04-08,1689.32
2013-04-05,1691.46
2013-04-04,1692.83
2013-04-03,1723.44
2013-04-02,1726.07
2013-04-01,1693.09
2013-03-28,1652.16
2013-03-26,1632.66
2013-03-25,1633.75
2013-03-22,1639.43
2013-03-21,1664.35
2013-03-20,1686.11
2013-03-19,1723.55
2013-03-18,1749.04
2013-03-15,1755.41
2013-03-14,1766.7
2013-03-13,1766.52
2013-03-12,1787.36
2013-03-11,1794.87
2013-03-08,1786.25
2013-03-07,1774.19
2013-03-06,1766.1
2013-03-05,1743.71
2013-03-04,1723.98
2013-03-01,1755.24
2013-02-28,1755.73
2013-02-27,1789.65
2013-02-26,1790.55
2013-02-25,1842.68
2013-02-22,1871.67
2013-02-21,1867.04
2013-02-20,1898.53
2013-02-19,1890.65
2013-02-18,1869.81
2013-02-15,1854.55
2013-02-14,1865.84
2013-02-13,1900.87
2013-02-12,1910.36
2013-02-11,1925.81
2013-02-08,1931.79
2013-02-07,1943.18
2013-02-06,1963.28
2013-02-05,1954.4
2013-02-04,1973.03
2013-02-01,1989.03
2013-01-31,1990.01
2013-01-30,1993.34
2013-01-29,2004.19
2013-01-28,2017.14
2013-01-25,2013.74
2013-01-24,1987.22
2013-01-23,2032.97
2013-01-22,2045.4
2013-01-21,2060.34
2013-01-18,2061.61
2013-01-17,2066.44
2013-01-16,2065.77
2013-01-15,2095.62
2013-01-14,2094.61
2013-01-11,2081.48
2013-01-10,2114.87
2013-01-09,2123.51
2013-01-08,2125.67
2013-01-07,2128.04
2013-01-04,2113.92
2013-01-03,2107.43
2013-01-02,2086.66
2013-01-01,2068.69
2012-12-31,2048.09
2012-12-28,2036.79
2012-12-27,2031.51
2012-12-26,2044.91
2012-12-24,2037.02
2012-12-21,2026.53
2012-12-20,2051.19
2012-12-19,2057.32
2012-12-18,2048.94
2012-12-17,2028.09
2012-12-14,2016.06
2012-12-13,2013.61
2012-12-12,2032.54
2012-12-11,2027.23
2012-12-10,2043.59
2012-12-07,2040.11
2012-12-06,2044.91
2012-12-05,2034.62
2012-12-04,2023.78
2012-12-03,2015.29
2012-11-30,2001.26
2012-11-29,1990.86
2012-11-27,1980.35
2012-11-26,1964.97
2012-11-23,1944.78
2012-11-22,1946.92
2012-11-21,1938.75
2012-11-20,1934.28
2012-11-19,1954.73
2012-11-16,1972.75
2012-11-15,1990.27
2012-11-13,1993.76
2012-11-12,1968.2
2012-11-09,1963.2
2012-11-08,1975.24
2012-11-07,1973.03
2012-11-06,1958.93
2012-11-05,1950.02
2012-11-02,1951.36
2012-11-01,1946.99
2012-10-31,1929.89
2012-10-30,1930.67
2012-10-29,1946.99
2012-10-26,1955.66
2012-10-25,1978.41
2012-10-23,1986.28
2012-10-22,1990.89
2012-10-19,1978.52
2012-10-18,1988.35
2012-10-17,1969.91
2012-10-16,1976.28
2012-10-15,1986.27
2012-10-12,1976.14
2012-10-11,1974.13
2012-10-10,1960.04
2012-10-09,1987.8
2012-10-08,1975.9
2012-10-05,1977.82
2012-10-04,1996.9
2012-10-03,1985.33
2012-10-01,1966.38
2012-09-28,1936.01
2012-09-27,1913.24
2012-09-26,1910.49
2012-09-25,1891.75
2012-09-24,1877.87
2012-09-21,1855.75
2012-09-20,1829.88
2012-09-18,1834.94
2012-09-17,1824.66
2012-09-14,1817.6
2012-09-13,1813.66
2012-09-12,1817.67
2012-09-11,1804.18
2012-09-10,1791.19
2012-09-08,1779.16
2012-09-07,1771.04
2012-09-06,1753.56
2012-09-05,1743.0
2012-09-04,1749.99
2012-09-03,1742.43
2012-08-31,1737.25
2012-08-30,1734.15
2012-08-29,1725.49
2012-08-28,1741.81
2012-08-27,1769.84
2012-08-24,1783.76
2012-08-23,1791.72
2012-08-22,1787.68
2012-08-21,1784.94
2012-08-17,1777.14
2012-08-16,1774.34
2012-08-14,1771.68
2012-08-13,1766.63
2012-08-10,1763.03
2012-08-09,1772.36
2012-08-08,1780.27
2012-08-07,1783.82
2012-08-06,1773.1
2012-08-03,1761.7
2012-08-02,1762.8
2012-08-01,1751.82
2012-07-31,1733.43
2012-07-30,1724.59
2012-07-27,1713.17
2012-07-26,1729.54
2012-07-25,1764.77
2012-07-24,1775.35
2012-07-23,1770.95
2012-07-20,1790.56
2012-07-19,1795.77
2012-07-18,1789.57
2012-07-17,1785.89
2012-07-16,1794.7
2012-07-13,1806.77
2012-07-12,1804.93
2012-07-11,1813.69
2012-07-10,1813.21
2012-07-09,1798.54
2012-07-06,1808.05
2012-07-05,1809.81
2012-07-04,1784.65
2012-07-03,1762.23
2012-07-02,1750.72
2012-06-29,1730.12
2012-06-28,1703.99
2012-06-27,1702.67
2012-06-26,1697.37
2012-06-25,1698.6
2012-06-22,1695.15
2012-06-21,1691.92
2012-06-20,1682.3
2012-06-19,1668.72
2012-06-18,1666.27
2012-06-15,1681.67
2012-06-14,1671.84
2012-06-13,1682.89
2012-06-12,1681.65
2012-06-11,1677.39
2012-06-08,1671.01
2012-06-07,1671.74
2012-06-06,1665.66
2012-06-05,1639.21
2012-06-04,1638.02
2012-06-01,1645.89
2012-05-31,1666.6
2012-05-30,1673.78
2012-05-29,1689.66
2012-05-28,1684.67
2012-05-25,1671.6
2012-05-24,1657.49
2012-05-23,1646.08
2012-05-22,1654.04
2012-05-21,1660.9
2012-05-18,1649.25
2012-05-17,1655.97
2012-05-16,1647.43
2012-05-15,1663.74
2012-05-14,1658.94
2012-05-11,1671.6
2012-05-10,1681.65
2012-05-09,1683.69
2012-05-08,1700.97
2012-05-07,1714.41
2012-05-04,1712.01
2012-05-03,1745.46
2012-05-02,1756.41
2012-04-30,1755.68
2012-04-28,1748.32
2012-04-27,1743.51
2012-04-26,1748.58
2012-04-25,1751.96
2012-04-24,1764.02
2012-04-23,1761.66
2012-04-20,1783.66
2012-04-19,1788.38
2012-04-18,1785.46
2012-04-17,1776.17
2012-04-16,1767.18
2012-04-13,1755.74
2012-04-12,1765.47
2012-04-11,1749.02
2012-04-10,1757.96
2012-04-09,1759.54
2012-04-04,1774.12
2012-04-03,1770.91
2012-04-02,1751.56
2012-03-30,1722.12
2012-03-29,1685.4
2012-03-28,1675.73
2012-03-27,1693.1
2012-03-26,1699.9
2012-03-23,1722.34
2012-03-22,1715.92
2012-03-21,1743.85
2012-03-20,1724.92
2012-03-19,1729.55
2012-03-16,1743.13
2012-03-15,1757.83
2012-03-14,1772.43
2012-03-13,1775.91
2012-03-12,1754.41
2012-03-09,1742.51
2012-03-07,1722.47
2012-03-06,1736.22
2012-03-05,1755.1
2012-03-03,1772.54
2012-03-02,1766.87
2012-03-01,1769.58
2012-02-29,1776.3
2012-02-28,1768.61
2012-02-27,1722.35
2012-02-24,1776.73
2012-02-23,1790.46
2012-02-22,1810.28
2012-02-21,1864.82
2012-02-17,1843.72
2012-02-16,1848.69
2012-02-15,1833.03
2012-02-14,1804.13
2012-02-13,1788.88
2012-02-10,1781.53
2012-02-09,1779.12
2012-02-08,1757.93
2012-02-07,1737.43
2012-02-06,1747.8
2012-02-03,1719.2
2012-02-02,1694.6
2012-02-01,1689.61
2012-01-31,1659.92
2012-01-30,1640.97
2012-01-27,1661.79
2012-01-25,1642.01
2012-01-24,1624.03
2012-01-23,1620.92
2012-01-20,1613.88
2012-01-19,1609.93
2012-01-18,1592.0
2012-01-17,1605.52
2012-01-16,1584.13
2012-01-13,1577.95
2012-01-12,1558.4
2012-01-11,1558.6
2012-01-10,1540.45
2012-01-09,1497.76
2012-01-07,1475.42
2012-01-06,1460.38
2012-01-05,1461.34
2012-01-04,1459.46
2012-01-03,1458.36
2012-01-02,1423.44
2011-12-30,1422.29
2011-12-29,1419.07
2011-12-28,1427.11
2011-12-27,1441.8
2011-12-26,1447.32
2011-12-23,1433.58
2011-12-22,1417.55
2011-12-21,1410.49
2011-12-20,1398.98
2011-12-19,1425.43
2011-12-16,1466.39
2011-12-15,1485.09
2011-12-14,1512.61
2011-12-13,1525.9
2011-12-12,1539.43
2011-12-09,1563.71
2011-12-08,1577.48
2011-12-07,1602.55
2011-12-05,1596.76
2011-12-02,1594.77
2011-12-01,1577.62
2011-11-30,1570.25
2011-11-29,1580.08
2011-11-28,1580.22
2011-11-25,1553.21
2011-11-24,1542.27
2011-11-23,1539.86
2011-11-22,1563.88
2011-11-21,1564.97
2011-11-18,1588.66
2011-11-17,1619.28
2011-11-16,1634.88
2011-11-15,1659.55
2011-11-14,1710.32
2011-11-11,1743.4
2011-11-09,1767.73
2011-11-08,1784.29
2011-11-04,1784.92
2011-11-03,1774.45
2011-11-02,1771.72
2011-11-01,1772.76
2011-10-31,1780.83
2011-10-28,1780.97
2011-10-26,1766.46
2011-10-25,1737.77
2011-10-24,1742.55
2011-10-21,1749.71
2011-10-20,1758.01
2011-10-19,1762.51
2011-10-18,1750.72
2011-10-17,1765.09
2011-10-14,1759.95
2011-10-13,1753.92
2011-10-12,1753.24
2011-10-11,1731.82
2011-10-10,1722.47
2011-10-07,1708.03
2011-10-05,1684.16
2011-10-04,1698.33
2011-10-03,1719.88
2011-09-30,1747.2
2011-09-29,1763.27
2011-09-28,1768.1
2011-09-27,1788.15
2011-09-26,1760.23
2011-09-23,1791.33
2011-09-22,1810.85
2011-09-21,1867.59
2011-09-20,1853.8
2011-09-19,1831.53
2011-09-16,1828.79
2011-09-15,1828.84
2011-09-14,1819.37
2011-09-13,1812.72
2011-09-12,1808.28
2011-09-09,1844.52
2011-09-08,1858.46
2011-09-07,1839.24
2011-09-06,1805.57
2011-09-05,1790.16
2011-09-02,1785.48
2011-08-30,1783.47
2011-08-29,1753.63
2011-08-26,1707.04
2011-08-25,1753.6
2011-08-24,1763.63
2011-08-23,1774.51
2011-08-22,1753.41
2011-08-19,1737.78
2011-08-18,1778.01
2011-08-17,1820.96
2011-08-16,1846.22
2011-08-12,1879.85
2011-08-11,1890.29
2011-08-10,1889.33
2011-08-09,1841.96
2011-08-08,1870.42
2011-08-05,1915.32
2011-08-04,1981.96
2011-08-03,1994.24
2011-08-02,2008.51
2011-08-01,2038.38
2011-07-29,2043.35
2011-07-28,2053.49
2011-07-27,2069.3
2011-07-26,2069.1
2011-07-25,2089.36
2011-07-22,2079.18
2011-07-21,2065.09
2011-07-20,2069.38
2011-07-19,2075.36
2011-07-18,2062.57
2011-07-15,2052.86
2011-07-14,2052.4
2011-07-13,2044.24
2011-07-12,2022.32
2011-07-11,2040.99
2011-07-08,2048.52
2011-07-07,2067.39
2011-07-06,2042.66
2011-07-05,2034.18
2011-07-04,2029.88
2011-07-01,2009.18
2011-06-30,1996.79
2011-06-29,1987.14
2011-06-28,1970.27
2011-06-27,1962.05
2011-06-24,1945.9
2011-06-23,1910.44
2011-06-22,1916.22
2011-06-21,1932.0
2011-06-20,1939.35
2011-06-17,2004.66
2011-06-16,2028.39
2011-06-15,2038.66
2011-06-14,2053.7
2011-06-13,2049.65
2011-06-10,2049.82
2011-06-09,2061.43
2011-06-08,2061.4
2011-06-07,2061.12
2011-06-06,2046.44
2011-06-03,2045.48
2011-06-02,2046.29
2011-06-01,2065.21
2011-05-31,2050.63
2011-05-30,2033.37
2011-05-27,2022.85
2011-05-26,2007.52
2011-05-25,1998.81
2011-05-24,2013.21
2011-05-23,2011.19
2011-05-20,2042.82
2011-05-19,2033.2
2011-05-18,2046.22
2011-05-17,2060.82
2011-05-16,2073.26
2011-05-13,2085.55
2011-05-12,2077.3
2011-05-11,2100.02
2011-05-10,2090.42
2011-05-09,2081.16
2011-05-06,2078.27
2011-05-05,2070.01
2011-05-04,2098.49
2011-05-03,2102.18
2011-05-02,2146.95
2011-04-29,2175.03
2011-04-28,2209.51
2011-04-27,2222.36
2011-04-26,2221.15
2011-04-25,2224.85
2011-04-21,2228.24
2011-04-20,2232.04
2011-04-19,2198.89
2011-04-18,2199.78
2011-04-15,2224.46
2011-04-13,2231.02
2011-04-11,2200.81
2011-04-08,2217.32
2011-04-07,2251.23
2011-04-06,2220.87
2011-04-05,2198.88
2011-04-04,2157.22
2011-04-01,2094.07
2011-03-31,2053.65
2011-03-30,2048.42
2011-03-29,2002.96
2011-03-28,2002.8
2011-03-25,2001.52
2011-03-24,1976.94
2011-03-23,1961.52
2011-03-22,1948.68
2011-03-21,1934.6
2011-03-18,1947.34
2011-03-17,1963.36
2011-03-16,1976.49
2011-03-15,1956.42
2011-03-14,1991.49
2011-03-11,1984.75
2011-03-10,2007.03
2011-03-09,2011.09
2011-03-08,2000.21
2011-03-07,1983.0
2011-03-04,2009.66
2011-03-03,2012.27
2011-03-01,2002.09
2011-02-28,1958.88
2011-02-25,1947.62
2011-02-24,1956.51
2011-02-23,2012.16
2011-02-22,2021.46
2011-02-21,2032.09
2011-02-18,2033.58
2011-02-17,2080.49
2011-02-16,2050.69
2011-02-15,2028.67
2011-02-14,2014.34
2011-02-11,1933.07
2011-02-10,1872.73
2011-02-09,1887.92
2011-02-08,1971.2
2011-02-07,2034.38
2011-02-04,2054.45
2011-02-03,2088.85
2011-02-02,2065.35
2011-02-01,2058.98
2011-01-31,2087.17
2011-01-28,2102.83
2011-01-27,2185.61
2011-01-25,2213.78
2011-01-24,2220.11
2011-01-21,2206.07
2011-01-20,2198.51
2011-01-19,2193.59
2011-01-18,2191.57
2011-01-17,2186.69
2011-01-14,2218.37
2011-01-13,2244.88
2011-01-12,2256.72
2011-01-11,2229.91
2011-01-10,2250.52
2011-01-07,2326.53
2011-01-06,2390.36
2011-01-05,2413.42
2011-01-04,2441.14
2011-01-03,2445.74
2010-12-31,2399.76
2010-12-30,2371.8
2010-12-29,2365.49
2010-12-28,2337.11
2010-12-27,2334.14
2010-12-24,2324.28
2010-12-23,2316.41
2010-12-22,2323.01
2010-12-21,2316.43
2010-12-20,2295.73
2010-12-16,2284.6
2010-12-15,2278.71
2010-12-14,2316.91
2010-12-13,2288.21
2010-12-10,2251.28
2010-12-09,2201.39
2010-12-08,2335.04
2010-12-07,2405.17
2010-12-06,2445.98
2010-12-03,2467.94
2010-12-02,2545.77
2010-12-01,2522.42
2010-11-30,2450.71
2010-11-29,2405.0
2010-11-26,2405.55
2010-11-25,2533.14
2010-11-24,2570.1
2010-11-23,2596.93
2010-11-22,2648.17
2010-11-19,2612.99
2010-11-18,2665.94
2010-11-16,2694.19
2010-11-15,2767.99
2010-11-12,2769.26
2010-11-11,2823.19
2010-11-10,2831.07
2010-11-09,2809.34
2010-11-08,2783.65
2010-11-05,2793.61
2010-11-04,2747.29
2010-11-03,2726.51
2010-11-02,2704.57
2010-11-01,2700.42
2010-10-29,2679.12
2010-10-28,2720.01
2010-10-27,2740.19
2010-10-26,2748.7
2010-10-25,2740.21
2010-10-22,2711.58
2010-10-21,2709.96
2010-10-20,2686.49
2010-10-19,2695.32
2010-10-18,2685.15
2010-10-15,2681.8
2010-10-14,2698.87
2010-10-13,2711.84
2010-10-12,2675.88
2010-10-11,2677.09
2010-10-08,2639.13
2010-10-07,2649.91
2010-10-06,2674.04
2010-10-05,2654.14
2010-10-04,2629.63
2010-10-01,2617.83
2010-09-30,2585.28
2010-09-29,2577.49
2010-09-28,2584.95
2010-09-27,2587.15
2010-09-24,2587.02
2010-09-23,2559.57
2010-09-22,2562.13
2010-09-21,2573.5
2010-09-20,2598.94
2010-09-17,2575.15
2010-09-16,2550.99
2010-09-15,2560.06
2010-09-14,2560.5
2010-09-13,2580.56
2010-09-09,2574.2
2010-09-08,2562.53
2010-09-07,2557.94
2010-09-06,2533.42
2010-09-03,2494.18
2010-09-02,2476.36
2010-09-01,2448.75
2010-08-31,2409.45
2010-08-30,2431.82
2010-08-27,2430.13
2010-08-26,2463.44
2010-08-25,2459.05
2010-08-24,2498.46
2010-08-23,2503.53
2010-08-20,2481.16
2010-08-19,2471.8
2010-08-18,2450.88
2010-08-17,2432.54
2010-08-16,2425.67
2010-08-13,2435.84
2010-08-12,2423.75
2010-08-11,2429.03
2010-08-10,2447.52
2010-08-09,2453.54
2010-08-06,2422.76
2010-08-05,2412.09
2010-08-04,2403.24
2010-08-03,2388.77
2010-08-02,2382.92
2010-07-30,2361.45
2010-07-29,2359.61
2010-07-28,2361.72
2010-07-27,2364.46
2010-07-26,2361.73
2010-07-23,2381.66
2010-07-22,2396.69
2010-07-21,2389.14
2010-07-20,2376.51
2010-07-19,2375.92
2010-07-16,2371.78
2010-07-15,2365.42
2010-07-14,2362.48
2010-07-13,2370.21
2010-07-12,2353.5
2010-07-09,2339.04
2010-07-08,2328.9
2010-07-07,2311.34
2010-07-06,2317.7
2010-07-05,2304.66
2010-07-02,2294.96
2010-07-01,2293.51
2010-06-30,2292.62
2010-06-29,2281.95
2010-06-28,2298.91
2010-06-25,2270.58
2010-06-24,2285.74
2010-06-23,2281.06
2010-06-22,2260.98
2010-06-21,2262.31
2010-06-18,2235.27
2010-06-17,2254.69
2010-06-16,2242.34
2010-06-15,2228.51
2010-06-14,2212.21
2010-06-11,2189.43
2010-06-10,2172.47
2010-06-09,2148.4
2010-06-08,2140.81
2010-06-07,2151.5
2010-06-04,2186.69
2010-06-03,2178.73
2010-06-02,2153.67
2010-06-01,2137.41
2010-05-31,2154.03
2010-05-28,2139.92
2010-05-27,2114.32
2010-05-26,2102.79
2010-05-25,2069.64
2010-05-24,2144.86
2010-05-21,2133.47
2010-05-20,2162.1
2010-05-19,2173.68
2010-05-18,2230.38
2010-05-17,2212.01
2010-05-14,2226.66
2010-05-13,2258.0
2010-05-12,2233.31
2010-05-11,2241.49
2010-05-10,2260.91
2010-05-07,2201.84
2010-05-06,2270.75
2010-05-05,2268.32
2010-05-04,2279.01
2010-05-03,2323.98
2010-04-30,2337.48
2010-04-29,2332.72
2010-04-28,2299.35
2010-04-27,2353.03
2010-04-26,2354.58
2010-04-23,2340.33
2010-04-22,2331.81
2010-04-21,2321.9
2010-04-20,2288.54
2010-04-19,2247.53
2010-04-16,2280.85
2010-04-15,2283.16
2010-04-13,2299.42
2010-04-12,2305.28
2010-04-09,2298.81
2010-04-08,2274.1
2010-04-07,2285.91
2010-04-06,2266.81
2010-04-05,2251.2
2010-04-01,2203.81
2010-03-31,2147.28
2010-03-30,2134.74
2010-03-29,2121.11
2010-03-26,2132.71
2010-03-25,2132.08
2010-03-23,2136.26
2010-03-22,2126.41
2010-03-19,2144.75
2010-03-18,2135.06
2010-03-17,2133.97
2010-03-16,2141.02
2010-03-15,2113.85
2010-03-12,2127.66
2010-03-11,2134.05
2010-03-10,2147.09
2010-03-09,2153.77
2010-03-08,2170.94
2010-03-05,2155.97
2010-03-04,2137.67
2010-03-03,2111.88
2010-03-02,2086.12
2010-02-26,2043.41
2010-02-25,2013.63
2010-02-24,2019.75
2010-02-23,2035.34
2010-02-22,2059.01
2010-02-19,2079.4
2010-02-18,2112.69
2010-02-17,2120.94
2010-02-16,2101.95
2010-02-15,2098.56
2010-02-11,2110.42
2010-02-10,2094.93
2010-02-09,2088.73
2010-02-08,2081.52
2010-02-06,2082.05
2010-02-05,2054.79
2010-02-04,2127.03
2010-02-03,2159.75
2010-02-02,2129.86
2010-02-01,2141.11
2010-01-29,2081.68
2010-01-28,2062.12
2010-01-27,2069.24
2010-01-25,2183.26
2010-01-22,2202.57
2010-01-21,2238.34
2010-01-20,2304.68
2010-01-19,2298.5
2010-01-18,2307.25
2010-01-15,2294.89
2010-01-14,2287.18
2010-01-13,2263.37
2010-01-12,2242.7
2010-01-11,2260.04
2010-01-08,2223.71
2010-01-07,2209.69
2010-01-06,2197.05
2010-01-05,2183.54
2010-01-04,2161.91
2009-12-31,2119.63
2009-12-30,2100.06
2009-12-29,2077.76
2009-12-24,2054.73
2009-12-23,2045.56
2009-12-22,2011.75
2009-12-21,1991.03
2009-12-18,1990.13
2009-12-17,1999.89
2009-12-16,1984.87
2009-12-15,1977.0
2009-12-14,2007.19
2009-12-11,2015.98
2009-12-10,2030.91
2009-12-09,2017.54
2009-12-08,2013.03
2009-12-07,1987.0
2009-12-04,1994.78
2009-12-03,1989.76
2009-12-02,1970.51
2009-12-01,1960.85
2009-11-30,1919.28
2009-11-27,1879.02
2009-11-26,1920.75
2009-11-25,1942.58
2009-11-24,1948.66
2009-11-23,1944.03
2009-11-20,1930.82
2009-11-19,1916.92
2009-11-18,1933.98
2009-11-17,1914.59
2009-11-16,1911.18
2009-11-13,1893.83
2009-11-12,1885.18
2009-11-11,1894.09
2009-11-10,1869.19
2009-11-09,1871.3
2009-11-06,1827.27
2009-11-05,1780.0
2009-11-04,1748.05
2009-11-03,1716.22
2009-10-30,1798.93
2009-10-29,1811.31
2009-10-28,1841.22
2009-10-27,1853.27
2009-10-26,1936.58
2009-10-23,1967.76
2009-10-22,1959.03
2009-10-21,1994.91
2009-10-20,1991.27
2009-10-17,1991.9
2009-10-16,1963.72
2009-10-15,1951.66
2009-10-14,1942.92
2009-10-12,1915.13
2009-10-09,1893.92
2009-10-08,1897.21
2009-10-07,1895.31
2009-10-06,1888.3
2009-10-05,1896.69
2009-10-01,1942.83
2009-09-30,1936.89
2009-09-29,1914.37
2009-09-25,1898.08
2009-09-24,1879.46
2009-09-23,1865.6
2009-09-22,1890.05
2009-09-18,1869.63
2009-09-17,1856.73
2009-09-16,1859.13
2009-09-15,1840.32
2009-09-14,1809.83
2009-09-11,1803.88
2009-09-10,1812.94
2009-09-09,1824.45
2009-09-08,1823.84
2009-09-07,1831.18
2009-09-04,1771.04
2009-09-03,1753.64
2009-09-02,1751.25
2009-09-01,1761.81
2009-08-31,1784.15
2009-08-28,1777.7
2009-08-27,1767.16
2009-08-26,1759.18
2009-08-25,1725.81
2009-08-24,1694.49
2009-08-21,1648.12
2009-08-20,1622.45
2009-08-19,1606.64
2009-08-18,1609.09
2009-08-17,1579.04
2009-08-14,1622.06
2009-08-13,1615.57
2009-08-12,1547.39
2009-08-11,1544.14
2009-08-10,1542.75
2009-08-07,1572.32
2009-08-06,1603.02
2009-08-05,1618.75
2009-08-04,1602.34
2009-08-03,1596.49
2009-07-31,1570.4
2009-07-30,1571.52
2009-07-29,1565.8
2009-07-28,1591.29
2009-07-27,1574.2
2009-07-24,1551.72
2009-07-23,1523.39
2009-07-22,1499.3
2009-07-21,1509.69
2009-07-20,1503.1
2009-07-17,1468.81
2009-07-16,1432.75
2009-07-15,1426.71
2009-07-14,1361.85
2009-07-13,1304.91
2009-07-10,1353.07
2009-07-09,1373.01
2009-07-08,1378.76
2009-07-07,1427.9
2009-07-06,1432.7
2009-07-03,1495.94
2009-07-02,1489.1
2009-07-01,1471.77
2009-06-30,1476.56
2009-06-29,1521.82
2009-06-26,1499.59
2009-06-25,1473.94
2009-06-24,1472.46
2009-06-23,1436.89
2009-06-22,1439.34
2009-06-19,1444.46
2009-06-18,1439.9
2009-06-17,1495.3
2009-06-16,1541.72
2009-06-15,1508.82
2009-06-12,1549.53
2009-06-11,1587.97
2009-06-10,1613.77
2009-06-09,1613.14
2009-06-08,1599.11
2009-06-05,1677.75
2009-06-04,1683.65
2009-06-03,1638.17
2009-06-02,1610.26
2009-06-01,1592.26
2009-05-29,1531.07
2009-05-28,1481.99
2009-05-27,1472.2
2009-05-26,1421.09
2009-05-25,1457.21
2009-05-22,1381.62
2009-05-21,1339.74
2009-05-20,1297.64
2009-05-19,1191.49
2009-05-18,1148.83
2009-05-15,1081.58
2009-05-14,1072.82
2009-05-13,1064.24
2009-05-12,1063.05
2009-05-11,1051.01
2009-05-08,1069.41
2009-05-07,1065.07
2009-05-06,1039.55
2009-05-05,1043.7
2009-05-04,1031.2
2009-04-29,1003.89
2009-04-28,996.73
2009-04-27,1033.52
2009-04-24,1044.02
2009-04-23,1026.25
2009-04-22,1018.42
2009-04-21,1023.9
2009-04-20,1022.79
2009-04-17,1007.76
2009-04-16,1006.34
2009-04-15,1055.49
2009-04-13,1002.66
2009-04-09,955.49
2009-04-08,937.42
2009-04-06,895.16
2009-04-02,865.95
2009-04-01,834.79
2009-03-31,806.54
2009-03-30,792.47
2009-03-27,805.63
2009-03-26,791.67
2009-03-25,783.0
2009-03-24,779.02
2009-03-23,786.38
2009-03-20,771.08
2009-03-19,768.14
2009-03-18,758.72
2009-03-17,744.05
2009-03-16,741.46
2009-03-13,725.99
2009-03-12,712.94
2009-03-09,711.54
2009-03-06,723.63
2009-03-05,732.15
2009-03-04,748.45
2009-03-03,753.31
2009-03-02,761.09
2009-02-27,776.05
2009-02-26,779.95
2009-02-25,786.15
2009-02-24,781.98
2009-02-20,789.87
2009-02-19,806.3
2009-02-18,810.25
2009-02-17,817.39
2009-02-16,840.82
2009-02-13,860.19
2009-02-12,853.5
2009-02-11,844.28
2009-02-10,840.15
2009-02-09,834.15
2009-02-06,821.83
2009-02-05,815.71
2009-02-04,824.3
2009-02-03,825.0
2009-02-02,830.93
2009-01-30,842.23
2009-01-29,835.12
2009-01-28,837.62
2009-01-27,828.57
2009-01-23,831.84
2009-01-22,843.09
2009-01-21,862.92
2009-01-20,880.23
2009-01-19,881.78
2009-01-16,873.99
2009-01-15,875.67
2009-01-14,898.09
2009-01-13,891.62
2009-01-12,906.41
2009-01-09,923.87
2009-01-07,958.17
2009-01-06,1032.0
2009-01-05,1032.35
2009-01-02,1011.38
2009-01-01,991.5
2008-12-31,956.4
2008-12-30,947.44
2008-12-29,931.54
2008-12-26,926.9
2008-12-24,941.89
2008-12-23,956.33
2008-12-22,987.64
2008-12-19,988.56
2008-12-18,978.57
2008-12-17,968.84
2008-12-16,992.67
2008-12-15,957.83
2008-12-12,913.78
2008-12-11,891.14
2008-12-10,876.95
2008-12-08,863.22
2008-12-05,856.25
2008-12-04,858.44
2008-12-03,840.46
2008-12-02,836.73
2008-12-01,849.71
2008-11-28,852.02
2008-11-26,856.77
2008-11-25,861.65
2008-11-24,872.35
2008-11-21,881.67
2008-11-20,880.78
2008-11-19,912.02
2008-11-18,930.02
2008-11-17,957.59
2008-11-14,986.04
2008-11-12,1006.12
2008-11-11,1026.93
2008-11-10,1056.53
2008-11-07,1034.49
2008-11-06,1028.09
2008-11-05,1052.22
2008-11-04,1073.4
2008-11-03,1039.67
2008-10-31,996.21
2008-10-29,973.7
2008-10-28,973.52
2008-10-27,912.5
2008-10-24,981.39
2008-10-23,1064.52
2008-10-22,1102.86
2008-10-21,1127.29
2008-10-20,1101.32
2008-10-17,1122.22
2008-10-16,1158.74
2008-10-15,1191.55
2008-10-14,1261.45
2008-10-13,1230.49
2008-10-10,1182.87
2008-10-08,1281.2
2008-10-07,1361.85
2008-10-06,1399.82
2008-10-03,1511.41
2008-10-01,1554.09
2008-09-30,1544.89
2008-09-29,1550.22
2008-09-26,1648.14
2008-09-25,1704.52
2008-09-24,1726.4
2008-09-23,1725.22
2008-09-22,1758.82
2008-09-19,1763.62
2008-09-18,1712.84
2008-09-17,1755.17
2008-09-16,1786.37
2008-09-15,1813.74
2008-09-12,1912.15
2008-09-11,1937.61
2008-09-10,1966.11
2008-09-09,1979.25
2008-09-08,1982.78
2008-09-05,1969.24
2008-09-04,1987.19
2008-09-02,1987.97
2008-09-01,1966.01
2008-08-29,1967.17
2008-08-28,1937.68
2008-08-27,1951.95
2008-08-26,1961.88
2008-08-25,1968.34
2008-08-22,1970.19
2008-08-21,1971.41
2008-08-20,2002.05
2008-08-19,1978.16
2008-08-18,1993.1
2008-08-14,2014.21
2008-08-13,2046.27
2008-08-12,2045.64
2008-08-11,2063.92
2008-08-08,2033.54
2008-08-07,2039.12
2008-08-06,2035.02
2008-08-05,2057.58
2008-08-04,2036.64
2008-08-01,1998.29
2008-07-31,1973.17
2008-07-30,1971.62
2008-07-29,1948.67
2008-07-28,1975.13
2008-07-25,1946.59
2008-07-24,1954.21
2008-07-23,1952.43
2008-07-22,1868.58
2008-07-21,1844.76
2008-07-18,1850.81
2008-07-17,1830.11
2008-07-16,1819.73
2008-07-15,1852.57
2008-07-14,1912.37
2008-07-11,1930.11
2008-07-10,1956.77
2008-07-09,1951.22
2008-07-08,1894.55
2008-07-07,1908.46
2008-07-04,1866.75
2008-07-03,1838.91
2008-07-02,1891.48
2008-07-01,1860.91
2008-06-30,1958.79
2008-06-27,2024.14
2008-06-26,2078.1
2008-06-25,2049.67
2008-06-24,2044.4
2008-06-23,2076.46
2008-06-20,2159.17
2008-06-19,2230.56
2008-06-18,2274.69
2008-06-17,2278.82
2008-06-16,2251.21
2008-06-13,2227.03
2008-06-12,2209.4
2008-06-11,2191.87
2008-06-10,2158.91
2008-06-09,2181.59
2008-06-06,2268.45
2008-06-05,2273.94
2008-06-04,2271.57
2008-06-03,2318.27
2008-06-02,2352.42
2008-05-30,2399.76
2008-05-29,2412.79
2008-05-28,2415.1
2008-05-27,2404.71
2008-05-26,2433.12
2008-05-23,2495.79
2008-05-22,2534.07
2008-05-21,2573.04
2008-05-20,2547.57
2008-05-16,2535.21
2008-05-15,2510.13
2008-05-14,2475.42
2008-05-13,2472.65
2008-05-12,2474.05
2008-05-09,2515.51
2008-05-08,2562.92
2008-05-07,2576.46
2008-05-06,2574.46
2008-05-05,2598.17
2008-05-02,2582.35
2008-04-30,2567.58
2008-04-29,2564.85
2008-04-28,2548.07
2008-04-25,2546.83
2008-04-24,2550.84
2008-04-23,2551.88
2008-04-22,2555.44
2008-04-21,2542.13
2008-04-17,2476.61
2008-04-16,2423.77
2008-04-15,2394.09
2008-04-11,2352.24
2008-04-10,2338.09
2008-04-09,2309.06
2008-04-08,2285.89
2008-04-07,2276.98
2008-04-04,2266.68
2008-04-03,2298.91
2008-04-02,2309.01
2008-04-01,2293.06
2008-03-31,2288.99
2008-03-28,2297.51
2008-03-27,2180.9
2008-03-26,2156.34
2008-03-25,2122.16
2008-03-24,2032.68
2008-03-19,2115.08
2008-03-18,2145.17
2008-03-17,2188.28
2008-03-14,2342.67
2008-03-13,2353.6
2008-03-12,2499.38
2008-03-11,2510.85
2008-03-10,2410.06
2008-03-07,2460.67
2008-03-05,2592.0
2008-03-04,2649.69
2008-03-03,2737.38
2008-02-29,2861.38
2008-02-28,2872.36
2008-02-27,2871.33
2008-02-26,2843.71
2008-02-25,2807.16
2008-02-22,2815.93
2008-02-21,2841.06
2008-02-20,2819.85
2008-02-19,2865.37
2008-02-18,2833.66
2008-02-15,2788.06
2008-02-14,2718.47
2008-02-13,2601.35
2008-02-12,2653.78
2008-02-11,2743.87
2008-02-08,2889.02
2008-02-07,2963.03
2008-02-06,3022.2
2008-02-05,3034.91
2008-02-04,2997.92
2008-02-01,2910.52
2008-01-31,2916.54
2008-01-30,2916.45
2008-01-29,2975.74
2008-01-28,2953.57
2008-01-25,2995.7
2008-01-24,2892.7
2008-01-23,2995.32
2008-01-22,2878.5
2008-01-21,3137.29
2008-01-18,3498.91
2008-01-17,3640.8
2008-01-16,3569.71
2008-01-15,3640.04
2008-01-14,3655.56
2008-01-11,3602.61
2008-01-10,3652.11
2008-01-09,3793.98
2008-01-08,3835.18
2008-01-07,3962.68
2008-01-04,3938.2
2008-01-03,3939.22
2008-01-02,3938.5
2008-01-01,3887.01
2007-12-31,3803.46
2007-12-28,3690.35
2007-12-27,3598.56
2007-12-26,3522.12
2007-12-24,3408.56
2007-12-20,3366.21
2007-12-19,3389.67
2007-12-18,3361.54
2007-12-17,3385.75
2007-12-14,3490.44
2007-12-13,3453.42
2007-12-12,3417.73
2007-12-11,3349.41
2007-12-10,3311.2
2007-12-07,3269.65
2007-12-06,3274.01
2007-12-05,3254.44
2007-12-04,3175.15
2007-12-03,3104.23
2007-11-30,3011.72
2007-11-29,2968.69
2007-11-28,2946.65
2007-11-27,2938.28
2007-11-26,2925.76
2007-11-23,2878.13
2007-11-22,2845.79
2007-11-21,2911.06
2007-11-20,3028.29
2007-11-19,3018.5
2007-11-16,2936.24
2007-11-15,2905.07
2007-11-14,2875.93
2007-11-13,2823.3
2007-11-12,2762.28
2007-11-09,2805.59
2007-11-08,2765.71
2007-11-07,2796.31
2007-11-06,2830.09
2007-11-05,2840.94
2007-11-02,2787.13
2007-11-01,2741.88
2007-10-31,2764.08
2007-10-30,2707.24
2007-10-29,2703.76
2007-10-26,2638.81
2007-10-25,2592.66
2007-10-24,2554.19
2007-10-23,2523.84
2007-10-22,2439.32
2007-10-19,2443.76
2007-10-18,2522.61
2007-10-17,2561.97
2007-10-16,2594.5
2007-10-15,2567.84
2007-10-12,2493.92
2007-10-11,2503.02
2007-10-10,2478.3
2007-10-09,2465.23
2007-10-08,2421.12
2007-10-05,2507.92
2007-10-04,2522.1
2007-10-03,2518.0
2007-10-01,2534.74
2007-09-28,2515.0
2007-09-27,2495.96
2007-09-26,2502.9
2007-09-25,2484.52
2007-09-24,2489.1
2007-09-21,2465.99
2007-09-20,2461.21
2007-09-19,2459.17
2007-09-18,2430.86
2007-09-17,2387.16
2007-09-14,2366.77
2007-09-13,2379.61
2007-09-12,2365.79
2007-09-11,2354.41
2007-09-10,2348.09
2007-09-07,2314.46
2007-09-06,2304.81
2007-09-05,2269.16
2007-09-04,2268.31
2007-09-03,2252.33
2007-08-31,2209.57
2007-08-30,2173.22
2007-08-29,2153.6
2007-08-28,2137.62
2007-08-27,2110.56
2007-08-24,2050.91
2007-08-23,2019.86
2007-08-22,2044.4
2007-08-21,2046.49
2007-08-20,2131.35
2007-08-17,2096.32
2007-08-16,2134.11
2007-08-14,2195.63
2007-08-13,2184.84
2007-08-10,2160.54
2007-08-09,2166.39
2007-08-08,2186.72
2007-08-07,2153.18
2007-08-06,2128.35
2007-08-03,2136.23
2007-08-02,2101.47
2007-08-01,2080.85
2007-07-31,2171.63
2007-07-30,2133.61
2007-07-27,2123.77
2007-07-26,2183.7
2007-07-25,2147.63
2007-07-24,2156.75
2007-07-23,2172.6
2007-07-20,2168.82
2007-07-19,2189.54
2007-07-18,2177.19
2007-07-17,2187.23
2007-07-16,2202.91
2007-07-13,2185.19
2007-07-12,2180.57
2007-07-11,2147.56
2007-07-10,2121.7
2007-07-09,2130.87
2007-07-06,2101.69
2007-07-05,2073.94
2007-07-04,2084.99
2007-07-03,2089.01
2007-07-02,2069.93
2007-06-29,2050.31
2007-06-28,2029.12
2007-06-27,2007.25
2007-06-26,2002.71
2007-06-25,1988.72
2007-06-22,1976.41
2007-06-21,1970.44
2007-06-20,1949.65
2007-06-19,1929.23
2007-06-18,1921.45
2007-06-15,1925.17
2007-06-14,1912.02
2007-06-13,1893.49
2007-06-12,1893.03
2007-06-11,1908.6
2007-06-08,1918.64
2007-06-07,1939.17
2007-06-06,1928.95
2007-06-05,1959.99
2007-06-04,1948.03
2007-06-01,1953.3
2007-05-31,1940.58
2007-05-30,1929.45
2007-05-29,1942.74
2007-05-28,1923.33
2007-05-25,1900.37
2007-05-24,1886.65
2007-05-23,1890.1
2007-05-22,1903.19
2007-05-21,1910.67
2007-05-18,1882.65
2007-05-17,1881.96
2007-05-16,1882.02
2007-05-15,1848.48
2007-05-14,1842.63
2007-05-11,1817.76
2007-05-10,1807.87
2007-05-09,1795.84
2007-05-08,1799.36
2007-05-07,1819.94
2007-05-04,1823.99
2007-05-03,1822.57
2007-04-30,1800.66
2007-04-27,1781.67
2007-04-26,1800.54
2007-04-25,1816.98
2007-04-24,1799.76
2007-04-23,1795.81
2007-04-20,1797.29
2007-04-19,1778.13
2007-04-18,1784.32
2007-04-17,1781.26
2007-04-16,1789.57
2007-04-13,1758.12
2007-04-12,1741.31
2007-04-11,1744.79
2007-04-10,1733.8
2007-04-09,1710.51
2007-04-05,1669.55
2007-04-04,1649.6
2007-04-03,1633.06
2007-04-02,1628.05
2007-03-30,1667.57
2007-03-29,1646.31
2007-03-28,1632.09
2007-03-26,1667.14
2007-03-23,1681.22
2007-03-22,1675.45
2007-03-21,1659.05
2007-03-20,1652.55
2007-03-19,1642.92
2007-03-16,1624.4
2007-03-15,1640.55
2007-03-14,1627.78
2007-03-13,1654.36
2007-03-12,1619.9
2007-03-09,1603.74
2007-03-08,1599.36
2007-03-07,1564.94
2007-03-06,1611.98
2007-03-05,1624.23
2007-03-02,1718.1
2007-03-01,1726.66
2007-02-28,1718.76
2007-02-27,1776.47
2007-02-26,1767.11
2007-02-23,1779.63
2007-02-22,1851.6
2007-02-21,1860.39
2007-02-20,1860.56
2007-02-19,1883.01
2007-02-15,1880.87
2007-02-14,1818.8
2007-02-13,1827.69
2007-02-12,1835.9
2007-02-09,1929.01
2007-02-08,1972.46
2007-02-07,1985.93
2007-02-06,1972.01
2007-02-05,1966.16
2007-02-02,1943.86
2007-02-01,1941.72
2007-01-31,1935.85
2007-01-29,1954.97
2007-01-25,1955.37
2007-01-24,1951.05
2007-01-23,1947.03
2007-01-22,1960.05
2007-01-19,1957.55
2007-01-18,1955.81
2007-01-17,1950.14
2007-01-16,1936.71
2007-01-15,1939.68
2007-01-12,1909.89
2007-01-11,1893.54
2007-01-10,1862.74
2007-01-09,1877.4
2007-01-08,1883.13
2007-01-05,1862.01
2007-01-04,1850.82
2007-01-03,1837.26
2007-01-02,1813.81
2006-12-29,1778.55
2006-12-28,1767.97
2006-12-27,1757.89
2006-12-26,1750.77
2006-12-22,1722.22
2006-12-21,1706.74
2006-12-20,1680.86
2006-12-19,1684.27
2006-12-18,1703.04
2006-12-15,1690.86
2006-12-14,1669.95
2006-12-13,1620.05
2006-12-12,1591.1
2006-12-11,1656.45
2006-12-08,1708.5
2006-12-07,1715.74
2006-12-06,1701.26
2006-12-05,1719.63
2006-12-04,1715.4
2006-12-01,1708.1
2006-11-30,1689.33
2006-11-29,1685.22
2006-11-28,1661.32
2006-11-27,1670.04
2006-11-24,1658.78
2006-11-23,1645.81
2006-11-22,1646.39
2006-11-21,1631.15
2006-11-20,1599.86
2006-11-17,1615.23
2006-11-16,1649.0
2006-11-15,1653.46
2006-11-14,1660.79
2006-11-13,1675.65
2006-11-10,1663.23
2006-11-09,1652.55
2006-11-08,1637.78
2006-11-07,1656.32
2006-11-06,1657.05
2006-11-03,1631.58
2006-11-02,1631.66
2006-11-01,1627.14
2006-10-31,1615.05
2006-10-30,1633.21
2006-10-27,1637.14
2006-10-26,1631.87
2006-10-23,1617.91
2006-10-21,1625.75
2006-10-20,1601.46
2006-10-19,1594.54
2006-10-18,1599.01
2006-10-17,1592.53
2006-10-16,1606.34
2006-10-13,1613.9
2006-10-12,1607.52
2006-10-11,1588.23
2006-10-10,1611.19
2006-10-09,1603.0
2006-10-06,1586.54
2006-10-05,1566.83
2006-10-04,1541.12
2006-10-03,1549.38
2006-09-29,1542.81
2006-09-28,1525.25
2006-09-27,1515.03
2006-09-26,1512.97
2006-09-25,1513.67
2006-09-22,1515.34
2006-09-21,1521.92
2006-09-20,1510.12
2006-09-19,1506.91
2006-09-18,1518.97
2006-09-15,1509.94
2006-09-14,1511.47
2006-09-13,1505.85
2006-09-12,1478.85
2006-09-11,1473.83
2006-09-08,1523.66
2006-09-07,1506.78
2006-09-06,1505.64
2006-09-05,1491.38
2006-09-04,1483.46
2006-09-01,1465.15
2006-08-31,1459.55
2006-08-30,1476.27
2006-08-29,1485.51
2006-08-28,1489.87
2006-08-25,1479.07
2006-08-24,1463.21
2006-08-23,1457.96
2006-08-22,1471.79
2006-08-21,1466.28
2006-08-18,1458.17
2006-08-17,1451.49
2006-08-16,1465.72
2006-08-14,1439.24
2006-08-11,1411.78
2006-08-10,1381.08
2006-08-09,1342.9
2006-08-08,1320.51
2006-08-07,1300.54
2006-08-04,1300.74
2006-08-03,1304.6
2006-08-02,1288.8
2006-08-01,1273.14
2006-07-31,1277.76
2006-07-28,1267.73
2006-07-27,1259.08
2006-07-26,1241.07
2006-07-25,1213.54
2006-07-24,1192.05
2006-07-21,1203.39
2006-07-20,1236.3
2006-07-19,1228.12
2006-07-18,1266.62
2006-07-17,1295.93
2006-07-14,1321.41
2006-07-13,1327.8
2006-07-12,1321.05
2006-07-11,1316.33
2006-07-10,1311.21
2006-07-07,1316.88
2006-07-06,1334.09
2006-07-05,1343.37
2006-07-04,1342.2
2006-07-03,1348.76
2006-06-30,1341.25
2006-06-29,1305.7
2006-06-28,1300.07
2006-06-27,1318.24
2006-06-26,1354.62
2006-06-25,1423.47
2006-06-23,1400.2
2006-06-22,1386.79
2006-06-21,1341.93
2006-06-20,1292.0
2006-06-19,1262.14
2006-06-16,1232.06
2006-06-15,1179.05
2006-06-14,1138.42
2006-06-13,1183.33
2006-06-12,1259.96
2006-06-09,1287.91
2006-06-08,1240.78
2006-06-07,1347.56
2006-06-06,1446.65
2006-06-05,1504.1
2006-06-02,1531.05
2006-06-01,1579.76
2006-05-31,1637.93
2006-05-30,1713.71
2006-05-29,1706.97
2006-05-26,1698.4
2006-05-25,1651.41
2006-05-24,1674.78
2006-05-23,1683.11
2006-05-22,1654.15
2006-05-19,1780.46
2006-05-18,1864.61
2006-05-17,1986.38
2006-05-16,1912.42
2006-05-15,1944.64
2006-05-12,2004.81
2006-05-11,2013.91
2006-05-10,2040.09
2006-05-09,2014.16
2006-05-08,1994.81
2006-05-05,1978.21
2006-05-04,1978.53
2006-05-03,1972.91
2006-05-02,1967.53
2006-04-29,1950.01
2006-04-28,1897.43
2006-04-27,1920.82
2006-04-26,1906.95
2006-04-25,1872.22
2006-04-24,1873.6
2006-04-21,1843.33
2006-04-20,1844.1
2006-04-19,1834.55
2006-04-18,1830.04
2006-04-17,1805.39
2006-04-13,1776.46
2006-04-12,1820.98
2006-04-10,1846.99
2006-04-07,1821.63
2006-04-05,1845.41
2006-04-04,1820.03
2006-04-03,1813.21
2006-03-31,1753.37
2006-03-30,1725.93
2006-03-29,1691.17
2006-03-28,1654.09
2006-03-27,1669.63
2006-03-24,1648.35
2006-03-23,1639.45
2006-03-22,1626.18
2006-03-21,1640.16
2006-03-20,1647.96
2006-03-17,1640.61
2006-03-16,1655.23
2006-03-14,1651.51
2006-03-13,1664.38
2006-03-10,1668.58
2006-03-09,1650.79
2006-03-08,1642.4
2006-03-07,1665.97
2006-03-06,1645.35
2006-03-03,1624.49
2006-03-02,1623.86
2006-03-01,1621.8
2006-02-28,1586.9
2006-02-27,1597.34
2006-02-24,1604.48
2006-02-23,1607.62
2006-02-22,1619.79
2006-02-21,1630.21
2006-02-20,1612.0
2006-02-17,1623.31
2006-02-16,1655.65
2006-02-15,1640.31
2006-02-14,1644.13
2006-02-13,1650.42
2006-02-10,1631.75
2006-02-08,1616.32
2006-02-07,1622.02
2006-02-06,1632.71
2006-02-03,1619.78
2006-02-02,1620.62
2006-02-01,1626.93
2006-01-31,1663.52
2006-01-30,1661.97
2006-01-27,1690.82
2006-01-25,1694.92
2006-01-24,1705.47
2006-01-23,1689.99
2006-01-20,1679.77
2006-01-19,1666.66
2006-01-18,1627.55
2006-01-17,1646.88
2006-01-16,1648.33
2006-01-13,1665.19
2006-01-12,1649.65
2006-01-10,1634.02
2006-01-09,1655.16
2006-01-06,1652.35
2006-01-05,1623.78
2006-01-04,1623.46
2006-01-03,1612.96
2006-01-02,1572.47
2005-12-30,1548.5
2005-12-29,1536.27
2005-12-28,1514.65
2005-12-27,1508.8
2005-12-26,1482.07
2005-12-23,1515.55
2005-12-22,1527.7
2005-12-21,1520.43
2005-12-20,1521.04
2005-12-19,1528.13
2005-12-16,1526.89
2005-12-15,1519.4
2005-12-14,1526.42
2005-12-13,1527.61
2005-12-12,1531.31
2005-12-09,1525.3
2005-12-08,1506.92
2005-12-07,1495.8
2005-12-06,1485.83
2005-12-05,1473.88
2005-12-02,1477.67
2005-12-01,1474.6
2005-11-30,1469.54
2005-11-29,1477.59
2005-11-28,1490.98
2005-11-26,1484.54
2005-11-25,1477.11
2005-11-24,1469.03
2005-11-23,1455.27
2005-11-22,1443.82
2005-11-21,1454.38
2005-11-18,1470.26
2005-11-17,1470.08
2005-11-16,1467.57
2005-11-14,1447.13
2005-11-11,1445.96
2005-11-10,1419.05
2005-11-09,1401.35
2005-11-08,1403.64
2005-11-07,1380.21
2005-11-02,1347.34
2005-11-01,1343.74
2005-10-31,1309.42
2005-10-28,1275.76
2005-10-27,1313.67
2005-10-26,1333.71
2005-10-25,1333.03
2005-10-24,1332.69
2005-10-21,1323.75
2005-10-20,1311.73
2005-10-19,1358.48
2005-10-18,1419.62
2005-10-17,1422.17
2005-10-14,1450.96
2005-10-13,1497.65
2005-10-11,1509.79
2005-10-10,1527.35
2005-10-07,1543.24
2005-10-06,1551.87
2005-10-05,1577.67
2005-10-04,1585.3
2005-10-03,1564.34
2005-09-30,1534.72
2005-09-29,1569.32
2005-09-28,1606.62
2005-09-27,1603.86
2005-09-26,1594.76
2005-09-23,1526.53
2005-09-22,1537.31
2005-09-21,1656.25
2005-09-20,1713.24
2005-09-19,1745.32
2005-09-16,1731.54
2005-09-15,1711.49
2005-09-14,1682.46
2005-09-13,1686.59
2005-09-12,1673.56
2005-09-09,1657.52
2005-09-08,1674.73
2005-09-06,1666.13
2005-09-05,1662.88
2005-09-02,1654.1
2005-09-01,1659.62
2005-08-31,1636.38
2005-08-30,1600.54
2005-08-29,1575.6
2005-08-26,1524.44
2005-08-25,1521.76
2005-08-24,1483.36
2005-08-23,1504.27
2005-08-22,1549.42
2005-08-19,1546.42
2005-08-18,1522.27
2005-08-17,1527.31
2005-08-16,1497.5
2005-08-12,1469.74
2005-08-11,1458.05
2005-08-10,1429.45
2005-08-09,1385.44
2005-08-08,1375.87
2005-08-05,1384.72
2005-08-04,1358.35
2005-08-03,1343.6
2005-08-02,1351.41
2005-08-01,1330.43
2005-07-29,1329.2
2005-07-27,1341.16
2005-07-26,1345.75
2005-07-25,1362.37
2005-07-22,1362.04
2005-07-21,1338.03
2005-07-20,1337.29
2005-07-19,1327.48
2005-07-18,1319.78
2005-07-15,1292.49
2005-07-14,1268.03
2005-07-13,1257.97
2005-07-12,1245.21
2005-07-11,1244.55
2005-07-08,1222.16
2005-07-07,1198.35
2005-07-06,1210.36
2005-07-05,1192.64
2005-07-04,1203.04
2005-07-01,1187.78
2005-06-30,1174.37
2005-06-29,1168.98
2005-06-28,1156.28
2005-06-27,1182.0
2005-06-24,1187.98
2005-06-23,1173.16
2005-06-22,1164.77
2005-06-21,1168.3
2005-06-20,1157.4
2005-06-17,1177.6
2005-06-16,1201.3
2005-06-15,1227.64
2005-06-14,1225.54
2005-06-13,1215.77
2005-06-10,1209.17
2005-06-09,1213.31
2005-06-08,1214.17
2005-06-07,1213.36
2005-06-06,1210.83
2005-06-04,1207.8
2005-06-03,1187.82
2005-06-02,1165.52
2005-06-01,1170.59
2005-05-31,1162.55
2005-05-30,1147.36
2005-05-27,1161.98
2005-05-26,1169.72
2005-05-25,1180.44
2005-05-24,1179.41
2005-05-23,1186.04
2005-05-20,1156.12
2005-05-19,1146.41
2005-05-18,1120.61
2005-05-17,1112.91
2005-05-16,1127.55
2005-05-13,1106.77
2005-05-12,1084.69
2005-05-11,1059.28
2005-05-10,1050.68
2005-05-09,1043.3
2005-05-06,1024.9
2005-05-05,1021.71
2005-05-04,1010.99
2005-05-03,992.77
2005-05-02,991.25
2005-04-29,1002.7
2005-04-28,1024.5
2005-04-27,1025.61
2005-04-26,1029.77
2005-04-25,1025.37
2005-04-22,1014.34
2005-04-21,999.42
2005-04-20,977.57
2005-04-19,973.34
2005-04-18,979.44
2005-04-15,984.89
2005-04-13,1014.89
2005-04-12,1013.54
2005-04-11,1004.43
2005-04-08,1014.17
2005-04-07,1025.26
2005-04-06,1020.76
2005-04-05,998.76
2005-04-04,1006.21
2005-04-01,1000.0
