Date,NIFTY_TOTAL_MARKET
2024-07-26,16990.39
2024-07-25,16719.53
2024-07-24,16721.07
2024-07-23,16665.19
2024-07-22,16716.83
2024-07-19,16648.79
2024-07-18,16910.58
2024-07-16,16912.62
2024-07-15,16913.8
2024-07-12,16833.17
2024-07-11,16771.08
2024-07-10,16745.53
2024-07-09,16813.99
2024-07-08,16743.84
2024-07-05,16757.59
2024-07-04,16698.36
2024-07-03,16652.22
2024-07-02,16525.77
2024-07-01,16559.64
2024-06-28,16427.8
2024-06-27,16406.83
2024-06-26,16342.0
2024-06-25,16292.38
2024-06-24,16234.69
2024-06-21,16195.92
2024-06-20,16242.56
2024-06-19,16175.29
2024-06-18,16250.5
2024-06-14,16163.47
2024-06-13,16056.93
2024-06-12,15973.44
2024-06-11,15889.6
2024-06-10,15847.79
2024-06-07,15809.37
2024-06-06,15516.58
2024-06-05,15282.66
2024-06-04,14754.36
2024-06-03,15820.7
2024-05-31,15323.82
2024-05-30,15263.57
2024-05-29,15424.64
2024-05-28,15515.14
2024-05-27,15594.58
2024-05-24,15592.69
2024-05-23,15598.61
2024-05-22,15422.66
2024-05-21,15381.46
2024-05-18,15352.08
2024-05-17,15292.46
2024-05-16,15191.55
2024-05-15,15054.74
2024-05-14,15008.0
2024-05-13,14876.0
2024-05-10,14848.01
2024-05-09,14742.84
2024-05-08,15008.41
2024-05-07,14956.28
2024-05-06,15122.65
2024-05-03,15196.04
2024-05-02,15286.01
2024-04-30,15224.08
2024-04-29,15220.08
2024-04-26,15110.15
2024-04-25,15131.3
2024-04-24,15032.54
2024-04-23,14974.42
2024-04-22,14915.17
2024-04-19,14772.32
2024-04-18,14730.5
2024-04-16,14799.17
2024-04-15,14832.83
2024-04-12,15028.22
2024-04-10,15151.58
2024-04-09,15064.18
2024-04-08,15084.43
2024-04-05,15013.6
2024-04-04,14976.0
2024-04-03,14931.99
2024-04-02,14899.01
2024-04-01,14836.52
2024-03-28,14654.18
2024-03-27,14535.5
2024-03-26,14474.63
2024-03-22,14471.04
2024-03-21,14395.72
2024-03-20,14198.99
2024-03-19,14184.91
2024-03-18,14353.64
2024-03-15,14339.67
2024-03-14,14398.74
2024-03-13,14191.15
2024-03-12,14588.77
2024-03-11,14683.8
2024-03-07,14798.58
2024-03-06,14757.97
2024-03-05,14773.03
2024-03-04,14811.53
2024-03-02,14808.97
2024-03-01,14754.37
2024-02-29,14569.88
2024-02-28,14514.69
2024-02-27,14717.51
2024-02-26,14694.81
2024-02-23,14734.85
2024-02-22,14710.5
2024-02-21,14599.12
2024-02-20,14706.28
2024-02-19,14682.89
2024-02-16,14623.59
2024-02-15,14528.18
2024-02-14,14439.83
2024-02-13,14333.7
2024-02-12,14257.29
2024-02-09,14477.84
2024-02-08,14503.45
2024-02-07,14584.24
2024-02-06,14528.35
2024-02-05,14393.81
2024-02-02,14435.5
2024-02-01,14340.31
2024-01-31,14359.59
2024-01-30,14190.9
2024-01-29,14285.32
2024-01-25,14056.79
2024-01-24,14090.58
2024-01-23,13910.71
2024-01-20,14202.38
2024-01-19,14201.22
2024-01-18,14059.04
2024-01-17,14108.09
2024-01-16,14350.56
2024-01-15,14393.2
2024-01-12,14294.91
2024-01-11,14181.62
2024-01-10,14130.25
2024-01-09,14087.15
2024-01-08,14056.83
2024-01-05,14178.83
2024-01-04,14142.35
2024-01-03,14014.28
2024-01-02,14046.73
2024-01-01,14080.89
2023-12-29,14046.75
2023-12-28,14022.21
2023-12-27,13952.53
2023-12-26,13848.84
2023-12-22,13779.35
2023-12-21,13696.66
2023-12-20,13573.5
2023-12-19,13865.88
2023-12-18,13854.52
2023-12-15,13844.83
2023-12-14,13724.19
2023-12-13,13567.35
2023-12-12,13515.6
2023-12-11,13575.55
2023-12-08,13523.94
2023-12-07,13525.2
2023-12-06,13508.84
2023-12-05,13444.89
2023-12-04,13347.44
2023-12-01,13109.33
2023-11-30,13020.44
2023-11-29,12956.61
2023-11-28,12842.76
2023-11-24,12773.31
2023-11-23,12769.06
2023-11-22,12759.77
2023-11-21,12761.44
2023-11-20,12722.79
2023-11-17,12738.48
2023-11-16,12730.76
2023-11-15,12668.53
2023-11-13,12530.32
2023-11-12,12557.69
2023-11-10,12479.19
2023-11-09,12450.21
2023-11-08,12478.98
2023-11-07,12427.43
2023-11-06,12404.95
2023-11-03,12288.39
2023-11-02,12206.21
2023-11-01,12090.51
2023-10-31,12137.84
2023-10-30,12154.34
2023-10-27,12110.7
2023-10-26,11954.08
2023-10-25,12096.82
2023-10-23,12184.31
2023-10-20,12429.3
2023-10-19,12502.12
2023-10-18,12524.16
2023-10-17,12610.78
2023-10-16,12554.22
2023-10-13,12549.81
2023-10-12,12569.81
2023-10-11,12557.55
2023-10-10,12480.67
2023-10-09,12352.61
2023-10-06,12477.54
2023-10-05,12406.3
2023-10-04,12351.69
2023-10-03,12447.45
2023-09-29,12473.05
2023-09-28,12384.94
2023-09-27,12505.06
2023-09-26,12456.92
2023-09-25,12452.65
2023-09-22,12442.77
2023-09-21,12471.49
2023-09-20,12576.9
2023-09-18,12693.22
2023-09-15,12731.34
2023-09-14,12685.11
2023-09-13,12626.77
2023-09-12,12575.32
2023-09-11,12731.24
2023-09-08,12612.26
2023-09-07,12539.3
2023-09-06,12466.19
2023-09-05,12444.29
2023-09-04,12392.57
2023-09-01,12313.64
2023-08-31,12206.08
2023-08-30,12234.43
2023-08-29,12201.8
2023-08-28,12161.64
2023-08-25,12120.38
2023-08-24,12197.01
2023-08-23,12209.54
2023-08-22,12174.37
2023-08-21,12132.59
2023-08-18,12060.86
2023-08-17,12091.42
2023-08-16,12125.57
2023-08-14,12103.85
2023-08-11,12127.98
2023-08-10,12179.54
2023-08-09,12223.66
2023-08-08,12176.39
2023-08-07,12180.46
2023-08-04,12132.9
2023-08-03,12047.46
2023-08-02,12102.84
2023-08-01,12238.78
2023-07-31,12241.16
2023-07-28,12158.09
2023-07-27,12136.04
2023-07-26,12172.56
2023-07-25,12116.65
2023-07-24,12092.81
2023-07-21,12118.73
2023-07-20,12213.0
2023-07-19,12148.56
2023-07-18,12088.85
2023-07-17,12089.34
2023-07-14,12011.66
2023-07-13,11907.26
2023-07-12,11922.36
2023-07-11,11924.41
2023-07-10,11854.7
2023-07-07,11862.37
2023-07-06,11951.98
2023-07-05,11881.33
2023-07-04,11848.56
2023-07-03,11829.76
2023-06-30,11759.0
2023-06-28,11649.5
2023-06-27,11570.22
2023-06-26,11499.78
2023-06-23,11459.47
2023-06-22,11552.66
2023-06-21,11623.53
2023-06-20,11594.04
2023-06-19,11551.24
2023-06-16,11575.71
2023-06-15,11487.23
2023-06-14,11503.09
2023-06-13,11476.42
2023-06-12,11390.95
2023-06-09,11351.47
2023-06-08,11380.37
2023-06-07,11441.95
2023-06-06,11348.74
2023-06-05,11333.36
2023-06-02,11297.99
2023-06-01,11253.49
2023-05-31,11255.72
2023-05-30,11271.85
2023-05-29,11251.71
2023-05-26,11197.84
2023-05-25,11098.34
2023-05-24,11069.92
2023-05-23,11089.11
2023-05-22,11060.42
2023-05-19,10992.75
2023-05-18,10960.08
2023-05-17,11004.81
2023-05-16,11049.98
2023-05-15,11074.65
2023-05-12,11023.89
2023-05-11,11027.47
2023-05-10,11012.51
2023-05-09,10979.5
2023-05-08,10985.82
2023-05-05,10881.13
2023-05-04,10970.49
2023-05-03,10877.74
2023-05-02,10893.84
2023-04-28,10835.03
2023-04-27,10731.16
2023-04-26,10672.76
2023-04-25,10645.04
2023-04-24,10626.61
2023-04-21,10567.77
2023-04-20,10578.88
2023-04-19,10575.08
2023-04-18,10602.01
2023-04-17,10606.56
2023-04-13,10641.02
2023-04-12,10629.81
2023-04-11,10577.43
2023-04-10,10522.0
2023-04-06,10500.68
2023-04-05,10463.36
2023-04-03,10385.26
2023-03-31,10348.9
2023-03-29,10198.94
2023-03-28,10100.94
2023-03-27,10138.25
2023-03-24,10154.15
2023-03-23,10244.19
2023-03-22,10283.68
2023-03-21,10248.19
2023-03-20,10181.03
2023-03-17,10255.91
2023-03-16,10191.43
2023-03-15,10186.39
2023-03-14,10213.01
2023-03-13,10281.37
2023-03-10,10444.9
2023-03-09,10532.35
2023-03-08,10613.64
2023-03-06,10582.46
2023-03-03,10506.52
2023-03-02,10373.37
2023-03-01,10428.0
2023-02-28,10322.75
2023-02-27,10342.57
2023-02-24,10404.01
2023-02-23,10429.22
2023-02-22,10452.96
2023-02-21,10603.95
2023-02-20,10621.78
2023-02-17,10668.56
2023-02-16,10723.54
2023-02-15,10690.75
2023-02-14,10635.98
2023-02-13,10590.31
2023-02-10,10672.84
2023-02-09,10681.04
2023-02-08,10679.57
2023-02-07,10589.79
2023-02-06,10611.34
2023-02-03,10629.72
2023-02-02,10546.21
2023-02-01,10551.14
2023-01-31,10616.34
2023-01-30,10553.27
2023-01-27,10567.99
2023-01-25,10781.23
2023-01-24,10933.87
2023-01-23,10945.38
2023-01-20,10908.77
2023-01-19,10959.81
2023-01-18,10991.88
2023-01-17,10942.17
2023-01-16,10880.11
2023-01-13,10908.73
2023-01-12,10861.37
2023-01-11,10877.43
2023-01-10,10893.42
2023-01-09,10981.19
2023-01-06,10856.61
2023-01-05,10938.04
2023-01-04,10942.49
2023-01-03,11059.37
2023-01-02,11033.95
2022-12-30,10978.56
2022-12-29,11001.15
2022-12-28,10963.81
2022-12-27,10952.16
2022-12-26,10863.84
2022-12-23,10679.52
2022-12-22,10958.07
2022-12-21,11031.28
2022-12-20,11177.9
2022-12-19,11197.7
2022-12-16,11113.47
2022-12-15,11218.73
2022-12-14,11345.61
2022-12-13,11302.64
2022-12-12,11248.41
2022-12-09,11235.45
2022-12-08,11306.98
2022-12-07,11271.99
2022-12-06,11315.75
2022-12-05,11347.28
2022-12-02,11342.8
2022-12-01,11368.27
2022-11-30,11326.3
2022-11-29,11231.22
2022-11-28,11212.46
2022-11-25,11171.62
2022-11-24,11137.33
2022-11-23,11037.56
2022-11-22,11015.49
2022-11-21,10977.38
2022-11-18,11045.61
2022-11-17,11078.49
2022-11-16,11124.62
2022-11-15,11145.97
2022-11-14,11114.74
2022-11-11,11113.56
2022-11-10,10967.79
2022-11-09,11058.62
2022-11-07,11092.09
2022-11-04,11032.05
2022-11-03,10997.12
2022-11-02,11004.6
2022-11-01,11030.77
2022-10-31,10950.04
2022-10-28,10821.77
2022-10-27,10825.03
2022-10-25,10759.04
2022-10-24,10787.43
2022-10-21,10702.65
2022-10-20,10727.18
2022-10-19,10697.28
2022-10-18,10687.9
2022-10-17,10581.34
2022-10-14,10517.66
2022-10-13,10459.19
2022-10-12,10528.81
2022-10-11,10455.1
2022-10-10,10618.15
2022-10-07,10677.65
2022-10-06,10686.64
2022-10-04,10621.82
2022-10-03,10390.25
2022-09-30,10524.21
2022-09-29,10363.32
2022-09-28,10374.33
2022-09-27,10450.18
2022-09-26,10447.73
2022-09-23,10687.7
2022-09-22,10885.28
2022-09-21,10900.85
2022-09-20,10978.84
2022-09-19,10854.99
2022-09-16,10819.19
2022-09-15,11057.98
2022-09-14,11090.63
2022-09-13,11117.3
2022-09-12,11052.22
2022-09-09,10973.22
2022-09-08,10955.77
2022-09-07,10869.95
2022-09-06,10862.96
2022-09-05,10850.8
2022-09-02,10783.07
2022-09-01,10789.24
2022-08-30,10863.93
2022-08-29,10616.51
2022-08-26,10738.57
2022-08-25,10704.33
2022-08-24,10730.7
2022-08-23,10693.63
2022-08-22,10629.43
2022-08-19,10794.46
2022-08-18,10910.11
2022-08-17,10886.81
2022-08-16,10816.37
2022-08-12,10718.08
2022-08-11,10685.29
2022-08-10,10606.14
2022-08-08,10609.98
2022-08-05,10541.44
2022-08-04,10535.43
2022-08-03,10525.38
2022-08-02,10524.72
2022-08-01,10501.55
2022-07-29,10371.67
2022-07-28,10233.82
2022-07-27,10089.81
2022-07-26,10004.04
2022-07-25,10102.09
2022-07-22,10142.21
2022-07-21,10097.05
2022-07-20,10016.74
2022-07-19,9938.18
2022-07-18,9887.96
2022-07-15,9750.57
2022-07-14,9689.07
2022-07-13,9703.48
2022-07-12,9740.58
2022-07-11,9815.16
2022-07-08,9771.33
2022-07-07,9726.26
2022-07-06,9629.61
2022-07-05,9511.35
2022-07-04,9517.74
2022-07-01,9460.08
2022-06-30,9454.84
2022-06-29,9474.7
2022-06-28,9506.82
2022-06-27,9491.66
2022-06-24,9404.39
2022-06-23,9301.22
2022-06-22,9208.67
2022-06-21,9344.31
2022-06-20,9135.99
2022-06-17,9173.85
2022-06-16,9240.64
2022-06-15,9449.15
2022-06-14,9447.19
2022-06-13,9467.47
2022-06-10,9726.61
2022-06-09,9862.91
2022-06-08,9798.59
2022-06-07,9833.01
2022-06-06,9915.69
2022-06-03,9932.94
2022-06-02,9997.48
2022-06-01,9934.89
2022-05-31,9957.1
2022-05-30,9968.95
2022-05-27,9770.76
2022-05-26,9664.74
2022-05-25,9566.3
2022-05-24,9679.22
2022-05-23,9743.47
2022-05-20,9785.84
2022-05-19,9543.07
2022-05-18,9800.47
2022-05-17,9805.22
2022-05-16,9554.01
2022-05-13,9482.8
2022-05-12,9474.9
2022-05-11,9685.01
2022-05-10,9749.4
2022-05-09,9849.19
2022-05-06,9958.91
2022-05-05,10135.75
2022-05-04,10134.41
2022-05-02,10375.09
2022-04-29,10408.78
2022-04-28,10500.36
2022-04-27,10390.76
2022-04-26,10490.52
2022-04-25,10334.39
2022-04-22,10491.85
2022-04-21,10600.84
2022-04-20,10456.85
2022-04-19,10370.51
2022-04-18,10510.08
2022-04-13,10657.52
2022-04-12,10673.54
2022-04-11,10787.45
2022-04-08,10797.14
2022-04-07,10696.17
2022-04-06,10784.86
2022-04-05,10824.7
2022-04-04,10815.41
2022-04-01,10605.83
2022-03-31,10466.78
2022-03-30,10467.66
2022-03-29,10370.95
2022-03-28,10310.42
2022-03-25,10296.57
2022-03-24,10330.91
2022-03-23,10328.27
2022-03-22,10348.64
2022-03-21,10264.42
2022-03-17,10345.09
2022-03-16,10178.08
2022-03-15,9991.9
2022-03-14,10104.12
2022-03-11,10008.81
2022-03-10,9972.78
2022-03-09,9826.22
2022-03-08,9631.41
2022-03-07,9530.2
2022-03-04,9762.12
2022-03-03,9931.86
2022-03-02,9974.59
2022-02-28,10048.28
2022-02-25,9963.09
2022-02-24,9670.68
2022-02-23,10187.79
2022-02-22,10171.39
2022-02-21,10250.7
2022-02-18,10332.94
2022-02-17,10376.85
2022-02-16,10389.38
2022-02-15,10395.67
2022-02-14,10113.64
2022-02-11,10457.17
2022-02-10,10612.72
2022-02-09,10545.93
2022-02-08,10433.72
2022-02-07,10447.04
2022-02-04,10595.72
2022-02-03,10630.09
2022-02-02,10735.39
2022-02-01,10609.61
2022-01-31,10473.99
2022-01-28,10337.08
2022-01-27,10305.65
2022-01-25,10409.51
2022-01-24,10323.91
2022-01-21,10657.63
2022-01-20,10786.43
2022-01-19,10859.98
2022-01-18,10928.44
2022-01-17,11075.7
2022-01-14,11038.06
2022-01-13,11029.05
2022-01-12,10991.58
2022-01-11,10896.61
2022-01-10,10872.63
2022-01-07,10767.65
2022-01-06,10726.16
2022-01-05,10797.8
2022-01-04,10744.28
2022-01-03,10664.62
2021-12-31,10517.78
2021-12-30,10409.62
2021-12-29,10423.91
2021-12-28,10426.64
2021-12-27,10326.74
2021-12-24,10282.39
2021-12-23,10343.28
2021-12-22,10265.56
2021-12-21,10137.17
2021-12-20,10024.82
2021-12-17,10289.09
2021-12-16,10474.28
2021-12-15,10488.0
2021-12-14,10550.65
2021-12-13,10564.32
2021-12-10,10625.95
2021-12-09,10603.8
2021-12-08,10565.09
2021-12-07,10397.8
2021-12-06,10246.66
2021-12-03,10412.78
2021-12-02,10491.62
2021-12-01,10358.5
2021-11-30,10264.18
2021-11-29,10268.57
2021-11-26,10309.65
2021-11-25,10620.74
2021-11-24,10546.0
2021-11-23,10585.02
2021-11-22,10489.15
2021-11-18,10718.6
2021-11-17,10827.09
2021-11-16,10874.6
2021-11-15,10919.41
2021-11-12,10913.37
2021-11-11,10799.03
2021-11-10,10873.09
2021-11-09,10887.39
2021-11-08,10869.69
2021-11-04,10769.65
2021-11-03,10701.23
2021-11-02,10724.19
2021-11-01,10711.56
2021-10-29,10560.78
2021-10-28,10633.07
2021-10-27,10838.83
2021-10-26,10848.88
2021-10-25,10723.51
2021-10-22,10772.98
2021-10-21,10836.28
2021-10-20,10889.65
2021-10-19,11024.02
2021-10-18,11117.28
2021-10-14,11035.63
2021-10-13,10940.24
2021-10-12,10835.57
2021-10-11,10797.93
2021-10-08,10753.5
2021-10-07,10700.39
2021-10-06,10591.39
2021-10-05,10693.36
2021-10-04,10623.71
2021-10-01,10504.51
2021-09-30,10529.98
2021-09-29,10552.35
2021-09-28,10555.9
2021-09-27,10619.57
2021-09-24,10621.45
2021-09-23,10630.9
2021-09-22,10482.02
2021-09-21,10448.38
2021-09-20,10365.9
2021-09-17,10507.97
2021-09-16,10561.14
2021-09-15,10502.62
2021-09-14,10420.13
2021-09-13,10382.81
2021-09-09,10369.52
2021-09-08,10345.03
2021-09-07,10325.82
2021-09-06,10341.39
2021-09-03,10309.11
2021-09-02,10257.18
2021-09-01,10162.92
2021-08-31,10166.25
2021-08-30,10058.5
2021-08-27,9915.16
2021-08-26,9854.85
2021-08-25,9845.16
2021-08-24,9822.74
2021-08-23,9726.32
2021-08-20,9741.64
2021-08-18,9851.5
2021-08-17,9865.17
2021-08-16,9837.54
2021-08-13,9836.27
2021-08-12,9773.83
2021-08-11,9701.23
2021-08-10,9712.64
2021-08-09,9749.67
2021-08-06,9765.53
2021-08-05,9783.18
2021-08-04,9776.43
2021-08-03,9759.37
2021-08-02,9652.23
2021-07-30,9567.18
2021-07-29,9552.64
2021-07-28,9504.76
2021-07-27,9524.7
2021-07-26,9566.83
2021-07-23,9572.67
2021-07-22,9560.02
2021-07-20,9437.1
2021-07-19,9526.32
2021-07-16,9608.27
2021-07-15,9592.52
2021-07-14,9550.22
2021-07-13,9527.02
2021-07-12,9472.23
2021-07-09,9454.67
2021-07-08,9456.17
2021-07-07,9521.29
2021-07-06,9482.53
2021-07-05,9491.37
2021-07-02,9424.93
2021-07-01,9393.54
2021-06-30,9405.22
2021-06-29,9409.78
2021-06-28,9440.62
2021-06-25,9443.44
2021-06-24,9393.83
2021-06-23,9363.3
2021-06-22,9410.67
2021-06-21,9384.81
2021-06-18,9334.37
2021-06-17,9362.47
2021-06-16,9419.16
2021-06-15,9485.6
2021-06-14,9447.09
2021-06-11,9450.48
2021-06-10,9414.53
2021-06-09,9322.46
2021-06-08,9392.16
2021-06-07,9379.24
2021-06-04,9317.86
2021-06-03,9306.09
2021-06-02,9229.02
2021-06-01,9181.71
2021-05-31,9194.08
2021-05-28,9110.71
2021-05-27,9076.81
2021-05-26,9046.62
2021-05-25,9004.29
2021-05-24,9000.92
2021-05-21,8968.87
2021-05-20,8844.3
2021-05-19,8893.15
2021-05-18,8912.21
2021-05-17,8796.72
2021-05-14,8657.49
2021-05-12,8703.63
2021-05-11,8775.53
2021-05-10,8792.44
2021-05-07,8716.45
2021-05-06,8672.69
2021-05-05,8610.75
2021-05-04,8532.09
2021-05-03,8597.55
2021-04-30,8572.64
2021-04-29,8686.89
2021-04-28,8674.35
2021-04-27,8566.37
2021-04-26,8464.75
2021-04-23,8387.38
2021-04-22,8405.1
2021-04-20,8350.8
2021-04-19,8363.6
2021-04-16,8517.73
2021-04-15,8474.84
2021-04-13,8440.92
2021-04-12,8327.88
2021-04-09,8680.14
2021-04-08,8689.02
2021-04-07,8644.97
2021-04-06,8558.48
2021-04-05,8516.67
2021-04-01,8640.82
2021-03-31,8523.74
2021-03-30,8573.64
2021-03-26,8409.39
2021-03-25,8301.94
2021-03-24,8443.81
2021-03-23,8595.55
2021-03-22,8540.11
2021-03-19,8521.58
2021-03-18,8425.15
2021-03-17,8527.14
2021-03-16,8662.29
2021-03-15,8659.67
2021-03-12,8716.33
2021-03-10,8783.08
2021-03-09,8731.22
2021-03-08,8692.39
2021-03-05,8676.02
2021-03-04,8779.87
2021-03-03,8830.18
2021-03-02,8661.29
2021-03-01,8556.69
2021-02-26,8427.13
2021-02-25,8690.91
2021-02-24,8612.79
2021-02-23,8481.0
2021-02-22,8444.29
2021-02-19,8595.45
2021-02-18,8682.5
2021-02-17,8702.03
2021-02-16,8732.16
2021-02-15,8721.97
2021-02-12,8636.98
2021-02-11,8640.35
2021-02-10,8595.17
2021-02-09,8582.15
2021-02-08,8586.66
2021-02-05,8475.1
2021-02-04,8478.93
2021-02-03,8400.65
2021-02-02,8316.64
2021-02-01,8122.42
2021-01-29,7802.29
2021-01-28,7897.64
2021-01-27,7967.13
2021-01-25,8101.49
2021-01-22,8178.42
2021-01-21,8289.69
2021-01-20,8332.98
2021-01-19,8266.17
2021-01-18,8124.65
2021-01-15,8232.72
2021-01-14,8327.25
2021-01-13,8307.4
2021-01-12,8320.12
2021-01-11,8284.0
2021-01-08,8229.58
2021-01-07,8120.64
2021-01-06,8100.19
2021-01-05,8119.75
2021-01-04,8067.89
2021-01-01,7986.61
2020-12-31,7947.1
2020-12-30,7940.8
2020-12-29,7911.55
2020-12-28,7888.25
2020-12-24,7811.32
2020-12-23,7743.09
2020-12-22,7636.72
2020-12-21,7560.1
2020-12-18,7832.41
2020-12-17,7827.49
2020-12-16,7809.13
2020-12-15,7743.22
2020-12-14,7737.2
2020-12-11,7706.19
2020-12-10,7684.76
2020-12-09,7711.93
2020-12-08,7647.87
2020-12-07,7635.61
2020-12-04,7570.32
2020-12-03,7511.78
2020-12-02,7485.53
2020-12-01,7468.91
2020-11-27,7387.89
2020-11-26,7356.54
2020-11-25,7287.7
2020-11-24,7395.87
2020-11-23,7328.93
2020-11-20,7276.24
2020-11-19,7219.12
2020-11-18,7294.25
2020-11-17,7249.09
2020-11-14,7191.09
2020-11-13,7153.5
2020-11-12,7121.89
2020-11-11,7129.73
2020-11-10,7069.63
2020-11-09,7007.53
2020-11-06,6910.05
2020-11-05,6842.95
2020-11-04,6725.25
2020-11-03,6676.72
2020-11-02,6608.17
2020-10-30,6599.23
2020-10-29,6606.89
2020-10-28,6632.06
2020-10-27,6710.23
2020-10-26,6642.08
2020-10-23,6733.05
2020-10-22,6703.88
2020-10-21,6710.56
2020-10-20,6694.46
2020-10-19,6677.87
2020-10-16,6620.55
2020-10-15,6568.58
2020-10-14,6714.85
2020-10-13,6695.33
2020-10-12,6701.11
2020-10-09,6705.71
2020-10-08,6679.74
2020-10-07,6641.15
2020-10-06,6620.41
2020-10-05,6547.54
2020-10-01,6509.64
2020-09-30,6427.65
2020-09-29,6412.76
2020-09-28,6419.49
2020-09-25,6299.57
2020-09-24,6153.73
2020-09-23,6325.41
2020-09-22,6338.32
2020-09-21,6407.36
2020-09-18,6578.17
2020-09-17,6583.08
2020-09-16,6627.7
2020-09-15,6587.02
2020-09-14,6531.75
2020-09-11,6496.86
2020-09-10,6478.46
2020-09-09,6388.47
2020-09-08,6416.8
2020-09-07,6451.5
2020-09-04,6450.74
2020-09-03,6558.19
2020-09-02,6546.41
2020-09-01,6491.94
2020-08-31,6444.83
2020-08-28,6632.89
2020-08-27,6593.38
2020-08-26,6584.05
2020-08-25,6542.63
2020-08-24,6534.92
2020-08-21,6482.53
2020-08-20,6443.63
2020-08-19,6471.46
2020-08-18,6448.89
2020-08-17,6369.93
2020-08-14,6332.43
2020-08-13,6396.91
2020-08-12,6378.16
2020-08-11,6381.83
2020-08-10,6366.41
2020-08-07,6317.18
2020-08-06,6295.92
2020-08-05,6239.32
2020-08-04,6227.17
2020-08-03,6129.1
2020-07-31,6196.93
2020-07-30,6193.48
2020-07-29,6235.88
2020-07-28,6265.66
2020-07-27,6186.28
2020-07-24,6228.79
2020-07-23,6247.85
2020-07-22,6201.15
2020-07-21,6217.34
2020-07-20,6159.34
2020-07-17,6097.69
2020-07-16,6009.27
2020-07-15,5956.84
2020-07-14,5959.58
2020-07-13,6055.59
2020-07-10,6041.95
2020-07-09,6068.01
2020-07-08,6019.14
2020-07-07,6063.48
2020-07-06,6039.98
2020-07-03,5958.52
2020-07-02,5926.01
2020-07-01,5859.36
2020-06-30,5804.22
2020-06-29,5813.47
2020-06-26,5861.76
2020-06-25,5821.08
2020-06-24,5818.19
2020-06-23,5903.37
2020-06-22,5810.32
2020-06-19,5753.3
2020-06-18,5670.92
2020-06-17,5572.17
2020-06-16,5579.18
2020-06-15,5534.65
2020-06-12,5608.48
2020-06-11,5568.05
2020-06-10,5673.95
2020-06-09,5635.83
2020-06-08,5694.63
2020-06-05,5676.53
2020-06-04,5596.64
2020-06-03,5607.81
2020-06-02,5561.8
2020-06-01,5480.99
2020-05-29,5345.52
2020-05-28,5280.76
2020-05-27,5187.48
2020-05-26,5071.49
2020-05-22,5065.39
2020-05-21,5102.56
2020-05-20,5072.25
2020-05-19,4975.82
2020-05-18,4949.61
2020-05-15,5126.11
2020-05-14,5133.04
2020-05-13,5236.09
2020-05-12,5136.4
2020-05-11,5160.69
2020-05-08,5157.7
2020-05-07,5137.19
2020-05-06,5174.16
2020-05-05,5138.68
2020-05-04,5188.72
2020-04-30,5471.67
2020-04-29,5326.22
2020-04-28,5240.95
2020-04-27,5194.31
2020-04-24,5118.89
2020-04-23,5209.19
2020-04-22,5146.53
2020-04-21,5052.9
2020-04-20,5202.72
2020-04-17,5201.29
2020-04-16,5063.03
2020-04-15,5015.92
2020-04-13,5026.12
2020-04-09,5080.85
2020-04-08,4889.41
2020-04-07,4879.81
2020-04-03,4532.77
2020-04-01,4615.72
2020-03-31,4773.97
2020-03-30,4605.36
2020-03-27,4777.44
2020-03-26,4770.28
2020-03-25,4585.72
2020-03-24,4343.0
2020-03-23,4260.18
2020-03-20,4882.11
2020-03-19,4642.86
2020-03-18,4780.35
2020-03-17,5058.02
2020-03-16,5176.72
2020-03-13,5563.09
2020-03-12,5386.9
2020-03-11,5876.91
2020-03-09,5885.93
2020-03-06,6178.12
2020-03-05,6328.27
2020-03-04,6312.62
2020-03-03,6358.41
2020-03-02,6257.81
2020-02-28,6296.84
2020-02-27,6532.08
2020-02-26,6562.25
2020-02-25,6631.77
2020-02-24,6654.7
2020-02-20,6790.26
2020-02-19,6797.72
2020-02-18,6712.49
2020-02-17,6742.39
2020-02-14,6789.12
2020-02-13,6827.69
2020-02-12,6840.42
2020-02-11,6807.2
2020-02-10,6779.19
2020-02-07,6816.69
2020-02-06,6818.74
2020-02-05,6782.17
2020-02-04,6715.47
2020-02-03,6577.52
2020-02-01,6548.25
2020-01-31,6722.61
2020-01-30,6762.2
2020-01-29,6824.2
2020-01-28,6788.64
2020-01-27,6818.5
2020-01-24,6875.79
2020-01-23,6833.04
2020-01-22,6782.42
2020-01-21,6809.97
2020-01-20,6835.37
2020-01-17,6899.04
2020-01-16,6892.95
2020-01-15,6876.62
2020-01-14,6867.98
2020-01-13,6844.7
2020-01-10,6799.82
2020-01-09,6776.56
2020-01-08,6672.49
2020-01-07,6681.65
2020-01-06,6641.24
2020-01-03,6774.46
2020-01-02,6800.13
2020-01-01,6736.31
2019-12-31,6724.83
2019-12-30,6759.55
2019-12-27,6747.63
2019-12-26,6685.32
2019-12-24,6718.88
2019-12-23,6738.37
2019-12-20,6743.76
2019-12-19,6734.87
2019-12-18,6716.01
2019-12-17,6693.99
2019-12-16,6640.43
2019-12-13,6661.11
2019-12-12,6598.05
2019-12-11,6560.41
2019-12-10,6533.6
2019-12-09,6585.88
2019-12-06,6584.88
2019-12-05,6645.15
2019-12-04,6661.78
2019-12-03,6635.64
2019-12-02,6673.3
2019-11-29,6684.31
2019-11-28,6721.69
2019-11-27,6685.63
2019-11-26,6649.97
2019-11-25,6676.46
2019-11-22,6593.64
2019-11-21,6615.72
2019-11-20,6637.16
2019-11-19,6608.41
2019-11-18,6585.94
2019-11-15,6584.75
2019-11-14,6573.53
2019-11-13,6563.18
2019-11-11,6605.9
2019-11-08,6597.61
2019-11-07,6652.57
2019-11-06,6622.84
2019-11-05,6604.6
2019-11-04,6631.1
2019-11-01,6611.49
2019-10-31,6601.65
2019-10-30,6572.23
2019-10-29,6538.45
2019-10-27,6456.84
2019-10-25,6423.9
2019-10-24,6428.72
2019-10-23,6443.1
2019-10-22,6432.66
2019-10-18,6453.12
2019-10-17,6392.43
2019-10-16,6314.33
2019-10-15,6295.38
2019-10-14,6254.41
2019-10-11,6233.32
2019-10-10,6200.74
2019-10-09,6245.32
2019-10-07,6153.3
2019-10-04,6188.41
2019-10-03,6260.62
2019-10-01,6286.79
2019-09-30,6359.07
2019-09-27,6397.5
2019-09-26,6430.43
2019-09-25,6363.2
2019-09-24,6452.32
2019-09-23,6459.86
2019-09-20,6285.49
2019-09-19,5971.89
2019-09-18,6047.84
2019-09-17,6031.75
2019-09-16,6137.63
2019-09-13,6164.61
2019-09-12,6117.59
2019-09-11,6139.53
2019-09-09,6107.77
2019-09-06,6071.66
2019-09-05,6020.77
2019-09-04,6010.88
2019-09-03,5989.94
2019-08-30,6108.74
2019-08-29,6060.33
2019-08-28,6104.53
2019-08-27,6139.53
2019-08-26,6098.78
2019-08-23,5980.21
2019-08-22,5932.01
2019-08-21,6030.6
2019-08-20,6093.69
2019-08-19,6121.13
2019-08-16,6113.01
2019-08-14,6101.41
2019-08-13,6045.28
2019-08-09,6150.28
2019-08-08,6103.73
2019-08-07,6018.4
2019-08-06,6061.19
2019-08-05,6001.37
2019-08-02,6077.88
2019-08-01,6070.69
2019-07-31,6143.47
2019-07-30,6115.89
2019-07-29,6188.51
2019-07-26,6245.33
2019-07-25,6222.44
2019-07-24,6222.71
2019-07-23,6270.6
2019-07-22,6278.95
2019-07-19,6317.58
2019-07-18,6417.85
2019-07-17,6476.21
2019-07-16,6466.72
2019-07-15,6425.51
2019-07-12,6417.97
2019-07-11,6423.64
2019-07-10,6377.73
2019-07-09,6415.33
2019-07-08,6409.99
2019-07-05,6551.8
2019-07-04,6632.72
2019-07-03,6618.54
2019-07-02,6609.73
2019-07-01,6588.56
2019-06-28,6551.54
2019-06-27,6574.1
2019-06-26,6566.9
2019-06-25,6532.83
2019-06-24,6487.11
2019-06-21,6499.03
2019-06-20,6541.91
2019-06-19,6457.16
2019-06-18,6475.44
2019-06-17,6471.2
2019-06-14,6557.03
2019-06-13,6609.41
2019-06-12,6607.93
2019-06-11,6645.09
2019-06-10,6619.33
2019-06-07,6600.62
2019-06-06,6592.23
2019-06-04,6695.39
2019-06-03,6724.63
2019-05-31,6646.13
2019-05-30,6654.13
2019-05-29,6615.44
2019-05-28,6655.16
2019-05-27,6647.41
2019-05-24,6588.81
2019-05-23,6472.73
2019-05-22,6502.94
2019-05-21,6484.93
2019-05-20,6547.75
2019-05-17,6316.34
2019-05-16,6243.88
2019-05-15,6202.83
2019-05-14,6238.16
2019-05-13,6203.45
2019-05-10,6292.17
2019-05-09,6298.4
2019-05-08,6325.55
2019-05-07,6400.79
2019-05-06,6454.94
2019-05-03,6516.88
2019-05-02,6526.0
2019-04-30,6544.23
2019-04-26,6563.43
2019-04-25,6523.19
2019-04-24,6562.37
2019-04-23,6495.41
2019-04-22,6504.14
2019-04-18,6597.99
2019-04-16,6627.39
2019-04-15,6584.22
2019-04-12,6555.81
2019-04-11,6528.88
2019-04-10,6521.15
2019-04-09,6557.83
2019-04-08,6529.35
2019-04-05,6563.07
2019-04-04,6523.14
2019-04-03,6544.71
2019-04-02,6587.09
2019-04-01,6574.93
2019-03-29,6547.87
2019-03-28,6506.0
2019-03-27,6438.51
2019-03-26,6444.68
2019-03-25,6376.88
2019-03-22,6437.77
2019-03-20,6472.37
2019-03-19,6484.07
2019-03-18,6448.3
2019-03-15,6437.16
2019-03-14,6403.18
2019-03-13,6404.15
2019-03-12,6398.54
2019-03-11,6333.75
2019-03-08,6242.46
2019-03-07,6252.22
2019-03-06,6255.07
2019-03-05,6215.55
2019-03-01,6120.38
2019-02-28,6063.43
2019-02-27,6054.11
2019-02-26,6058.65
2019-02-25,6079.84
2019-02-22,6035.97
2019-02-21,6022.88
2019-02-20,5983.03
2019-02-19,5913.55
2019-02-18,5921.05
2019-02-15,5970.48
2019-02-14,5999.31
2019-02-13,6011.01
2019-02-12,6036.43
2019-02-11,6063.99
2019-02-08,6110.75
2019-02-07,6183.53
2019-02-06,6164.2
2019-02-05,6107.32
2019-02-04,6114.43
2019-02-01,6125.69
2019-01-31,6091.02
2019-01-30,6011.01
2019-01-29,6003.54
2019-01-28,6004.46
2019-01-25,6085.55
2019-01-24,6139.38
2019-01-23,6137.26
2019-01-22,6179.06
2019-01-21,6196.57
2019-01-18,6187.53
2019-01-17,6202.66
2019-01-16,6200.72
2019-01-15,6199.04
2019-01-14,6128.25
2019-01-11,6159.72
2019-01-10,6173.92
2019-01-09,6179.07
2019-01-08,6160.32
2019-01-07,6148.72
2019-01-04,6131.17
2019-01-03,6104.77
2019-01-02,6164.62
2019-01-01,6227.87
2018-12-31,6208.76
2018-12-28,6196.38
2018-12-27,6145.63
2018-12-26,6120.77
2018-12-24,6095.32
2018-12-21,6149.98
2018-12-20,6250.37
2018-12-19,6258.22
2018-12-18,6210.55
2018-12-17,6194.54
2018-12-14,6152.12
2018-12-13,6142.81
2018-12-12,6105.05
2018-12-11,5984.95
2018-12-10,5933.13
2018-12-07,6049.13
2018-12-06,6011.46
2018-12-05,6110.29
2018-12-04,6169.36
2018-12-03,6176.3
2018-11-30,6164.22
2018-11-29,6145.64
2018-11-28,6087.02
2018-11-27,6081.55
2018-11-26,6054.44
2018-11-22,6012.94
2018-11-21,6053.61
2018-11-20,6066.35
2018-11-19,6129.06
2018-11-16,6089.26
2018-11-15,6064.37
2018-11-14,6042.33
2018-11-13,6044.16
2018-11-12,6001.04
2018-11-09,6059.03
2018-11-07,6050.09
2018-11-06,6006.36
2018-11-05,6011.24
2018-11-02,6024.84
2018-11-01,5939.53
2018-10-31,5925.05
2018-10-30,5822.31
2018-10-29,5827.17
2018-10-26,5696.83
2018-10-25,5733.73
2018-10-24,5785.55
2018-10-23,5741.96
2018-10-22,5801.18
2018-10-19,5845.46
2018-10-17,5925.5
2018-10-16,6017.74
2018-10-15,5961.32
2018-10-12,5929.58
2018-10-11,5792.8
2018-10-10,5915.52
2018-10-09,5788.16
2018-10-08,5815.14
2018-10-05,5832.94
2018-10-04,5988.0
2018-10-03,6123.85
2018-10-01,6194.65
2018-09-28,6162.85
2018-09-27,6224.96
2018-09-26,6293.46
2018-09-25,6293.77
2018-09-24,6255.03
2018-09-21,6380.01
2018-09-19,6464.31
2018-09-18,6496.53
2018-09-17,6565.85
2018-09-14,6628.72
2018-09-12,6539.15
2018-09-11,6503.54
2018-09-10,6593.01
2018-09-07,6682.87
2018-09-06,6642.48
2018-09-05,6607.04
2018-09-04,6635.58
2018-09-03,6714.65
2018-08-31,6760.89
2018-08-30,6748.17
2018-08-29,6746.57
2018-08-28,6754.69
2018-08-27,6736.53
2018-08-24,6664.6
2018-08-23,6678.45
2018-08-21,6671.71
2018-08-20,6656.15
2018-08-17,6608.73
2018-08-16,6551.68
2018-08-14,6578.58
2018-08-13,6529.65
2018-08-10,6575.74
2018-08-09,6606.88
2018-08-08,6590.0
2018-08-07,6563.33
2018-08-06,6567.31
2018-08-03,6550.33
2018-08-02,6484.06
2018-08-01,6523.97
2018-07-31,6522.27
2018-07-30,6500.36
2018-07-27,6471.95
2018-07-26,6410.02
2018-07-25,6383.38
2018-07-24,6383.16
2018-07-23,6321.81
2018-07-20,6268.63
2018-07-19,6235.72
2018-07-18,6255.14
2018-07-17,6286.34
2018-07-16,6229.9
2018-07-13,6310.73
2018-07-12,6333.23
2018-07-11,6308.74
2018-07-10,6318.62
2018-07-09,6263.21
2018-07-06,6204.79
2018-07-05,6185.48
2018-07-04,6202.64
2018-07-03,6172.03
2018-07-02,6144.97
2018-06-29,6181.2
2018-06-28,6095.62
2018-06-27,6158.2
2018-06-26,6227.48
2018-06-25,6230.63
2018-06-22,6272.83
2018-06-21,6235.78
2018-06-20,6260.21
2018-06-19,6232.3
2018-06-18,6289.61
2018-06-15,6307.11
2018-06-14,6315.81
2018-06-13,6329.35
2018-06-12,6329.57
2018-06-11,6293.01
2018-06-08,6280.93
2018-06-07,6269.58
2018-06-06,6203.33
2018-06-05,6137.74
2018-06-04,6186.48
2018-06-01,6242.56
2018-05-31,6284.68
2018-05-30,6242.4
2018-05-29,6253.3
2018-05-28,6277.89
2018-05-25,6215.11
2018-05-24,6144.37
2018-05-23,6114.75
2018-05-22,6165.09
2018-05-21,6139.44
2018-05-18,6209.09
2018-05-17,6273.72
2018-05-16,6288.28
2018-05-15,6313.31
2018-05-14,6329.52
2018-05-11,6348.7
2018-05-10,6312.28
2018-05-09,6352.32
2018-05-08,6352.86
2018-05-07,6352.69
2018-05-04,6300.84
2018-05-03,6332.87
2018-05-02,6371.27
2018-04-30,6406.83
2018-04-27,6371.45
2018-04-26,6330.44
2018-04-25,6310.45
2018-04-24,6338.42
2018-04-23,6327.08
2018-04-20,6308.42
2018-04-19,6313.58
2018-04-18,6283.54
2018-04-17,6296.2
2018-04-16,6283.45
2018-04-13,6254.73
2018-04-12,6241.11
2018-04-11,6230.8
2018-04-10,6223.64
2018-04-09,6214.3
2018-04-06,6191.03
2018-04-05,6173.32
2018-04-04,6058.13
2018-04-03,6124.32
2018-04-02,6087.8
2018-03-28,6009.06
2018-03-27,6053.83
2018-03-26,6008.74
2018-03-23,5933.78
2018-03-22,6004.43
2018-03-21,6035.87
2018-03-20,6016.4
2018-03-19,5996.89
2018-03-16,6072.15
2018-03-15,6155.56
2018-03-14,6164.79
2018-03-13,6168.74
2018-03-12,6142.24
2018-03-09,6052.61
2018-03-08,6063.2
2018-03-07,6021.46
2018-03-06,6093.24
2018-03-05,6158.24
2018-03-01,6219.59
2018-02-28,6243.6
2018-02-27,6268.59
2018-02-26,6288.62
2018-02-23,6234.02
2018-02-22,6157.61
2018-02-21,6176.83
2018-02-20,6166.34
2018-02-19,6172.41
2018-02-16,6224.0
2018-02-15,6283.83
2018-02-14,6287.1
2018-02-12,6301.35
2018-02-09,6233.76
2018-02-08,6280.02
2018-02-07,6196.32
2018-02-06,6180.52
2018-02-05,6285.5
2018-02-02,6328.82
2018-02-01,6518.66
2018-01-31,6525.8
2018-01-30,6557.07
2018-01-29,6609.38
2018-01-25,6604.8
2018-01-24,6634.1
2018-01-23,6651.49
2018-01-22,6592.4
2018-01-19,6547.73
2018-01-18,6496.8
2018-01-17,6527.12
2018-01-16,6478.98
2018-01-15,6541.41
2018-01-12,6517.44
2018-01-11,6507.74
2018-01-10,6493.61
2018-01-09,6500.38
2018-01-08,6499.65
2018-01-05,6453.69
2018-01-04,6407.71
2018-01-03,6362.35
2018-01-02,6344.64
2018-01-01,6355.5
2017-12-29,6391.97
2017-12-28,6354.85
2017-12-27,6355.9
2017-12-26,6377.99
2017-12-22,6350.92
2017-12-21,6320.81
2017-12-20,6303.02
2017-12-19,6299.42
2017-12-18,6237.89
2017-12-15,6201.71
2017-12-14,6145.42
2017-12-13,6125.28
2017-12-12,6162.83
2017-12-11,6213.12
2017-12-08,6185.51
2017-12-07,6126.32
2017-12-06,6048.6
2017-12-05,6094.46
2017-12-04,6096.28
2017-12-01,6097.84
2017-11-30,6160.82
2017-11-29,6220.08
2017-11-28,6226.32
2017-11-27,6234.13
2017-11-24,6218.92
2017-11-23,6193.16
2017-11-22,6184.08
2017-11-21,6176.66
2017-11-20,6160.69
2017-11-17,6142.85
2017-11-16,6094.3
2017-11-15,6032.17
2017-11-14,6086.52
2017-11-13,6106.15
2017-11-10,6154.58
2017-11-09,6150.04
2017-11-08,6128.71
2017-11-07,6164.74
2017-11-06,6234.84
2017-11-03,6225.13
2017-11-02,6208.53
2017-11-01,6205.89
2017-10-31,6151.23
2017-10-30,6154.66
2017-10-27,6113.1
2017-10-26,6113.7
2017-10-25,6085.24
2017-10-24,6038.65
2017-10-23,6024.0
2017-10-19,6000.4
2017-10-18,6030.73
2017-10-17,6042.0
2017-10-16,6030.68
2017-10-13,5999.36
2017-10-12,5968.74
2017-10-11,5903.06
2017-10-10,5933.86
2017-10-09,5907.58
2017-10-06,5898.77
2017-10-05,5843.94
2017-10-04,5842.33
2017-10-03,5811.06
2017-09-29,5768.91
2017-09-28,5739.38
2017-09-27,5714.07
2017-09-26,5804.8
2017-09-25,5791.8
2017-09-22,5860.53
2017-09-21,5978.9
2017-09-20,5997.42
2017-09-19,6005.55
2017-09-18,6001.73
2017-09-15,5960.56
2017-09-14,5958.45
2017-09-13,5944.62
2017-09-12,5960.99
2017-09-11,5907.53
2017-09-08,5865.76
2017-09-07,5870.65
2017-09-06,5852.42
2017-09-05,5861.0
2017-09-04,5828.3
2017-09-01,5864.91
2017-08-31,5823.5
2017-08-30,5800.75
2017-08-29,5738.81
2017-08-28,5803.81
2017-08-24,5760.61
2017-08-23,5745.16
2017-08-22,5687.14
2017-08-21,5694.27
2017-08-18,5750.32
2017-08-17,5782.58
2017-08-16,5776.39
2017-08-14,5712.58
2017-08-11,5634.47
2017-08-10,5679.45
2017-08-09,5775.32
2017-08-08,5835.98
2017-08-07,5889.89
2017-08-04,5868.5
2017-08-03,5837.22
2017-08-02,5876.19
2017-08-01,5892.46
2017-07-31,5880.27
2017-07-28,5849.76
2017-07-27,5841.94
2017-07-26,5850.15
2017-07-25,5824.33
2017-07-24,5819.58
2017-07-21,5796.74
2017-07-20,5777.66
2017-07-19,5788.97
2017-07-18,5739.95
2017-07-17,5785.85
2017-07-14,5773.25
2017-07-13,5775.45
2017-07-12,5732.49
2017-07-11,5705.15
2017-07-10,5712.94
2017-07-07,5661.66
2017-07-06,5662.19
2017-07-05,5639.97
2017-07-04,5611.35
2017-07-03,5614.39
2017-06-30,5556.88
2017-06-29,5536.39
2017-06-28,5518.83
2017-06-27,5522.09
2017-06-23,5568.99
2017-06-22,5615.59
2017-06-21,5628.19
2017-06-20,5634.35
2017-06-19,5631.8
2017-06-16,5604.28
2017-06-15,5596.19
2017-06-14,5608.35
2017-06-13,5599.69
2017-06-12,5597.68
2017-06-09,5626.51
2017-06-08,5610.51
2017-06-07,5611.35
2017-06-06,5588.01
2017-06-05,5614.17
2017-06-02,5589.68
2017-06-01,5563.57
2017-05-31,5548.81
2017-05-30,5533.03
2017-05-29,5513.9
2017-05-26,5536.06
2017-05-25,5469.41
2017-05-24,5384.51
2017-05-23,5420.58
2017-05-22,5472.47
2017-05-19,5488.55
2017-05-18,5503.13
2017-05-17,5581.55
2017-05-16,5583.01
2017-05-15,5551.8
2017-05-12,5517.06
2017-05-11,5538.45
2017-05-10,5531.64
2017-05-09,5480.3
2017-05-08,5468.48
2017-05-05,5446.21
2017-05-04,5495.02
2017-05-03,5469.39
2017-05-02,5471.53
2017-04-28,5460.31
2017-04-27,5465.2
2017-04-26,5470.55
2017-04-25,5462.78
2017-04-24,5410.78
2017-04-21,5357.84
2017-04-20,5361.18
2017-04-19,5332.1
2017-04-18,5319.44
2017-04-17,5346.23
2017-04-13,5347.05
2017-04-12,5368.28
2017-04-11,5387.64
2017-04-10,5349.18
2017-04-07,5343.84
2017-04-06,5374.68
2017-04-05,5376.44
2017-04-03,5347.0
2017-03-31,5307.06
2017-03-30,5293.58
2017-03-29,5270.87
2017-03-28,5248.65
2017-03-27,5216.93
2017-03-24,5242.75
2017-03-23,5228.16
2017-03-22,5190.79
2017-03-21,5242.92
2017-03-20,5249.54
2017-03-17,5258.68
2017-03-16,5255.79
2017-03-15,5205.55
2017-03-14,5192.56
2017-03-10,5108.44
2017-03-09,5108.08
2017-03-08,5108.28
2017-03-07,5124.34
2017-03-06,5131.1
2017-03-03,5098.77
2017-03-02,5095.63
2017-03-01,5137.96
2017-02-28,5106.17
2017-02-27,5102.83
2017-02-23,5117.37
2017-02-22,5111.96
2017-02-21,5114.55
2017-02-20,5092.49
2017-02-17,5057.02
2017-02-16,5031.4
2017-02-15,4985.56
2017-02-14,5034.41
2017-02-13,5049.12
2017-02-10,5052.62
2017-02-09,5047.43
2017-02-08,5039.65
2017-02-07,5031.78
2017-02-06,5047.53
2017-02-03,5008.28
2017-02-02,4992.75
2017-02-01,4971.19
2017-01-31,4880.71
2017-01-30,4928.87
2017-01-27,4931.08
2017-01-25,4906.78
2017-01-24,4840.06
2017-01-23,4792.28
2017-01-20,4765.44
2017-01-19,4821.82
2017-01-18,4808.76
2017-01-17,4791.69
2017-01-16,4794.33
2017-01-13,4780.91
2017-01-12,4783.06
2017-01-11,4772.32
2017-01-10,4718.41
2017-01-09,4686.96
2017-01-06,4685.22
2017-01-05,4700.65
2017-01-04,4650.2
2017-01-03,4648.03
2017-01-02,4629.63
2016-12-30,4615.51
2016-12-29,4570.96
2016-12-28,4526.3
2016-12-27,4515.44
2016-12-26,4444.55
2016-12-23,4505.27
2016-12-22,4506.18
2016-12-21,4559.19
2016-12-20,4567.24
2016-12-19,4591.03
2016-12-16,4612.85
2016-12-15,4621.24
2016-12-14,4630.89
2016-12-13,4658.54
2016-12-12,4643.72
2016-12-09,4694.82
2016-12-08,4686.6
2016-12-07,4608.59
2016-12-06,4628.95
2016-12-05,4617.24
2016-12-02,4592.91
2016-12-01,4654.52
2016-11-30,4680.67
2016-11-29,4630.25
2016-11-28,4616.36
2016-11-25,4600.56
2016-11-24,4518.46
2016-11-23,4547.15
2016-11-22,4514.15
2016-11-21,4465.56
2016-11-18,4564.34
2016-11-17,4560.82
2016-11-16,4577.65
2016-11-15,4569.88
2016-11-11,4711.86
2016-11-10,4855.34
2016-11-09,4791.63
2016-11-08,4871.28
2016-11-07,4848.77
2016-11-04,4810.11
2016-11-03,4858.48
2016-11-02,4889.45
2016-11-01,4963.06
2016-10-30,4962.43
2016-10-28,4956.16
2016-10-27,4928.06
2016-10-26,4944.29
2016-10-25,4986.85
2016-10-24,4993.49
2016-10-21,4985.55
2016-10-20,4981.26
2016-10-19,4960.76
2016-10-18,4962.4
2016-10-17,4878.01
2016-10-14,4913.66
2016-10-13,4898.12
2016-10-10,4973.75
2016-10-07,4969.4
2016-10-06,4975.78
2016-10-05,4994.41
2016-10-04,4994.69
2016-10-03,4970.95
2016-09-30,4879.09
2016-09-29,4839.13
2016-09-28,4959.65
2016-09-27,4929.4
2016-09-26,4935.34
2016-09-23,4984.24
2016-09-22,4996.23
2016-09-21,4942.71
2016-09-20,4941.5
2016-09-19,4956.43
2016-09-16,4938.33
2016-09-15,4922.37
2016-09-14,4916.17
2016-09-12,4891.55
2016-09-09,4993.76
2016-09-08,5037.68
2016-09-07,5012.65
2016-09-06,5017.06
2016-09-02,4944.99
2016-09-01,4924.35
2016-08-31,4935.18
2016-08-30,4915.62
2016-08-29,4849.37
2016-08-26,4832.27
2016-08-25,4838.65
2016-08-24,4866.07
2016-08-23,4848.5
2016-08-22,4850.87
2016-08-19,4871.95
2016-08-18,4866.31
2016-08-17,4833.56
2016-08-16,4829.53
2016-08-12,4834.79
2016-08-11,4796.8
2016-08-10,4788.89
2016-08-09,4849.05
2016-08-08,4868.31
2016-08-05,4845.65
2016-08-04,4769.26
2016-08-03,4758.72
2016-08-02,4810.2
2016-08-01,4826.16
2016-07-29,4823.49
2016-07-28,4828.94
2016-07-27,4800.63
2016-07-26,4782.1
2016-07-25,4805.63
2016-07-22,4752.96
2016-07-21,4725.77
2016-07-20,4747.68
2016-07-19,4718.51
2016-07-18,4708.29
2016-07-15,4729.08
2016-07-14,4740.67
2016-07-13,4714.66
2016-07-12,4725.13
2016-07-11,4698.96
2016-07-08,4625.78
2016-07-07,4632.63
2016-07-05,4631.83
2016-07-04,4645.33
2016-07-01,4615.94
2016-06-30,4585.32
2016-06-29,4536.88
2016-06-28,4488.85
2016-06-27,4465.87
2016-06-24,4446.05
2016-06-23,4534.42
2016-06-22,4509.03
2016-06-21,4518.75
2016-06-20,4521.86
2016-06-17,4490.03
2016-06-16,4475.44
2016-06-15,4501.48
2016-06-14,4454.5
2016-06-13,4448.19
2016-06-10,4478.76
2016-06-09,4495.16
2016-06-08,4520.55
2016-06-07,4508.27
2016-06-06,4474.23
2016-06-03,4480.08
2016-06-02,4482.39
2016-06-01,4460.26
2016-05-31,4452.59
2016-05-30,4463.03
2016-05-27,4443.01
2016-05-26,4396.27
2016-05-25,4332.99
2016-05-24,4249.78
2016-05-23,4248.54
2016-05-20,4260.29
2016-05-19,4282.41
2016-05-18,4331.63
2016-05-17,4336.46
2016-05-16,4322.55
2016-05-13,4305.64
2016-05-12,4343.59
2016-05-11,4311.89
2016-05-10,4327.29
2016-05-09,4317.93
2016-05-06,4253.56
2016-05-05,4250.92
2016-05-04,4240.4
2016-05-03,4272.79
2016-05-02,4302.84
2016-04-29,4307.78
2016-04-28,4304.25
2016-04-27,4370.08
2016-04-26,4360.41
2016-04-25,4310.9
2016-04-22,4333.21
2016-04-21,4337.11
2016-04-20,4343.5
2016-04-18,4337.6
2016-04-13,4298.79
2016-04-12,4230.16
2016-04-11,4203.96
2016-04-08,4149.44
2016-04-07,4137.83
2016-04-06,4169.08
2016-04-05,4154.89
2016-04-04,4233.74
2016-04-01,4211.05
2016-03-31,4214.31
2016-03-30,4204.18
2016-03-29,4129.22
2016-03-28,4136.83
2016-03-23,4195.43
2016-03-22,4191.62
2016-03-21,4182.95
2016-03-18,4127.86
2016-03-17,4084.33
2016-03-16,4069.77
2016-03-15,4058.42
2016-03-14,4097.51
2016-03-11,4077.74
2016-03-10,4068.13
2016-03-09,4088.35
2016-03-08,4067.93
2016-03-04,4065.03
2016-03-03,4051.17
2016-03-02,3997.77
2016-03-01,3921.2
2016-02-29,3796.45
2016-02-26,3811.76
2016-02-25,3789.58
2016-02-24,3817.93
2016-02-23,3864.69
2016-02-22,3925.47
2016-02-19,3909.59
2016-02-18,3901.97
2016-02-17,3863.66
2016-02-16,3837.08
2016-02-15,3908.79
2016-02-12,3800.13
2016-02-11,3807.65
2016-02-10,3945.41
2016-02-09,3994.29
2016-02-08,4049.07
2016-02-05,4088.32
2016-02-04,4032.87
2016-02-03,4020.85
2016-02-02,4077.43
2016-02-01,4135.28
2016-01-29,4133.32
2016-01-28,4062.63
2016-01-27,4070.61
2016-01-25,4064.99
2016-01-22,4052.41
2016-01-21,3970.12
2016-01-20,3984.23
2016-01-19,4056.45
2016-01-18,4005.56
2016-01-15,4082.4
2016-01-14,4159.55
2016-01-13,4185.15
2016-01-12,4181.28
2016-01-11,4212.3
2016-01-08,4237.6
2016-01-07,4207.63
2016-01-06,4313.63
2016-01-05,4334.34
2016-01-04,4327.35
2016-01-01,4407.02
2015-12-31,4387.53
2015-12-30,4361.84
2015-12-29,4374.63
2015-12-28,4371.76
2015-12-24,4343.33
2015-12-23,4340.25
2015-12-22,4303.01
2015-12-21,4323.63
2015-12-18,4286.05
2015-12-17,4318.38
2015-12-16,4261.23
2015-12-15,4239.3
2015-12-14,4210.42
2015-12-11,4189.39
2015-12-10,4227.34
2015-12-09,4187.8
2015-12-08,4248.18
2015-12-07,4289.27
2015-12-04,4294.21
2015-12-03,4335.93
2015-12-02,4368.19
2015-12-01,4375.94
2015-11-30,4358.54
2015-11-27,4358.15
2015-11-26,4331.15
2015-11-24,4307.18
2015-11-23,4310.27
2015-11-20,4309.52
2015-11-19,4294.88
2015-11-18,4238.09
2015-11-17,4285.36
2015-11-16,4266.34
2015-11-13,4249.8
2015-11-11,4288.0
2015-11-10,4255.42
2015-11-09,4322.07
2015-11-06,4327.04
2015-11-05,4335.0
2015-11-04,4386.76
2015-11-03,4396.08
2015-11-02,4386.13
2015-10-30,4392.3
2015-10-29,4414.4
2015-10-28,4442.39
2015-10-27,4468.48
2015-10-26,4476.16
2015-10-23,4496.65
2015-10-21,4485.09
2015-10-20,4492.1
2015-10-19,4492.1
2015-10-16,4467.44
2015-10-15,4441.93
2015-10-14,4411.03
2015-10-13,4417.78
2015-10-12,4420.35
2015-10-09,4437.5
2015-10-08,4414.27
2015-10-07,4441.14
2015-10-06,4429.43
2015-10-05,4410.23
2015-10-01,4322.56
2015-09-30,4316.81
2015-09-29,4255.92
2015-09-28,4238.11
2015-09-24,4270.25
2015-09-23,4257.1
2015-09-22,4240.15
2015-09-21,4316.64
2015-09-18,4308.59
2015-09-16,4265.52
2015-09-15,4246.99
2015-09-14,4272.23
2015-09-11,4225.76
2015-09-10,4220.47
2015-09-09,4231.96
2015-09-08,4156.76
2015-09-07,4103.22
2015-09-04,4166.91
2015-09-03,4257.6
2015-09-02,4201.67
2015-09-01,4231.08
2015-08-31,4325.51
2015-08-28,4341.36
2015-08-27,4316.79
2015-08-26,4222.19
2015-08-25,4257.34
2015-08-24,4209.02
2015-08-21,4514.95
2015-08-20,4551.42
2015-08-19,4622.57
2015-08-18,4609.13
2015-08-17,4603.22
2015-08-14,4611.66
2015-08-13,4523.27
2015-08-12,4530.4
2015-08-11,4606.29
2015-08-10,4643.47
2015-08-07,4660.41
2015-08-06,4671.83
2015-08-05,4662.07
2015-08-04,4629.13
2015-08-03,4623.03
2015-07-31,4606.9
2015-07-30,4550.97
2015-07-29,4520.56
2015-07-28,4494.92
2015-07-27,4506.99
2015-07-24,4583.6
2015-07-23,4618.37
2015-07-22,4628.95
2015-07-21,4577.12
2015-07-20,4628.39
2015-07-17,4626.15
2015-07-16,4618.73
2015-07-15,4572.11
2015-07-14,4540.29
2015-07-13,4536.7
2015-07-10,4483.84
2015-07-09,4469.96
2015-07-08,4483.03
2015-07-07,4554.04
2015-07-06,4548.59
2015-07-03,4521.92
2015-07-02,4508.25
2015-07-01,4498.75
2015-06-30,4449.94
2015-06-29,4414.89
2015-06-26,4457.1
2015-06-25,4462.62
2015-06-24,4443.62
2015-06-23,4459.05
2015-06-22,4444.26
2015-06-19,4376.74
2015-06-18,4351.63
2015-06-17,4308.26
2015-06-16,4272.93
2015-06-15,4255.84
2015-06-12,4239.05
2015-06-11,4233.6
2015-06-10,4312.63
2015-06-09,4261.85
2015-06-08,4274.15
2015-06-05,4319.24
2015-06-04,4320.12
2015-06-03,4316.43
2015-06-02,4375.98
2015-06-01,4477.13
2015-05-29,4478.46
2015-05-28,4419.54
2015-05-27,4429.07
2015-05-26,4432.63
2015-05-25,4445.87
2015-05-22,4479.91
2015-05-21,4463.38
2015-05-20,4466.88
2015-05-19,4444.72
2015-05-18,4445.42
2015-05-15,4391.56
2015-05-14,4371.87
2015-05-13,4360.91
2015-05-12,4302.57
2015-05-11,4398.75
2015-05-08,4327.97
2015-05-07,4253.84
2015-05-06,4296.17
2015-05-05,4423.37
2015-05-04,4419.8
2015-04-30,4339.57
2015-04-29,4359.97
2015-04-28,4367.52
2015-04-27,4321.49
2015-04-24,4389.19
2015-04-23,4452.43
2015-04-22,4462.1
2015-04-21,4443.24
2015-04-20,4474.9
2015-04-17,4562.86
2015-04-16,4620.45
2015-04-15,4647.44
2015-04-13,4686.86
2015-04-10,4660.69
2015-04-09,4651.8
2015-04-08,4625.6
2015-04-07,4592.83
2015-04-06,4580.56
2015-04-01,4537.25
2015-03-31,4483.38
2015-03-30,4477.42
2015-03-27,4396.59
2015-03-26,4396.3
2015-03-25,4476.68
2015-03-24,4484.69
2015-03-23,4492.24
2015-03-20,4512.85
2015-03-19,4555.35
2015-03-18,4581.37
2015-03-17,4591.45
2015-03-16,4544.05
2015-03-13,4557.67
2015-03-12,4623.81
2015-03-11,4575.0
2015-03-10,4584.67
2015-03-09,4603.22
2015-03-05,4686.75
2015-03-04,4671.38
2015-03-03,4713.27
2015-03-02,4680.57
2015-02-28,4640.85
2015-02-27,4623.33
2015-02-26,4538.64
2015-02-25,4581.13
2015-02-24,4583.26
2015-02-23,4584.51
2015-02-20,4624.01
2015-02-19,4644.62
2015-02-18,4635.51
2015-02-16,4599.92
2015-02-13,4600.57
2015-02-12,4557.19
2015-02-11,4508.14
2015-02-10,4461.68
2015-02-09,4438.05
2015-02-06,4506.82
2015-02-05,4538.59
2015-02-04,4559.74
2015-02-03,4577.37
2015-02-02,4599.63
2015-01-30,4594.2
2015-01-29,4651.3
2015-01-28,4640.8
2015-01-27,4633.32
2015-01-23,4595.98
2015-01-22,4566.37
2015-01-21,4551.63
2015-01-20,4539.8
2015-01-19,4483.75
2015-01-16,4463.69
2015-01-15,4448.5
2015-01-14,4353.16
2015-01-13,4362.16
2015-01-12,4370.7
2015-01-09,4349.63
2015-01-08,4332.3
2015-01-07,4260.85
2015-01-06,4268.12
2015-01-05,4397.09
2015-01-02,4402.32
2015-01-01,4350.81
2014-12-31,4341.68
2014-12-30,4315.19
2014-12-29,4305.23
2014-12-26,4276.96
2014-12-24,4261.82
2014-12-23,4294.33
2014-12-22,4320.52
2014-12-19,4273.51
2014-12-18,4245.07
2014-12-17,4158.72
2014-12-16,4179.83
2014-12-15,4271.57
2014-12-12,4280.05
2014-12-11,4321.6
2014-12-10,4354.31
2014-12-09,4335.48
2014-12-08,4393.32
2014-12-05,4444.52
2014-12-04,4458.92
2014-12-03,4442.87
2014-12-02,4416.08
2014-12-01,4417.05
2014-11-28,4430.4
2014-11-27,4384.55
2014-11-26,4371.49
2014-11-25,4360.95
2014-11-24,4407.22
2014-11-21,4386.39
2014-11-20,4360.78
2014-11-19,4355.3
2014-11-18,4380.56
2014-11-17,4372.62
2014-11-14,4346.57
2014-11-13,4326.08
2014-11-12,4341.12
2014-11-11,4325.28
2014-11-10,4308.95
2014-11-07,4304.62
2014-11-05,4300.39
2014-11-03,4293.68
2014-10-31,4280.78
2014-10-30,4207.19
2014-10-29,4171.35
2014-10-28,4139.91
2014-10-27,4122.68
2014-10-23,4137.84
2014-10-22,4119.99
2014-10-21,4082.1
2014-10-20,4054.46
2014-10-17,4003.92
2014-10-16,3985.5
2014-10-14,4058.1
2014-10-13,4066.06
2014-10-10,4052.06
2014-10-09,4107.1
2014-10-08,4043.45
2014-10-07,4048.5
2014-10-01,4095.07
2014-09-30,4106.36
2014-09-29,4101.26
2014-09-26,4092.26
2014-09-25,4058.57
2014-09-24,4120.12
2014-09-23,4138.87
2014-09-22,4210.97
2014-09-19,4200.48
2014-09-18,4198.68
2014-09-17,4121.69
2014-09-16,4101.57
2014-09-15,4186.48
2014-09-12,4206.35
2014-09-11,4194.24
2014-09-10,4183.43
2014-09-09,4205.69
2014-09-08,4205.57
2014-09-05,4155.52
2014-09-04,4153.16
2014-09-03,4162.58
2014-09-02,4141.25
2014-09-01,4111.64
2014-08-28,4062.15
2014-08-27,4058.17
2014-08-26,4040.1
2014-08-25,4042.85
2014-08-22,4055.58
2014-08-21,4047.03
2014-08-20,4034.82
2014-08-19,4038.38
2014-08-18,4015.68
2014-08-14,3965.01
2014-08-13,3933.55
2014-08-12,3945.09
2014-08-11,3901.4
2014-08-08,3872.37
2014-08-07,3923.82
2014-08-06,3936.62
2014-08-05,3969.38
2014-08-04,3936.4
2014-08-01,3895.01
2014-07-31,3947.37
2014-07-30,3970.41
2014-07-28,3949.55
2014-07-25,3966.3
2014-07-24,3997.76
2014-07-23,3985.64
2014-07-22,3979.9
2014-07-21,3947.88
2014-07-18,3936.56
2014-07-17,3933.14
2014-07-16,3911.05
2014-07-15,3859.02
2014-07-14,3808.82
2014-07-11,3809.09
2014-07-10,3882.03
2014-07-09,3880.3
2014-07-08,3911.03
2014-07-07,4020.15
2014-07-04,4004.18
2014-07-03,3981.41
2014-07-02,3985.21
2014-07-01,3936.43
2014-06-30,3919.41
2014-06-27,3860.31
2014-06-26,3849.49
2014-06-25,3880.17
2014-06-24,3878.95
2014-06-23,3830.61
2014-06-20,3830.65
2014-06-19,3847.17
2014-06-18,3859.7
2014-06-17,3893.44
2014-06-16,3840.44
2014-06-13,3840.66
2014-06-12,3912.41
2014-06-11,3901.21
2014-06-10,3925.49
2014-06-09,3928.04
2014-06-06,3885.05
2014-06-05,3825.52
2014-06-04,3779.87
2014-06-03,3768.61
2014-06-02,3736.36
2014-05-30,3667.45
2014-05-29,3663.05
2014-05-28,3700.59
2014-05-27,3688.73
2014-05-26,3713.81
2014-05-23,3739.93
2014-05-22,3687.59
2014-05-21,3655.49
2014-05-20,3653.61
2014-05-19,3633.92
2014-05-16,3564.42
2014-05-15,3515.12
2014-05-14,3517.61
2014-05-13,3503.88
2014-05-12,3451.77
2014-05-09,3387.28
2014-05-08,3300.65
2014-05-07,3298.42
2014-05-06,3323.62
2014-05-05,3315.24
2014-05-02,3315.59
2014-04-30,3311.61
2014-04-29,3331.23
2014-04-28,3353.41
2014-04-25,3357.45
2014-04-23,3378.6
2014-04-22,3368.52
2014-04-21,3368.67
2014-04-17,3345.17
2014-04-16,3294.36
2014-04-15,3324.54
2014-04-11,3349.25
2014-04-10,3355.6
2014-04-09,3347.3
2014-04-07,3296.04
2014-04-04,3296.04
2014-04-03,3307.82
2014-04-02,3318.93
2014-04-01,3293.94
2014-03-31,3288.57
2014-03-28,3273.85
2014-03-27,3238.53
2014-03-26,3217.62
2014-03-25,3210.1
2014-03-24,3202.96
2014-03-22,3169.59
2014-03-21,3165.31
2014-03-20,3154.9
2014-03-19,3172.93
2014-03-18,3167.16
2014-03-14,3151.95
2014-03-13,3149.46
2014-03-12,3162.88
2014-03-11,3161.57
2014-03-10,3173.05
2014-03-07,3164.88
2014-03-06,3118.75
2014-03-05,3082.04
2014-03-04,3064.54
2014-03-03,3028.69
2014-02-28,3048.18
2014-02-26,3027.45
2014-02-25,3013.45
2014-02-24,3006.75
2014-02-21,2993.9
2014-02-20,2964.81
2014-02-19,2987.17
2014-02-18,2973.75
2014-02-17,2947.96
2014-02-14,2939.58
2014-02-13,2922.38
2014-02-12,2961.04
2014-02-11,2953.12
2014-02-10,2948.46
2014-02-07,2953.77
2014-02-06,2940.67
2014-02-05,2934.65
2014-02-04,2922.02
2014-02-03,2919.41
2014-01-31,2956.79
2014-01-30,2934.23
2014-01-29,2963.07
2014-01-28,2963.2
2014-01-27,2965.97
2014-01-24,3035.73
2014-01-23,3077.53
2014-01-22,3077.56
2014-01-21,3066.19
2014-01-20,3060.66
2014-01-17,3037.1
2014-01-16,3068.69
2014-01-15,3073.95
2014-01-14,3043.55
2014-01-13,3055.44
2014-01-10,3020.77
2014-01-09,3025.07
2014-01-08,3033.91
2014-01-07,3025.43
2014-01-06,3040.6
2014-01-03,3043.53
2014-01-02,3042.27
2014-01-01,3087.71
2013-12-31,3083.02
2013-12-30,3073.59
2013-12-27,3082.53
2013-12-26,3065.85
2013-12-24,3057.94
2013-12-23,3059.34
2013-12-20,3048.15
2013-12-19,2997.61
2013-12-18,3015.5
2013-12-17,2976.91
2013-12-16,2981.37
2013-12-13,2981.21
2013-12-12,3015.25
2013-12-11,3043.11
2013-12-10,3054.49
2013-12-09,3068.84
2013-12-06,3027.14
2013-12-05,3017.25
2013-12-04,2986.06
2013-12-03,3005.39
2013-12-02,3010.36
2013-11-29,2988.66
2013-11-28,2950.39
2013-11-27,2932.1
2013-11-26,2931.72
2013-11-25,2954.72
2013-11-22,2902.75
2013-11-21,2902.33
2013-11-20,2957.05
2013-11-19,2988.69
2013-11-18,2981.55
2013-11-14,2925.31
2013-11-13,2890.76
2013-11-12,2905.01
2013-11-11,2931.79
2013-11-08,2960.15
2013-11-07,2976.33
2013-11-06,2996.51
2013-11-05,3010.37
2013-11-03,3029.56
2013-11-01,3018.26
2013-10-31,3006.71
2013-10-30,2981.02
2013-10-29,2966.29
2013-10-28,2914.03
2013-10-25,2936.86
2013-10-24,2948.55
2013-10-23,2955.05
2013-10-22,2964.27
2013-10-21,2959.32
2013-10-18,2944.16
2013-10-17,2885.38
2013-10-15,2901.26
2013-10-14,2917.79
2013-10-11,2908.78
2013-10-10,2881.24
2013-10-09,2871.64
2013-10-08,2836.79
2013-10-07,2828.06
2013-10-04,2823.76
2013-10-03,2821.5
2013-10-01,2765.83
2013-09-30,2746.61
2013-09-27,2786.24
2013-09-26,2802.43
2013-09-25,2799.07
2013-09-24,2803.64
2013-09-23,2802.34
2013-09-20,2850.51
2013-09-19,2892.39
2013-09-18,2799.27
2013-09-17,2778.37
2013-09-16,2775.89
2013-09-13,2781.86
2013-09-12,2778.83
2013-09-11,2805.28
2013-09-10,2788.92
2013-09-06,2699.54
2013-09-05,2664.22
2013-09-04,2601.47
2013-09-03,2557.07
2013-09-02,2644.46
2013-08-30,2607.52
2013-08-29,2580.53
2013-08-28,2527.71
2013-08-27,2536.14
2013-08-26,2619.22
2013-08-23,2612.21
2013-08-22,2582.6
2013-08-21,2541.22
2013-08-20,2583.96
2013-08-19,2592.23
2013-08-16,2637.22
2013-08-14,2741.23
2013-08-13,2721.49
2013-08-12,2678.27
2013-08-08,2650.83
2013-08-07,2627.81
2013-08-06,2627.42
2013-08-05,2694.91
2013-08-02,2689.4
2013-08-01,2714.02
2013-07-31,2730.17
2013-07-30,2737.03
2013-07-29,2779.55
2013-07-26,2808.61
2013-07-25,2823.69
2013-07-24,2858.4
2013-07-23,2903.58
2013-07-22,2885.41
2013-07-19,2886.47
2013-07-18,2895.5
2013-07-17,2863.62
2013-07-16,2862.87
2013-07-15,2899.3
2013-07-12,2883.0
2013-07-11,2855.32
2013-07-10,2808.54
2013-07-09,2824.93
2013-07-08,2800.62
2013-07-05,2821.84
2013-07-04,2810.0
2013-07-03,2781.43
2013-07-02,2824.39
2013-07-01,2842.22
2013-06-28,2804.05
2013-06-27,2731.78
2013-06-26,2693.81
2013-06-25,2702.88
2013-06-24,2700.36
2013-06-21,2746.9
2013-06-20,2752.58
2013-06-19,2827.53
2013-06-18,2820.07
2013-06-17,2830.13
2013-06-14,2810.44
2013-06-13,2761.85
2013-06-12,2793.79
2013-06-11,2810.83
2013-06-10,2857.14
2013-06-07,2867.54
2013-06-06,2887.26
2013-06-05,2888.1
2013-06-04,2885.64
2013-06-03,2889.67
2013-05-31,2903.13
2013-05-30,2957.12
2013-05-29,2948.85
2013-05-28,2955.15
2013-05-27,2941.09
2013-05-24,2897.63
2013-05-23,2886.92
2013-05-22,2947.62
2013-05-21,2961.2
2013-05-20,2981.84
2013-05-17,2997.17
2013-05-16,2986.93
2013-05-15,2975.05
2013-05-14,2908.59
2013-05-13,2900.92
2013-05-11,2956.28
2013-05-10,2949.68
2013-05-09,2928.7
2013-05-08,2938.75
2013-05-07,2928.24
2013-05-06,2896.37
2013-05-03,2879.93
2013-05-02,2901.92
2013-04-30,2869.13
2013-04-29,2856.45
2013-04-26,2838.52
2013-04-25,2858.61
2013-04-23,2826.92
2013-04-22,2828.15
2013-04-18,2798.83
2013-04-17,2758.97
2013-04-16,2756.3
2013-04-15,2706.44
2013-04-12,2692.17
2013-04-11,2713.65
2013-04-10,2700.31
2013-04-09,2674.23
2013-04-08,2697.59
2013-04-05,2700.99
2013-04-04,2708.29
2013-04-03,2756.6
2013-04-02,2788.03
2013-04-01,2760.89
2013-03-28,2743.22
2013-03-26,2716.12
2013-03-25,2713.46
2013-03-22,2722.24
2013-03-21,2727.63
2013-03-20,2747.66
2013-03-19,2781.99
2013-03-18,2826.21
2013-03-15,2841.22
2013-03-14,2858.26
2013-03-13,2833.51
2013-03-12,2865.56
2013-03-11,2880.55
2013-03-08,2879.94
2013-03-07,2843.69
2013-03-06,2824.56
2013-03-05,2804.84
2013-03-04,2762.49
2013-03-01,2781.33
2013-02-28,2767.3
2013-02-27,2823.23
2013-02-26,2804.38
2013-02-25,2851.08
2013-02-22,2858.01
2013-02-21,2857.86
2013-02-20,2905.24
2013-02-19,2904.24
2013-02-18,2880.89
2013-02-15,2872.56
2013-02-14,2874.39
2013-02-13,2898.43
2013-02-12,2899.82
2013-02-11,2892.66
2013-02-08,2895.54
2013-02-07,2914.26
2013-02-06,2929.86
2013-02-05,2926.87
2013-02-04,2942.68
2013-02-01,2952.96
2013-01-31,2964.64
2013-01-30,2965.82
2013-01-29,2964.65
2013-01-28,2979.27
2013-01-25,2978.02
2013-01-24,2945.38
2013-01-23,2977.54
2013-01-22,2982.1
2013-01-21,3002.94
2013-01-18,2995.65
2013-01-17,2988.08
2013-01-16,2973.49
2013-01-15,3005.41
2013-01-14,2991.91
2013-01-11,2956.02
2013-01-10,2975.77
2013-01-09,2979.99
2013-01-08,2993.51
2013-01-07,2989.62
2013-01-04,2996.86
2013-01-03,2991.65
2013-01-02,2980.89
2013-01-01,2960.55
2012-12-31,2934.04
2012-12-28,2930.62
2012-12-27,2911.08
2012-12-26,2926.78
2012-12-24,2904.36
2012-12-21,2898.22
2012-12-20,2934.98
2012-12-19,2940.53
2012-12-18,2923.65
2012-12-17,2902.53
2012-12-14,2905.13
2012-12-13,2890.03
2012-12-12,2912.25
2012-12-11,2915.97
2012-12-10,2925.92
2012-12-07,2921.18
2012-12-06,2930.98
2012-12-05,2913.67
2012-12-04,2906.93
2012-12-03,2896.72
2012-11-30,2890.37
2012-11-29,2863.83
2012-11-27,2821.37
2012-11-26,2779.2
2012-11-23,2766.86
2012-11-22,2765.5
2012-11-21,2756.94
2012-11-20,2738.57
2012-11-19,2744.46
2012-11-16,2753.35
2012-11-15,2781.66
2012-11-13,2794.4
2012-11-12,2794.4
2012-11-09,2787.93
2012-11-08,2812.61
2012-11-07,2818.63
2012-11-06,2799.54
2012-11-05,2788.98
2012-11-02,2788.14
2012-11-01,2765.96
2012-10-31,2748.76
2012-10-30,2733.52
2012-10-29,2764.81
2012-10-26,2768.21
2012-10-25,2791.93
2012-10-23,2787.03
2012-10-22,2798.27
2012-10-19,2786.43
2012-10-18,2802.13
2012-10-17,2772.56
2012-10-16,2767.87
2012-10-15,2787.15
2012-10-12,2783.43
2012-10-11,2793.97
2012-10-10,2765.53
2012-10-09,2794.09
2012-10-08,2779.59
2012-10-05,2808.72
2012-10-04,2828.31
2012-10-03,2803.84
2012-10-01,2793.24
2012-09-28,2781.05
2012-09-27,2752.44
2012-09-26,2752.28
2012-09-25,2753.15
2012-09-24,2747.03
2012-09-21,2749.47
2012-09-20,2689.85
2012-09-18,2709.24
2012-09-17,2704.11
2012-09-14,2683.05
2012-09-13,2628.86
2012-09-12,2628.87
2012-09-11,2612.89
2012-09-10,2602.38
2012-09-08,2597.74
2012-09-07,2588.34
2012-09-06,2545.56
2012-09-05,2538.26
2012-09-04,2557.97
2012-09-03,2545.42
2012-08-31,2546.34
2012-08-30,2565.79
2012-08-29,2553.61
2012-08-28,2573.88
2012-08-27,2585.95
2012-08-24,2604.96
2012-08-23,2618.45
2012-08-22,2619.04
2012-08-21,2623.95
2012-08-17,2603.01
2012-08-16,2602.22
2012-08-14,2608.78
2012-08-13,2594.56
2012-08-10,2578.54
2012-08-09,2580.71
2012-08-08,2587.61
2012-08-07,2590.25
2012-08-06,2569.13
2012-08-03,2542.58
2012-08-02,2548.52
2012-08-01,2549.8
2012-07-31,2539.66
2012-07-30,2525.93
2012-07-27,2479.55
2012-07-26,2465.14
2012-07-25,2501.33
2012-07-24,2511.84
2012-07-23,2505.22
2012-07-20,2545.2
2012-07-19,2558.72
2012-07-18,2547.62
2012-07-17,2536.55
2012-07-16,2543.74
2012-07-13,2556.42
2012-07-12,2560.58
2012-07-11,2587.55
2012-07-10,2602.54
2012-07-09,2571.04
2012-07-06,2595.24
2012-07-05,2602.78
2012-07-04,2586.3
2012-07-03,2575.32
2012-07-02,2565.5
2012-06-29,2558.71
2012-06-28,2500.44
2012-06-27,2495.69
2012-06-26,2485.34
2012-06-25,2480.3
2012-06-22,2491.37
2012-06-21,2495.79
2012-06-20,2472.98
2012-06-19,2459.67
2012-06-18,2444.52
2012-06-15,2478.65
2012-06-14,2445.06
2012-06-13,2474.9
2012-06-12,2473.16
2012-06-11,2447.32
2012-06-08,2452.26
2012-06-07,2443.52
2012-06-06,2419.88
2012-06-05,2361.3
2012-06-04,2354.22
2012-06-01,2355.02
2012-05-31,2392.25
2012-05-30,2395.41
2012-05-29,2418.16
2012-05-28,2417.98
2012-05-25,2387.4
2012-05-24,2383.39
2012-05-23,2346.87
2012-05-22,2359.66
2012-05-21,2380.54
2012-05-18,2371.03
2012-05-17,2365.26
2012-05-16,2360.4
2012-05-15,2397.56
2012-05-14,2381.9
2012-05-11,2395.0
2012-05-10,2413.98
2012-05-09,2416.43
2012-05-08,2434.18
2012-05-07,2483.74
2012-05-04,2469.3
2012-05-03,2516.74
2012-05-02,2542.5
2012-04-30,2546.66
2012-04-28,2527.8
2012-04-27,2518.12
2012-04-26,2519.48
2012-04-25,2527.41
2012-04-24,2538.35
2012-04-23,2532.79
2012-04-20,2576.04
2012-04-19,2596.2
2012-04-18,2585.43
2012-04-17,2579.23
2012-04-16,2551.88
2012-04-13,2541.28
2012-04-12,2569.61
2012-04-11,2546.88
2012-04-10,2557.48
2012-04-09,2555.84
2012-04-04,2597.03
2012-04-03,2609.4
2012-04-02,2587.13
2012-03-30,2571.22
2012-03-29,2511.98
2012-03-28,2514.17
2012-03-27,2538.19
2012-03-26,2516.12
2012-03-23,2559.13
2012-03-22,2536.9
2012-03-21,2600.65
2012-03-20,2555.95
2012-03-19,2544.1
2012-03-16,2573.51
2012-03-15,2603.53
2012-03-14,2643.45
2012-03-13,2628.42
2012-03-12,2596.5
2012-03-09,2580.23
2012-03-07,2524.75
2012-03-06,2527.79
2012-03-05,2554.41
2012-03-03,2591.02
2012-03-02,2589.96
2012-03-01,2583.64
2012-02-29,2602.77
2012-02-28,2592.39
2012-02-27,2535.25
2012-02-24,2608.16
2012-02-23,2631.42
2012-02-22,2642.68
2012-02-21,2707.85
2012-02-17,2687.22
2012-02-16,2670.6
2012-02-15,2667.47
2012-02-14,2611.55
2012-02-13,2596.35
2012-02-10,2592.03
2012-02-09,2600.28
2012-02-08,2575.89
2012-02-07,2555.0
2012-02-06,2571.99
2012-02-03,2548.1
2012-02-02,2522.34
2012-02-01,2504.83
2012-01-31,2483.1
2012-01-30,2430.18
2012-01-27,2483.99
2012-01-25,2463.38
2012-01-24,2441.7
2012-01-23,2403.23
2012-01-20,2403.04
2012-01-19,2390.51
2012-01-18,2360.09
2012-01-17,2371.34
2012-01-16,2330.88
2012-01-13,2327.08
2012-01-12,2308.74
2012-01-11,2313.57
2012-01-10,2301.01
2012-01-09,2249.65
2012-01-07,2246.81
2012-01-06,2244.65
2012-01-05,2244.57
2012-01-04,2243.84
2012-01-03,2247.23
2012-01-02,2187.58
2011-12-30,2184.71
2011-12-29,2190.5
2011-12-28,2212.45
2011-12-27,2234.4
2011-12-26,2248.61
2011-12-23,2222.42
2011-12-22,2230.24
2011-12-21,2210.0
2011-12-20,2152.0
2011-12-19,2188.31
2011-12-16,2215.82
2011-12-15,2259.38
2011-12-14,2269.97
2011-12-13,2288.5
2011-12-12,2279.35
2011-12-09,2327.56
2011-12-08,2359.47
2011-12-07,2411.92
2011-12-05,2404.1
2011-12-02,2406.63
2011-12-01,2356.41
2011-11-30,2316.06
2011-11-29,2312.06
2011-11-28,2333.21
2011-11-25,2274.47
2011-11-24,2286.41
2011-11-23,2260.93
2011-11-22,2309.55
2011-11-21,2296.44
2011-11-18,2350.97
2011-11-17,2367.19
2011-11-16,2409.7
2011-11-15,2429.18
2011-11-14,2476.9
2011-11-11,2493.6
2011-11-09,2521.82
2011-11-08,2555.54
2011-11-04,2554.18
2011-11-03,2540.65
2011-11-02,2535.49
2011-11-01,2535.11
2011-10-31,2562.17
2011-10-28,2570.25
2011-10-26,2503.96
2011-10-25,2492.59
2011-10-24,2459.92
2011-10-21,2447.03
2011-10-20,2466.59
2011-10-19,2487.41
2011-10-18,2445.23
2011-10-17,2481.71
2011-10-14,2485.65
2011-10-13,2466.22
2011-10-12,2472.31
2011-10-11,2420.1
2011-10-10,2417.46
2011-10-07,2379.0
2011-10-05,2323.55
2011-10-04,2336.95
2011-10-03,2372.98
2011-09-30,2418.47
2011-09-29,2446.53
2011-09-28,2424.54
2011-09-27,2438.59
2011-09-26,2381.14
2011-09-23,2404.28
2011-09-22,2429.85
2011-09-21,2524.46
2011-09-20,2519.31
2011-09-19,2476.57
2011-09-16,2495.95
2011-09-15,2491.11
2011-09-14,2463.06
2011-09-13,2436.2
2011-09-12,2438.17
2011-09-09,2491.05
2011-09-08,2530.48
2011-09-07,2519.06
2011-09-06,2486.41
2011-09-05,2467.7
2011-09-02,2471.87
2011-08-30,2452.09
2011-08-29,2414.64
2011-08-26,2338.63
2011-08-25,2386.31
2011-08-24,2410.2
2011-08-23,2434.49
2011-08-22,2409.79
2011-08-19,2382.68
2011-08-18,2424.46
2011-08-17,2477.38
2011-08-16,2476.97
2011-08-12,2501.72
2011-08-11,2527.7
2011-08-10,2538.01
2011-08-09,2491.87
2011-08-08,2518.0
2011-08-05,2560.76
2011-08-04,2616.73
2011-08-03,2645.24
2011-08-02,2665.45
2011-08-01,2694.51
2011-07-29,2684.7
2011-07-28,2697.35
2011-07-27,2724.8
2011-07-26,2732.67
2011-07-25,2776.41
2011-07-22,2756.08
2011-07-21,2714.88
2011-07-20,2728.03
2011-07-19,2752.13
2011-07-18,2733.65
2011-07-15,2736.11
2011-07-14,2742.33
2011-07-13,2730.85
2011-07-12,2701.05
2011-07-11,2739.31
2011-07-08,2758.13
2011-07-07,2789.55
2011-07-06,2745.32
2011-07-05,2745.93
2011-07-04,2752.85
2011-07-01,2735.07
2011-06-30,2735.2
2011-06-29,2716.41
2011-06-28,2692.08
2011-06-27,2682.95
2011-06-24,2654.59
2011-06-23,2587.9
2011-06-22,2574.38
2011-06-21,2579.4
2011-06-20,2576.61
2011-06-17,2634.42
2011-06-16,2650.86
2011-06-15,2672.85
2011-06-14,2695.17
2011-06-13,2685.31
2011-06-10,2684.33
2011-06-09,2697.09
2011-06-08,2699.9
2011-06-07,2708.87
2011-06-06,2694.01
2011-06-03,2689.51
2011-06-02,2704.0
2011-06-01,2723.0
2011-05-31,2707.85
2011-05-30,2665.41
2011-05-27,2658.08
2011-05-26,2625.34
2011-05-25,2602.23
2011-05-24,2619.88
2011-05-23,2614.52
2011-05-20,2658.8
2011-05-19,2634.23
2011-05-18,2636.63
2011-05-17,2649.25
2011-05-16,2673.26
2011-05-13,2693.78
2011-05-12,2666.64
2011-05-11,2700.14
2011-05-10,2686.62
2011-05-09,2689.73
2011-05-06,2687.53
2011-05-05,2646.22
2011-05-04,2679.73
2011-05-03,2693.56
2011-05-02,2754.71
2011-04-29,2780.03
2011-04-28,2801.77
2011-04-27,2824.21
2011-04-26,2834.06
2011-04-25,2836.24
2011-04-21,2838.13
2011-04-20,2828.37
2011-04-19,2781.39
2011-04-18,2776.29
2011-04-15,2818.66
2011-04-13,2848.63
2011-04-11,2796.34
2011-04-08,2821.16
2011-04-07,2847.39
2011-04-06,2841.29
2011-04-05,2843.08
2011-04-04,2832.55
2011-04-01,2791.11
2011-03-31,2781.82
2011-03-30,2765.19
2011-03-29,2734.64
2011-03-28,2716.39
2011-03-25,2701.68
2011-03-24,2650.01
2011-03-23,2629.99
2011-03-22,2602.07
2011-03-21,2579.74
2011-03-18,2585.42
2011-03-17,2614.17
2011-03-16,2637.4
2011-03-15,2606.41
2011-03-14,2645.61
2011-03-11,2612.37
2011-03-10,2635.52
2011-03-09,2648.62
2011-03-08,2640.23
2011-03-07,2613.81
2011-03-04,2648.17
2011-03-03,2646.43
2011-03-01,2640.88
2011-02-28,2554.64
2011-02-25,2542.3
2011-02-24,2527.54
2011-02-23,2609.97
2011-02-22,2624.77
2011-02-21,2648.45
2011-02-18,2626.24
2011-02-17,2671.53
2011-02-16,2642.04
2011-02-15,2637.39
2011-02-14,2625.94
2011-02-11,2549.8
2011-02-10,2502.85
2011-02-09,2511.35
2011-02-08,2559.32
2011-02-07,2606.07
2011-02-04,2611.0
2011-02-03,2664.61
2011-02-02,2624.16
2011-02-01,2617.86
2011-01-31,2661.25
2011-01-28,2663.42
2011-01-27,2716.73
2011-01-25,2761.69
2011-01-24,2784.9
2011-01-21,2763.33
2011-01-20,2765.95
2011-01-19,2757.66
2011-01-18,2766.09
2011-01-17,2739.58
2011-01-14,2748.24
2011-01-13,2791.93
2011-01-12,2833.38
2011-01-11,2782.73
2011-01-10,2789.99
2011-01-07,2859.56
2011-01-06,2928.59
2011-01-05,2951.62
2011-01-04,2984.16
2011-01-03,2990.28
2010-12-31,2973.33
2010-12-30,2951.17
2010-12-29,2932.74
2010-12-28,2904.85
2010-12-27,2904.95
2010-12-24,2911.59
2010-12-23,2900.36
2010-12-22,2904.41
2010-12-21,2908.36
2010-12-20,2883.06
2010-12-16,2882.8
2010-12-15,2862.31
2010-12-14,2891.93
2010-12-13,2865.69
2010-12-10,2833.85
2010-12-09,2788.8
2010-12-08,2872.32
2010-12-07,2915.31
2010-12-06,2930.14
2010-12-03,2935.89
2010-12-02,2962.01
2010-12-01,2937.89
2010-11-30,2880.0
2010-11-29,2852.23
2010-11-26,2817.67
2010-11-25,2859.92
2010-11-24,2905.75
2010-11-23,2940.58
2010-11-22,2977.23
2010-11-19,2925.52
2010-11-18,2979.63
2010-11-16,2978.19
2010-11-15,3043.04
2010-11-12,3025.12
2010-11-11,3089.65
2010-11-10,3128.98
2010-11-09,3135.45
2010-11-08,3120.56
2010-11-05,3134.17
2010-11-04,3117.35
2010-11-03,3069.9
2010-11-02,3051.5
2010-11-01,3046.63
2010-10-29,2998.48
2010-10-28,2993.47
2010-10-27,3008.33
2010-10-26,3034.61
2010-10-25,3043.64
2010-10-22,3026.2
2010-10-21,3036.14
2010-10-20,2980.65
2010-10-19,2998.0
2010-10-18,3013.21
2010-10-15,3011.35
2010-10-14,3062.29
2010-10-13,3084.41
2010-10-12,3028.0
2010-10-11,3050.03
2010-10-08,3029.94
2010-10-07,3040.4
2010-10-06,3067.44
2010-10-05,3042.37
2010-10-04,3039.88
2010-10-01,3026.96
2010-09-30,2972.43
2010-09-29,2972.73
2010-09-28,2993.34
2010-09-27,2992.1
2010-09-24,2977.84
2010-09-23,2951.95
2010-09-22,2962.3
2010-09-21,2972.52
2010-09-20,2975.63
2010-09-17,2943.32
2010-09-16,2911.59
2010-09-15,2933.45
2010-09-14,2914.18
2010-09-13,2905.62
2010-09-09,2862.3
2010-09-08,2848.76
2010-09-07,2841.45
2010-09-06,2829.47
2010-09-03,2787.08
2010-09-02,2778.77
2010-09-01,2773.1
2010-08-31,2732.84
2010-08-30,2745.4
2010-08-27,2741.07
2010-08-26,2766.58
2010-08-25,2760.05
2010-08-24,2786.34
2010-08-23,2804.26
2010-08-20,2788.24
2010-08-19,2789.22
2010-08-18,2770.23
2010-08-17,2744.72
2010-08-16,2741.68
2010-08-13,2754.73
2010-08-12,2735.79
2010-08-11,2730.44
2010-08-10,2744.04
2010-08-09,2756.73
2010-08-06,2732.44
2010-08-05,2734.13
2010-08-04,2738.65
2010-08-03,2728.82
2010-08-02,2721.36
2010-07-30,2692.39
2010-07-29,2701.2
2010-07-28,2702.94
2010-07-27,2711.3
2010-07-26,2704.52
2010-07-23,2720.1
2010-07-22,2723.57
2010-07-21,2705.67
2010-07-20,2690.98
2010-07-19,2699.14
2010-07-16,2699.59
2010-07-15,2686.49
2010-07-14,2692.47
2010-07-13,2699.62
2010-07-12,2689.39
2010-07-09,2680.8
2010-07-08,2658.64
2010-07-07,2634.08
2010-07-06,2650.48
2010-07-05,2630.15
2010-07-02,2631.51
2010-07-01,2633.23
2010-06-30,2653.33
2010-06-29,2631.24
2010-06-28,2657.66
2010-06-25,2619.74
2010-06-24,2623.97
2010-06-23,2627.75
2010-06-22,2620.68
2010-06-21,2632.43
2010-06-18,2596.36
2010-06-17,2606.07
2010-06-16,2591.28
2010-06-15,2587.74
2010-06-14,2576.37
2010-06-11,2544.99
2010-06-10,2533.81
2010-06-09,2498.89
2010-06-08,2484.61
2010-06-07,2507.08
2010-06-04,2550.97
2010-06-03,2544.71
2010-06-02,2506.74
2010-06-01,2482.54
2010-05-31,2528.24
2010-05-28,2504.61
2010-05-27,2468.22
2010-05-26,2435.68
2010-05-25,2394.18
2010-05-24,2459.86
2010-05-21,2454.18
2010-05-20,2473.58
2010-05-19,2457.88
2010-05-18,2524.06
2010-05-17,2521.09
2010-05-14,2535.18
2010-05-13,2567.52
2010-05-12,2551.07
2010-05-11,2543.18
2010-05-10,2572.08
2010-05-07,2501.47
2010-05-06,2546.83
2010-05-05,2555.36
2010-05-04,2559.33
2010-05-03,2597.57
2010-04-30,2613.55
2010-04-29,2596.02
2010-04-28,2581.53
2010-04-27,2619.91
2010-04-26,2623.15
2010-04-23,2614.1
2010-04-22,2606.62
2010-04-21,2599.18
2010-04-20,2583.85
2010-04-19,2565.45
2010-04-16,2596.76
2010-04-15,2606.81
2010-04-13,2621.21
2010-04-12,2627.22
2010-04-09,2635.98
2010-04-08,2618.69
2010-04-07,2644.17
2010-04-06,2635.05
2010-04-05,2630.83
2010-04-01,2595.26
2010-03-31,2575.01
2010-03-30,2574.64
2010-03-29,2578.77
2010-03-26,2574.42
2010-03-25,2562.92
2010-03-23,2559.27
2010-03-22,2553.87
2010-03-19,2580.79
2010-03-18,2570.38
2010-03-17,2567.76
2010-03-16,2550.13
2010-03-15,2525.93
2010-03-12,2537.78
2010-03-11,2537.59
2010-03-10,2538.52
2010-03-09,2537.77
2010-03-08,2558.85
2010-03-05,2548.24
2010-03-04,2543.11
2010-03-03,2535.12
2010-03-02,2500.88
2010-02-26,2461.96
2010-02-25,2428.95
2010-02-24,2433.96
2010-02-23,2439.67
2010-02-22,2442.96
2010-02-19,2448.38
2010-02-18,2474.46
2010-02-17,2489.57
2010-02-16,2467.53
2010-02-15,2445.04
2010-02-11,2461.33
2010-02-10,2435.29
2010-02-09,2449.23
2010-02-08,2427.35
2010-02-06,2427.11
2010-02-05,2401.17
2010-02-04,2470.47
2010-02-03,2513.2
2010-02-02,2469.11
2010-02-01,2503.12
2010-01-29,2477.63
2010-01-28,2466.22
2010-01-27,2459.4
2010-01-25,2551.52
2010-01-22,2570.73
2010-01-21,2590.66
2010-01-20,2656.77
2010-01-19,2665.69
2010-01-18,2683.53
2010-01-15,2664.84
2010-01-14,2654.35
2010-01-13,2633.39
2010-01-12,2618.9
2010-01-11,2643.06
2010-01-08,2626.15
2010-01-07,2629.39
2010-01-06,2635.5
2010-01-05,2631.29
2010-01-04,2602.5
2009-12-31,2578.76
2009-12-30,2565.29
2009-12-29,2566.6
2009-12-24,2560.15
2009-12-23,2544.92
2009-12-22,2482.16
2009-12-21,2458.7
2009-12-18,2470.7
2009-12-17,2492.12
2009-12-16,2484.63
2009-12-15,2482.01
2009-12-14,2516.7
2009-12-11,2523.58
2009-12-10,2532.95
2009-12-09,2521.16
2009-12-08,2530.49
2009-12-07,2497.61
2009-12-04,2520.58
2009-12-03,2525.27
2009-12-02,2511.31
2009-12-01,2506.55
2009-11-30,2464.1
2009-11-27,2418.54
2009-11-26,2450.16
2009-11-25,2487.53
2009-11-24,2484.35
2009-11-23,2485.35
2009-11-20,2465.65
2009-11-19,2443.09
2009-11-18,2475.79
2009-11-17,2472.92
2009-11-16,2473.64
2009-11-13,2445.34
2009-11-12,2427.41
2009-11-11,2454.85
2009-11-10,2398.18
2009-11-09,2393.63
2009-11-06,2347.96
2009-11-05,2316.84
2009-11-04,2278.97
2009-11-03,2214.84
2009-10-30,2290.26
2009-10-29,2307.74
2009-10-28,2347.15
2009-10-27,2353.64
2009-10-26,2418.46
2009-10-23,2440.81
2009-10-22,2431.89
2009-10-21,2469.66
2009-10-20,2492.9
2009-10-17,2500.97
2009-10-16,2493.19
2009-10-15,2474.71
2009-10-14,2470.8
2009-10-12,2435.41
2009-10-09,2393.84
2009-10-08,2411.36
2009-10-07,2401.67
2009-10-06,2404.4
2009-10-05,2403.88
2009-10-01,2447.19
2009-09-30,2446.8
2009-09-29,2419.09
2009-09-25,2400.76
2009-09-24,2400.01
2009-09-23,2392.3
2009-09-22,2416.75
2009-09-18,2401.98
2009-09-17,2388.62
2009-09-16,2386.24
2009-09-15,2358.79
2009-09-14,2320.73
2009-09-11,2323.31
2009-09-10,2326.86
2009-09-09,2328.77
2009-09-08,2331.18
2009-09-07,2328.12
2009-09-04,2276.32
2009-09-03,2244.73
2009-09-02,2246.8
2009-09-01,2254.91
2009-08-31,2276.79
2009-08-28,2290.64
2009-08-27,2271.24
2009-08-26,2264.53
2009-08-25,2248.29
2009-08-24,2238.76
2009-08-21,2191.96
2009-08-20,2161.88
2009-08-19,2135.33
2009-08-18,2169.47
2009-08-17,2133.78
2009-08-14,2218.01
2009-08-13,2222.77
2009-08-12,2152.82
2009-08-11,2156.61
2009-08-10,2143.35
2009-08-07,2166.39
2009-08-06,2212.95
2009-08-05,2262.35
2009-08-04,2249.67
2009-08-03,2259.55
2009-07-31,2224.07
2009-07-30,2199.09
2009-07-29,2177.87
2009-07-28,2201.93
2009-07-27,2190.96
2009-07-24,2179.52
2009-07-23,2153.3
2009-07-22,2105.5
2009-07-21,2127.67
2009-07-20,2143.66
2009-07-17,2091.21
2009-07-16,2032.44
2009-07-15,2028.21
2009-07-14,1955.41
2009-07-13,1887.17
2009-07-10,1914.52
2009-07-09,1950.32
2009-07-08,1943.8
2009-07-07,1995.64
2009-07-06,1990.67
2009-07-03,2103.49
2009-07-02,2079.28
2009-07-01,2064.97
2009-06-30,2045.48
2009-06-29,2096.09
2009-06-26,2075.71
2009-06-25,2023.74
2009-06-24,2043.34
2009-06-23,2015.43
2009-06-22,2008.34
2009-06-19,2037.57
2009-06-18,2010.63
2009-06-17,2064.87
2009-06-16,2144.08
2009-06-15,2116.72
2009-06-12,2158.6
2009-06-11,2185.76
2009-06-10,2198.32
2009-06-09,2156.1
2009-06-08,2098.77
2009-06-05,2186.13
2009-06-04,2184.87
2009-06-03,2153.21
2009-06-02,2143.85
2009-06-01,2150.71
2009-05-29,2106.21
2009-05-28,2051.73
2009-05-27,2025.25
2009-05-26,1947.38
2009-05-25,2001.4
2009-05-22,1972.52
2009-05-21,1955.6
2009-05-20,1962.47
2009-05-19,1940.87
2009-05-18,1930.64
2009-05-15,1663.59
2009-05-14,1635.87
2009-05-13,1642.99
2009-05-12,1658.21
2009-05-11,1613.52
2009-05-08,1641.26
2009-05-07,1661.67
2009-05-06,1630.23
2009-05-05,1647.84
2009-05-04,1635.63
2009-04-29,1562.74
2009-04-28,1519.47
2009-04-27,1570.23
2009-04-24,1579.24
2009-04-23,1553.4
2009-04-22,1517.94
2009-04-21,1534.11
2009-04-20,1539.3
2009-04-17,1533.62
2009-04-16,1522.78
2009-04-15,1580.25
2009-04-13,1525.59
2009-04-09,1493.76
2009-04-08,1488.43
2009-04-06,1450.22
2009-04-02,1423.84
2009-04-01,1362.84
2009-03-31,1344.87
2009-03-30,1324.08
2009-03-27,1372.98
2009-03-26,1355.61
2009-03-25,1321.55
2009-03-24,1303.35
2009-03-23,1307.05
2009-03-20,1254.23
2009-03-19,1257.33
2009-03-18,1251.1
2009-03-17,1232.78
2009-03-16,1238.9
2009-03-13,1209.52
2009-03-12,1168.63
2009-03-09,1152.66
2009-03-06,1173.47
2009-03-05,1161.43
2009-03-04,1188.54
2009-03-03,1182.25
2009-03-02,1203.57
2009-02-27,1238.51
2009-02-26,1244.13
2009-02-25,1238.84
2009-02-24,1228.81
2009-02-20,1234.74
2009-02-19,1258.09
2009-02-18,1254.16
2009-02-17,1253.17
2009-02-16,1285.8
2009-02-13,1327.23
2009-02-12,1304.87
2009-02-11,1315.15
2009-02-10,1317.73
2009-02-09,1310.85
2009-02-06,1277.89
2009-02-05,1252.24
2009-02-04,1262.08
2009-02-03,1255.84
2009-02-02,1253.75
2009-01-30,1294.48
2009-01-29,1272.39
2009-01-28,1280.69
2009-01-27,1246.3
2009-01-23,1213.81
2009-01-22,1232.8
2009-01-21,1236.42
2009-01-20,1272.84
2009-01-19,1290.7
2009-01-16,1281.98
2009-01-15,1249.67
2009-01-14,1289.0
2009-01-13,1251.92
2009-01-12,1265.92
2009-01-09,1303.87
2009-01-07,1331.16
2009-01-06,1425.0
2009-01-05,1426.29
2009-01-02,1395.21
2009-01-01,1383.64
2008-12-31,1345.12
2008-12-30,1349.85
2008-12-29,1323.24
2008-12-26,1296.46
2008-12-24,1321.35
2008-12-23,1339.57
2008-12-22,1371.31
2008-12-19,1386.86
2008-12-18,1373.37
2008-12-17,1327.74
2008-12-16,1367.69
2008-12-15,1335.47
2008-12-12,1304.38
2008-12-11,1299.24
2008-12-10,1294.43
2008-12-08,1240.69
2008-12-05,1218.4
2008-12-04,1246.94
2008-12-03,1193.57
2008-12-02,1187.05
2008-12-01,1198.29
2008-11-28,1224.06
2008-11-26,1222.84
2008-11-25,1194.02
2008-11-24,1214.21
2008-11-21,1209.92
2008-11-20,1164.66
2008-11-19,1203.79
2008-11-18,1226.69
2008-11-17,1274.54
2008-11-14,1290.9
2008-11-12,1311.94
2008-11-11,1348.72
2008-11-10,1427.42
2008-11-07,1354.51
2008-11-06,1322.63
2008-11-05,1365.08
2008-11-04,1418.1
2008-11-03,1371.14
2008-10-31,1303.79
2008-10-29,1230.07
2008-10-28,1228.08
2008-10-27,1156.57
2008-10-24,1193.6
2008-10-23,1339.31
2008-10-22,1393.56
2008-10-21,1459.0
2008-10-20,1411.51
2008-10-17,1398.58
2008-10-16,1473.13
2008-10-15,1495.86
2008-10-14,1573.23
2008-10-13,1554.83
2008-10-10,1469.4
2008-10-08,1578.86
2008-10-07,1636.5
2008-10-06,1648.07
2008-10-03,1751.28
2008-10-01,1808.91
2008-09-30,1794.79
2008-09-29,1765.82
2008-09-26,1834.77
2008-09-25,1892.42
2008-09-24,1912.55
2008-09-23,1899.91
2008-09-22,1939.29
2008-09-19,1946.96
2008-09-18,1862.4
2008-09-17,1862.93
2008-09-16,1898.19
2008-09-15,1907.21
2008-09-12,1986.71
2008-09-11,2018.87
2008-09-10,2062.17
2008-09-09,2092.84
2008-09-08,2100.71
2008-09-05,2049.65
2008-09-04,2092.1
2008-09-02,2113.21
2008-09-01,2044.89
2008-08-29,2048.84
2008-08-28,1983.77
2008-08-27,2017.11
2008-08-26,2036.32
2008-08-25,2035.61
2008-08-22,2031.15
2008-08-21,2016.33
2008-08-20,2075.68
2008-08-19,2054.08
2008-08-18,2065.06
2008-08-14,2083.68
2008-08-13,2133.57
2008-08-12,2144.03
2008-08-11,2173.81
2008-08-08,2131.33
2008-08-07,2126.05
2008-08-06,2121.85
2008-08-05,2120.85
2008-08-04,2071.84
2008-08-01,2066.53
2008-07-31,2027.07
2008-07-30,2022.33
2008-07-29,1964.92
2008-07-28,2033.57
2008-07-25,2023.16
2008-07-24,2064.5
2008-07-23,2079.36
2008-07-22,1965.78
2008-07-21,1927.23
2008-07-18,1903.51
2008-07-17,1844.01
2008-07-16,1788.29
2008-07-15,1808.43
2008-07-14,1888.25
2008-07-11,1893.79
2008-07-10,1946.5
2008-07-09,1944.09
2008-07-08,1865.36
2008-07-07,1878.13
2008-07-04,1860.15
2008-07-03,1814.01
2008-07-02,1886.95
2008-07-01,1801.11
2008-06-30,1876.32
2008-06-27,1929.49
2008-06-26,2008.34
2008-06-25,1990.47
2008-06-24,1966.4
2008-06-23,2000.0
2008-06-20,2055.9
2008-06-19,2127.49
2008-06-18,2167.1
2008-06-17,2196.58
2008-06-16,2153.67
2008-06-13,2127.14
2008-06-12,2132.77
2008-06-11,2124.68
2008-06-10,2088.66
2008-06-09,2112.47
2008-06-06,2182.22
2008-06-05,2207.47
2008-06-04,2175.98
2008-06-03,2241.08
2008-06-02,2254.41
2008-05-30,2315.95
2008-05-29,2304.71
2008-05-28,2332.56
2008-05-27,2305.36
2008-05-26,2316.48
2008-05-23,2360.63
2008-05-22,2397.17
2008-05-21,2440.51
2008-05-20,2430.67
2008-05-16,2452.67
2008-05-15,2429.95
2008-05-14,2384.68
2008-05-13,2361.93
2008-05-12,2376.07
2008-05-09,2375.86
2008-05-08,2427.24
2008-05-07,2452.87
2008-05-06,2463.57
2008-05-05,2492.8
2008-05-02,2499.45
2008-04-30,2465.85
2008-04-29,2472.11
2008-04-28,2428.11
2008-04-25,2431.27
2008-04-24,2386.49
2008-04-23,2398.81
2008-04-22,2407.78
2008-04-21,2395.36
2008-04-17,2352.79
2008-04-16,2312.69
2008-04-15,2299.56
2008-04-11,2255.12
2008-04-10,2237.14
2008-04-09,2244.02
2008-04-08,2222.23
2008-04-07,2235.3
2008-04-04,2188.1
2008-04-03,2241.41
2008-04-02,2238.87
2008-04-01,2228.03
2008-03-31,2232.71
2008-03-28,2315.51
2008-03-27,2250.61
2008-03-26,2252.83
2008-03-25,2259.08
2008-03-24,2129.88
2008-03-19,2132.72
2008-03-18,2124.93
2008-03-17,2125.76
2008-03-14,2257.92
2008-03-13,2210.58
2008-03-12,2342.17
2008-03-11,2350.6
2008-03-10,2293.28
2008-03-07,2291.35
2008-03-05,2375.93
2008-03-04,2365.71
2008-03-03,2421.07
2008-02-29,2550.29
2008-02-28,2575.4
2008-02-27,2577.42
2008-02-26,2575.61
2008-02-25,2541.06
2008-02-22,2511.92
2008-02-21,2547.8
2008-02-20,2529.54
2008-02-19,2588.94
2008-02-18,2583.97
2008-02-15,2589.36
2008-02-14,2537.02
2008-02-13,2402.07
2008-02-12,2370.27
2008-02-11,2390.79
2008-02-08,2523.36
2008-02-07,2547.96
2008-02-06,2634.29
2008-02-05,2699.42
2008-02-04,2681.96
2008-02-01,2600.0
2008-01-31,2542.15
2008-01-30,2562.97
2008-01-29,2624.45
2008-01-28,2627.49
2008-01-25,2668.1
2008-01-24,2494.94
2008-01-23,2582.6
2008-01-22,2418.8
2008-01-21,2590.46
2008-01-18,2883.48
2008-01-17,3014.95
2008-01-16,3021.18
2008-01-15,3089.49
2008-01-14,3148.53
2008-01-11,3126.19
2008-01-10,3111.19
2008-01-09,3189.54
2008-01-08,3195.26
2008-01-07,3220.84
2008-01-04,3221.68
2008-01-03,3187.32
2008-01-02,3184.78
2008-01-01,3153.3
2007-12-31,3134.42
2007-12-28,3091.71
2007-12-27,3061.25
2007-12-26,3056.23
2007-12-24,2993.48
2007-12-20,2904.12
2007-12-19,2903.55
2007-12-18,2900.75
2007-12-17,2909.91
2007-12-14,3050.56
2007-12-13,3045.84
2007-12-12,3071.55
2007-12-11,3029.48
2007-12-10,2980.18
2007-12-07,2972.55
2007-12-06,2964.65
2007-12-05,2963.99
2007-12-04,2917.86
2007-12-03,2897.25
2007-11-30,2838.03
2007-11-29,2763.9
2007-11-28,2771.18
2007-11-27,2799.74
2007-11-26,2804.55
2007-11-23,2741.35
2007-11-22,2692.7
2007-11-21,2720.37
2007-11-20,2846.07
2007-11-19,2902.77
2007-11-16,2875.7
2007-11-15,2866.32
2007-11-14,2853.44
2007-11-13,2746.88
2007-11-12,2701.25
2007-11-09,2721.78
2007-11-08,2729.77
2007-11-07,2763.38
2007-11-06,2767.88
2007-11-05,2779.84
2007-11-02,2798.53
2007-11-01,2767.54
2007-10-31,2795.86
2007-10-30,2774.12
2007-10-29,2780.84
2007-10-26,2703.79
2007-10-25,2643.24
2007-10-24,2612.76
2007-10-23,2596.01
2007-10-22,2464.76
2007-10-19,2471.59
2007-10-18,2542.93
2007-10-17,2633.9
2007-10-16,2692.81
2007-10-15,2684.8
2007-10-12,2586.72
2007-10-11,2628.04
2007-10-10,2588.11
2007-10-09,2539.61
2007-10-08,2439.49
2007-10-05,2502.01
2007-10-04,2521.36
2007-10-03,2516.87
2007-10-01,2466.29
2007-09-28,2437.86
2007-09-27,2415.6
2007-09-26,2399.97
2007-09-25,2393.08
2007-09-24,2389.46
2007-09-21,2350.28
2007-09-20,2322.46
2007-09-19,2308.56
2007-09-18,2234.56
2007-09-17,2209.96
2007-09-14,2213.82
2007-09-13,2226.36
2007-09-12,2207.13
2007-09-11,2205.92
2007-09-10,2205.75
2007-09-07,2199.57
2007-09-06,2203.35
2007-09-05,2182.7
2007-09-04,2182.6
2007-09-03,2177.07
2007-08-31,2156.41
2007-08-30,2124.49
2007-08-29,2105.82
2007-08-28,2090.74
2007-08-27,2076.6
2007-08-24,2020.28
2007-08-23,1986.89
2007-08-22,2003.91
2007-08-21,1977.96
2007-08-20,2044.93
2007-08-17,2002.99
2007-08-16,2036.84
2007-08-14,2125.8
2007-08-13,2124.89
2007-08-10,2106.63
2007-08-09,2138.19
2007-08-08,2170.01
2007-08-07,2123.99
2007-08-06,2111.38
2007-08-03,2139.04
2007-08-02,2112.2
2007-08-01,2103.7
2007-07-31,2193.52
2007-07-30,2150.98
2007-07-27,2151.41
2007-07-26,2230.46
2007-07-25,2218.17
2007-07-24,2233.97
2007-07-23,2236.42
2007-07-20,2213.13
2007-07-19,2211.83
2007-07-18,2187.87
2007-07-17,2188.7
2007-07-16,2197.76
2007-07-13,2190.49
2007-07-12,2169.65
2007-07-11,2138.43
2007-07-10,2139.08
2007-07-09,2144.94
2007-07-06,2126.65
2007-07-05,2114.47
2007-07-04,2124.1
2007-07-03,2122.65
2007-07-02,2102.37
2007-06-29,2098.64
2007-06-28,2075.52
2007-06-27,2068.74
2007-06-26,2078.96
2007-06-25,2067.31
2007-06-22,2065.4
2007-06-21,2067.8
2007-06-20,2055.58
2007-06-19,2035.09
2007-06-18,2005.76
2007-06-15,2016.18
2007-06-14,2013.35
2007-06-13,1982.0
2007-06-12,1995.42
2007-06-11,1997.82
2007-06-08,1997.54
2007-06-07,2014.82
2007-06-06,2022.66
2007-06-05,2061.96
2007-06-04,2053.64
2007-06-01,2063.9
2007-05-31,2056.79
2007-05-30,2039.6
2007-05-29,2061.26
2007-05-28,2046.17
2007-05-25,2035.74
2007-05-24,2020.57
2007-05-23,2033.09
2007-05-22,2048.18
2007-05-21,2040.97
2007-05-18,2021.37
2007-05-17,2023.59
2007-05-16,1999.99
2007-05-15,1974.26
2007-05-14,1975.36
2007-05-11,1948.98
2007-05-10,1943.62
2007-05-09,1948.68
2007-05-08,1944.25
2007-05-07,1961.98
2007-05-04,1967.12
2007-05-03,1977.74
2007-04-30,1948.89
2007-04-27,1939.67
2007-04-26,1973.36
2007-04-25,1970.36
2007-04-24,1957.66
2007-04-23,1933.8
2007-04-20,1932.62
2007-04-19,1898.86
2007-04-18,1904.5
2007-04-17,1891.3
2007-04-16,1903.37
2007-04-13,1863.76
2007-04-12,1829.17
2007-04-11,1841.74
2007-04-10,1834.89
2007-04-09,1828.11
2007-04-05,1786.69
2007-04-04,1775.98
2007-04-03,1755.17
2007-04-02,1733.48
2007-03-30,1811.41
2007-03-29,1794.51
2007-03-28,1782.54
2007-03-26,1809.09
2007-03-23,1824.03
2007-03-22,1826.98
2007-03-21,1785.62
2007-03-20,1761.92
2007-03-19,1749.89
2007-03-16,1721.77
2007-03-15,1736.55
2007-03-14,1730.71
2007-03-13,1783.12
2007-03-12,1761.83
2007-03-09,1751.28
2007-03-08,1764.76
2007-03-07,1705.37
2007-03-06,1725.84
2007-03-05,1700.75
2007-03-02,1777.96
2007-03-01,1809.84
2007-02-28,1787.16
2007-02-27,1853.91
2007-02-26,1865.51
2007-02-23,1864.07
2007-02-22,1911.09
2007-02-21,1935.25
2007-02-20,1939.83
2007-02-19,1963.47
2007-02-15,1957.13
2007-02-14,1910.16
2007-02-13,1911.14
2007-02-12,1918.9
2007-02-09,1983.24
2007-02-08,2006.33
2007-02-07,2007.46
2007-02-06,1995.75
2007-02-05,1999.15
2007-02-02,1988.22
2007-02-01,1970.11
2007-01-31,1947.68
2007-01-29,1965.71
2007-01-25,1969.68
2007-01-24,1945.5
2007-01-23,1933.99
2007-01-22,1955.24
2007-01-19,1950.39
2007-01-18,1960.14
2007-01-17,1949.53
2007-01-16,1943.47
2007-01-15,1942.96
2007-01-12,1929.21
2007-01-11,1885.17
2007-01-10,1845.3
2007-01-09,1873.37
2007-01-08,1886.3
2007-01-05,1907.35
2007-01-04,1908.56
2007-01-03,1916.54
2007-01-02,1905.0
2006-12-29,1885.02
2006-12-28,1881.16
2006-12-27,1881.29
2006-12-26,1862.91
2006-12-22,1832.43
2006-12-21,1814.13
2006-12-20,1806.97
2006-12-19,1815.46
2006-12-18,1856.42
2006-12-15,1844.39
2006-12-14,1825.57
2006-12-13,1783.18
2006-12-12,1750.73
2006-12-11,1821.12
2006-12-08,1878.32
2006-12-07,1897.78
2006-12-06,1895.14
2006-12-05,1902.71
2006-12-04,1898.41
2006-12-01,1891.0
2006-11-30,1869.11
2006-11-29,1865.78
2006-11-28,1861.11
2006-11-27,1883.88
2006-11-24,1874.39
2006-11-23,1866.48
2006-11-22,1864.41
2006-11-21,1847.95
2006-11-20,1817.47
2006-11-17,1823.0
2006-11-16,1838.37
2006-11-15,1837.79
2006-11-14,1833.0
2006-11-13,1832.52
2006-11-10,1816.21
2006-11-09,1798.94
2006-11-08,1790.27
2006-11-07,1805.02
2006-11-06,1808.38
2006-11-03,1801.24
2006-11-02,1795.01
2006-11-01,1783.6
2006-10-31,1774.43
2006-10-30,1783.8
2006-10-27,1773.09
2006-10-26,1746.79
2006-10-23,1737.33
2006-10-21,1749.51
2006-10-20,1741.82
2006-10-19,1738.34
2006-10-18,1752.08
2006-10-17,1752.93
2006-10-16,1760.16
2006-10-13,1746.15
2006-10-12,1727.99
2006-10-11,1702.34
2006-10-10,1714.1
2006-10-09,1711.8
2006-10-06,1710.82
2006-10-05,1705.18
2006-10-04,1679.74
2006-10-03,1700.14
2006-09-29,1701.8
2006-09-28,1688.72
2006-09-27,1687.32
2006-09-26,1680.23
2006-09-25,1662.94
2006-09-22,1671.16
2006-09-21,1676.97
2006-09-20,1657.18
2006-09-19,1639.64
2006-09-18,1658.09
2006-09-15,1650.69
2006-09-14,1648.4
2006-09-13,1638.87
2006-09-12,1606.07
2006-09-11,1591.62
2006-09-08,1642.66
2006-09-07,1632.18
2006-09-06,1640.4
2006-09-05,1632.18
2006-09-04,1628.68
2006-09-01,1607.29
2006-08-31,1595.7
2006-08-30,1606.05
2006-08-29,1606.1
2006-08-28,1595.22
2006-08-25,1587.68
2006-08-24,1577.54
2006-08-23,1563.11
2006-08-22,1577.42
2006-08-21,1579.55
2006-08-18,1572.42
2006-08-17,1568.14
2006-08-16,1572.81
2006-08-14,1550.76
2006-08-11,1528.91
2006-08-10,1517.82
2006-08-09,1506.93
2006-08-08,1486.36
2006-08-07,1461.11
2006-08-04,1467.72
2006-08-03,1474.95
2006-08-02,1469.85
2006-08-01,1451.12
2006-07-31,1452.82
2006-07-28,1443.17
2006-07-27,1444.81
2006-07-26,1426.08
2006-07-25,1395.41
2006-07-24,1366.24
2006-07-21,1355.93
2006-07-20,1392.02
2006-07-19,1356.54
2006-07-18,1389.23
2006-07-17,1401.62
2006-07-14,1451.5
2006-07-13,1468.41
2006-07-12,1477.09
2006-07-11,1450.6
2006-07-10,1458.31
2006-07-07,1435.72
2006-07-06,1467.86
2006-07-05,1481.4
2006-07-04,1457.57
2006-07-03,1459.32
2006-06-30,1450.99
2006-06-29,1394.77
2006-06-28,1387.62
2006-06-27,1390.05
2006-06-26,1382.14
2006-06-25,1438.23
2006-06-23,1432.04
2006-06-22,1417.04
2006-06-21,1382.43
2006-06-20,1351.39
2006-06-19,1367.38
2006-06-16,1348.31
2006-06-15,1298.87
2006-06-14,1222.63
2006-06-13,1244.07
2006-06-12,1306.15
2006-06-09,1343.03
2006-06-08,1271.37
2006-06-07,1348.76
2006-06-06,1407.11
2006-06-05,1448.55
2006-06-02,1480.25
2006-06-01,1443.72
2006-05-31,1492.07
2006-05-30,1541.45
2006-05-29,1550.06
2006-05-26,1543.74
2006-05-25,1519.22
2006-05-24,1506.72
2006-05-23,1534.43
2006-05-22,1477.89
2006-05-19,1566.94
2006-05-18,1635.71
2006-05-17,1754.67
2006-05-16,1704.58
2006-05-15,1702.81
2006-05-12,1772.91
2006-05-11,1793.05
2006-05-10,1815.59
2006-05-09,1798.46
2006-05-08,1789.49
2006-05-05,1778.02
2006-05-04,1772.5
2006-05-03,1767.32
2006-05-02,1754.19
2006-04-29,1733.92
2006-04-28,1704.91
2006-04-27,1700.11
2006-04-26,1714.73
2006-04-25,1674.23
2006-04-24,1709.98
2006-04-21,1714.89
2006-04-20,1716.87
2006-04-19,1705.26
2006-04-18,1698.63
2006-04-17,1663.84
2006-04-13,1630.35
2006-04-12,1653.22
2006-04-10,1692.47
2006-04-07,1682.68
2006-04-05,1707.91
2006-04-04,1691.21
2006-04-03,1680.6
2006-03-31,1644.21
2006-03-30,1638.6
2006-03-29,1617.63
2006-03-28,1605.64
2006-03-27,1610.07
2006-03-24,1592.95
2006-03-23,1578.98
2006-03-22,1574.52
2006-03-21,1585.8
2006-03-20,1587.63
2006-03-17,1575.08
2006-03-16,1574.92
2006-03-14,1564.76
2006-03-13,1569.89
2006-03-10,1562.08
2006-03-09,1540.1
2006-03-08,1533.3
2006-03-07,1562.61
2006-03-06,1558.84
2006-03-03,1538.07
2006-03-02,1536.81
2006-03-01,1523.79
2006-02-28,1501.23
2006-02-27,1502.37
2006-02-24,1493.77
2006-02-23,1491.16
2006-02-22,1488.98
2006-02-21,1480.75
2006-02-20,1468.42
2006-02-17,1465.39
2006-02-16,1486.27
2006-02-15,1483.01
2006-02-14,1479.27
2006-02-13,1488.56
2006-02-10,1479.73
2006-02-08,1469.39
2006-02-07,1470.62
2006-02-06,1461.54
2006-02-03,1440.01
2006-02-02,1445.19
2006-02-01,1445.78
2006-01-31,1460.09
2006-01-30,1451.32
2006-01-27,1461.41
2006-01-25,1439.94
2006-01-24,1431.13
2006-01-23,1422.59
2006-01-20,1428.7
2006-01-19,1415.83
2006-01-18,1387.19
2006-01-17,1397.34
2006-01-16,1404.26
2006-01-13,1413.42
2006-01-12,1412.76
2006-01-10,1418.02
2006-01-09,1434.07
2006-01-06,1432.29
2006-01-05,1425.2
2006-01-04,1423.64
2006-01-03,1412.31
2006-01-02,1390.43
2005-12-30,1387.2
2005-12-29,1376.55
2005-12-28,1366.08
2005-12-27,1367.42
2005-12-26,1338.56
2005-12-23,1366.13
2005-12-22,1381.93
2005-12-21,1376.84
2005-12-20,1377.59
2005-12-19,1380.89
2005-12-16,1365.85
2005-12-15,1352.34
2005-12-14,1365.97
2005-12-13,1367.22
2005-12-12,1353.23
2005-12-09,1343.92
2005-12-08,1324.31
2005-12-07,1317.91
2005-12-06,1306.01
2005-12-05,1306.42
2005-12-02,1320.51
2005-12-01,1318.88
2005-11-30,1298.85
2005-11-29,1315.9
2005-11-28,1321.63
2005-11-26,1307.75
2005-11-25,1295.92
2005-11-24,1281.43
2005-11-23,1270.6
2005-11-22,1258.49
2005-11-21,1270.43
2005-11-18,1278.31
2005-11-17,1273.0
2005-11-16,1265.03
2005-11-14,1254.71
2005-11-11,1250.83
2005-11-10,1226.61
2005-11-09,1220.37
2005-11-08,1223.94
2005-11-07,1206.4
2005-11-02,1186.24
2005-11-01,1174.07
2005-10-31,1164.25
2005-10-28,1138.14
2005-10-27,1155.22
2005-10-26,1181.02
2005-10-25,1186.73
2005-10-24,1177.62
2005-10-21,1192.64
2005-10-20,1173.49
2005-10-19,1185.47
2005-10-18,1215.3
2005-10-17,1223.38
2005-10-14,1228.36
2005-10-13,1254.04
2005-10-11,1275.14
2005-10-10,1269.62
2005-10-07,1275.64
2005-10-06,1279.06
2005-10-05,1303.33
2005-10-04,1311.48
2005-10-03,1295.5
2005-09-30,1280.99
2005-09-29,1285.76
2005-09-28,1285.43
2005-09-27,1273.77
2005-09-26,1265.91
2005-09-23,1225.79
2005-09-22,1221.68
2005-09-21,1274.91
2005-09-20,1285.79
2005-09-19,1284.29
2005-09-16,1274.69
2005-09-15,1262.4
2005-09-14,1247.96
2005-09-13,1252.67
2005-09-12,1244.07
2005-09-09,1229.15
2005-09-08,1229.56
2005-09-06,1218.08
2005-09-05,1215.82
2005-09-02,1211.94
2005-09-01,1207.64
2005-08-31,1196.01
2005-08-30,1186.71
2005-08-29,1171.08
2005-08-26,1176.95
2005-08-25,1168.93
2005-08-24,1155.15
2005-08-23,1160.85
2005-08-22,1182.45
2005-08-19,1189.08
2005-08-18,1190.11
2005-08-17,1195.76
2005-08-16,1180.95
2005-08-12,1174.8
2005-08-11,1179.89
2005-08-10,1169.46
2005-08-09,1149.29
2005-08-08,1151.58
2005-08-05,1168.19
2005-08-04,1166.49
2005-08-03,1160.17
2005-08-02,1160.34
2005-08-01,1141.4
2005-07-29,1134.65
2005-07-27,1140.8
2005-07-26,1135.6
2005-07-25,1135.28
2005-07-22,1123.97
2005-07-21,1108.2
2005-07-20,1113.77
2005-07-19,1109.26
2005-07-18,1106.06
2005-07-15,1093.22
2005-07-14,1080.92
2005-07-13,1085.66
2005-07-12,1088.49
2005-07-11,1086.42
2005-07-08,1074.69
2005-07-07,1062.54
2005-07-06,1082.45
2005-07-05,1070.28
2005-07-04,1078.85
2005-07-01,1067.1
2005-06-30,1063.53
2005-06-29,1056.07
2005-06-28,1045.22
2005-06-27,1060.65
2005-06-24,1059.66
2005-06-23,1053.48
2005-06-22,1052.03
2005-06-21,1045.71
2005-06-20,1036.87
2005-06-17,1033.29
2005-06-16,1037.66
2005-06-15,1044.37
2005-06-14,1037.96
2005-06-13,1035.14
2005-06-10,1031.08
2005-06-09,1037.19
2005-06-08,1040.02
2005-06-07,1034.07
2005-06-06,1029.02
2005-06-04,1026.54
2005-06-03,1025.28
2005-06-02,1013.14
2005-06-01,1022.46
2005-05-31,1020.21
2005-05-30,1011.44
2005-05-27,1014.56
2005-05-26,1013.33
2005-05-25,1005.86
2005-05-24,1000.06
2005-05-23,994.79
2005-05-20,985.18
2005-05-19,984.57
2005-05-18,979.24
2005-05-17,981.7
2005-05-16,992.62
2005-05-13,982.62
2005-05-12,982.63
2005-05-11,976.8
2005-05-10,979.68
2005-05-09,981.65
2005-05-06,969.83
2005-05-05,963.77
2005-05-04,952.62
2005-05-03,941.79
2005-05-02,940.06
2005-04-29,936.6
2005-04-28,952.91
2005-04-27,955.57
2005-04-26,965.22
2005-04-25,969.34
2005-04-22,965.75
2005-04-21,957.36
2005-04-20,946.07
2005-04-19,938.69
2005-04-18,945.83
2005-04-15,956.97
2005-04-13,986.11
2005-04-12,985.44
2005-04-11,977.72
2005-04-08,988.19
2005-04-07,996.58
2005-04-06,1001.23
2005-04-05,993.28
2005-04-04,999.39
2005-04-01,1000.0
