Date,NIFTY_MIDCAP150_MOMENTUM_50
2024-07-26,78348.52
2024-07-25,77103.66
2024-07-24,77254.32
2024-07-23,76696.47
2024-07-22,77388.89
2024-07-19,76755.79
2024-07-18,78639.07
2024-07-16,80135.67
2024-07-15,80288.17
2024-07-12,79614.01
2024-07-11,79894.05
2024-07-10,79248.67
2024-07-09,79408.45
2024-07-08,79252.9
2024-07-05,79210.54
2024-07-04,78479.56
2024-07-03,77612.91
2024-07-02,76678.52
2024-07-01,77003.32
2024-06-28,76542.81
2024-06-27,76216.93
2024-06-26,76466.54
2024-06-25,77064.82
2024-06-24,77299.04
2024-06-21,77392.45
2024-06-20,77505.6
2024-06-19,76889.02
2024-06-18,77915.44
2024-06-14,77524.8
2024-06-13,76590.58
2024-06-12,76036.66
2024-06-11,75456.21
2024-06-10,74835.48
2024-06-07,74342.06
2024-06-06,73342.56
2024-06-05,71300.19
2024-06-04,69014.29
2024-06-03,76004.09
2024-05-31,73037.12
2024-05-30,72485.4
2024-05-29,73375.52
2024-05-28,73828.01
2024-05-27,74520.66
2024-05-24,74197.23
2024-05-23,73986.18
2024-05-22,73574.38
2024-05-21,73862.3
2024-05-18,73353.35
2024-05-17,72796.66
2024-05-16,71593.86
2024-05-15,70762.45
2024-05-14,69978.55
2024-05-13,69275.13
2024-05-10,68611.38
2024-05-09,68139.33
2024-05-08,69601.84
2024-05-07,68598.46
2024-05-06,70476.5
2024-05-03,71075.33
2024-05-02,70794.62
2024-04-30,69828.42
2024-04-29,69076.93
2024-04-26,68422.66
2024-04-25,67909.08
2024-04-24,67321.11
2024-04-23,66513.18
2024-04-22,66031.47
2024-04-19,65594.97
2024-04-18,65866.09
2024-04-16,66057.73
2024-04-15,65930.82
2024-04-12,66678.65
2024-04-10,67258.3
2024-04-09,66916.41
2024-04-08,67140.52
2024-04-05,67028.25
2024-04-04,66677.53
2024-04-03,66757.83
2024-04-02,66480.55
2024-04-01,66030.98
2024-03-28,64846.47
2024-03-27,64602.39
2024-03-26,64596.4
2024-03-22,63594.8
2024-03-21,63084.2
2024-03-20,61544.23
2024-03-19,61484.25
2024-03-18,62154.03
2024-03-15,62218.24
2024-03-14,62652.75
2024-03-13,61149.07
2024-03-12,64124.75
2024-03-11,65043.53
2024-03-07,65019.66
2024-03-06,64880.77
2024-03-05,65195.31
2024-03-04,65271.96
2024-03-02,64825.7
2024-03-01,64346.65
2024-02-29,63850.94
2024-02-28,63726.4
2024-02-27,64599.64
2024-02-26,64672.44
2024-02-23,64856.71
2024-02-22,64584.33
2024-02-21,64256.68
2024-02-20,64884.65
2024-02-19,64892.48
2024-02-16,64698.94
2024-02-15,63967.8
2024-02-14,63138.05
2024-02-13,62638.24
2024-02-12,62445.66
2024-02-09,64344.64
2024-02-08,65468.58
2024-02-07,65314.35
2024-02-06,64953.13
2024-02-05,64487.26
2024-02-02,64041.85
2024-02-01,63426.67
2024-01-31,64036.58
2024-01-30,62940.78
2024-01-29,63166.78
2024-01-25,62130.41
2024-01-24,62197.36
2024-01-23,60854.39
2024-01-20,62762.13
2024-01-19,62551.16
2024-01-18,61118.39
2024-01-17,61186.22
2024-01-16,61697.09
2024-01-15,61765.31
2024-01-12,61168.14
2024-01-11,60849.0
2024-01-10,61033.12
2024-01-09,60956.18
2024-01-08,60979.52
2024-01-05,61243.1
2024-01-04,61103.73
2024-01-03,60012.79
2024-01-02,59862.49
2024-01-01,59813.26
2023-12-29,59492.34
2023-12-28,59199.23
2023-12-27,59178.87
2023-12-26,59107.16
2023-12-22,58777.08
2023-12-21,58473.26
2023-12-20,57801.69
2023-12-19,59622.24
2023-12-18,59895.6
2023-12-15,59833.56
2023-12-14,60010.31
2023-12-13,59553.18
2023-12-12,58389.94
2023-12-11,58549.91
2023-12-08,57910.52
2023-12-07,57853.34
2023-12-06,57681.36
2023-12-05,57769.24
2023-12-04,57658.49
2023-12-01,56645.24
2023-11-30,55670.12
2023-11-29,55095.67
2023-11-28,54548.76
2023-11-24,54421.39
2023-11-23,54526.69
2023-11-22,54589.83
2023-11-21,53934.66
2023-11-20,54055.55
2023-11-17,53906.79
2023-11-16,53671.27
2023-11-15,53370.74
2023-11-13,53032.84
2023-11-12,52749.54
2023-11-10,52361.35
2023-11-09,52073.05
2023-11-08,51879.62
2023-11-07,51406.88
2023-11-06,50901.74
2023-11-03,50583.24
2023-11-02,50355.29
2023-11-01,49595.56
2023-10-31,49723.94
2023-10-30,49586.51
2023-10-27,49430.25
2023-10-26,48492.18
2023-10-25,49159.26
2023-10-23,49511.75
2023-10-20,50740.84
2023-10-19,51046.55
2023-10-18,51132.48
2023-10-17,51562.99
2023-10-16,51341.56
2023-10-13,51160.3
2023-10-12,51127.15
2023-10-11,50995.49
2023-10-10,50623.53
2023-10-09,50059.77
2023-10-06,50589.53
2023-10-05,50306.43
2023-10-04,50492.26
2023-10-03,51475.28
2023-09-29,51207.75
2023-09-28,50597.51
2023-09-27,51262.7
2023-09-26,50600.81
2023-09-25,50595.99
2023-09-22,50122.44
2023-09-21,49938.81
2023-09-20,50347.53
2023-09-18,50473.86
2023-09-15,50407.52
2023-09-14,50566.94
2023-09-13,50200.41
2023-09-12,50326.09
2023-09-11,51871.94
2023-09-08,51349.06
2023-09-07,50553.43
2023-09-06,50124.62
2023-09-05,50276.52
2023-09-04,49748.02
2023-09-01,49146.79
2023-08-31,48823.03
2023-08-30,48624.68
2023-08-29,48155.48
2023-08-28,48084.65
2023-08-25,47872.28
2023-08-24,48225.11
2023-08-23,48352.09
2023-08-22,48092.66
2023-08-21,47542.08
2023-08-18,47139.54
2023-08-17,47166.72
2023-08-16,46867.23
2023-08-14,46748.22
2023-08-11,46769.97
2023-08-10,46746.08
2023-08-09,46788.72
2023-08-08,46756.71
2023-08-07,46739.73
2023-08-04,46370.26
2023-08-03,46261.63
2023-08-02,46314.37
2023-08-01,46746.92
2023-07-31,46923.34
2023-07-28,46400.0
2023-07-27,46089.73
2023-07-26,45870.48
2023-07-25,45715.57
2023-07-24,45552.53
2023-07-21,45301.13
2023-07-20,45507.47
2023-07-19,45398.62
2023-07-18,44981.89
2023-07-17,44837.93
2023-07-14,44725.86
2023-07-13,44455.35
2023-07-12,44737.99
2023-07-11,44519.38
2023-07-10,43999.64
2023-07-07,44077.6
2023-07-06,44413.68
2023-07-05,44089.7
2023-07-04,43793.89
2023-07-03,44016.31
2023-06-30,43962.12
2023-06-28,43828.15
2023-06-27,43600.13
2023-06-26,43423.04
2023-06-23,43127.7
2023-06-22,43612.69
2023-06-21,44047.43
2023-06-20,43943.9
2023-06-19,43758.04
2023-06-16,43858.09
2023-06-15,43345.34
2023-06-14,43400.28
2023-06-13,43238.1
2023-06-12,42763.69
2023-06-09,42607.58
2023-06-08,42537.17
2023-06-07,42898.07
2023-06-06,42500.75
2023-06-05,42411.03
2023-06-02,42327.43
2023-06-01,42115.75
2023-05-31,42153.49
2023-05-30,41860.24
2023-05-29,41732.12
2023-05-26,41575.29
2023-05-25,41057.07
2023-05-24,40895.09
2023-05-23,40931.75
2023-05-22,40886.72
2023-05-19,40683.76
2023-05-18,40650.8
2023-05-17,40912.99
2023-05-16,40895.24
2023-05-15,40725.44
2023-05-12,40634.45
2023-05-11,40615.41
2023-05-10,40503.73
2023-05-09,40448.86
2023-05-08,40492.48
2023-05-05,40368.35
2023-05-04,40535.54
2023-05-03,40195.37
2023-05-02,39961.76
2023-04-28,39576.92
2023-04-27,39231.91
2023-04-26,39056.71
2023-04-25,38863.38
2023-04-24,38809.5
2023-04-21,38513.07
2023-04-20,38773.76
2023-04-19,38861.51
2023-04-18,38859.73
2023-04-17,38791.46
2023-04-13,38371.8
2023-04-12,38304.96
2023-04-11,38143.51
2023-04-10,37903.05
2023-04-06,37858.46
2023-04-05,37782.8
2023-04-03,37918.73
2023-03-31,37811.02
2023-03-29,37636.98
2023-03-28,36795.56
2023-03-27,36823.04
2023-03-24,37038.96
2023-03-23,37486.43
2023-03-22,37618.09
2023-03-21,37581.56
2023-03-20,37346.26
2023-03-17,37654.39
2023-03-16,37448.67
2023-03-15,37593.54
2023-03-14,37619.58
2023-03-13,37816.64
2023-03-10,38470.21
2023-03-09,38751.22
2023-03-08,38999.81
2023-03-06,38736.43
2023-03-03,38548.97
2023-03-02,38308.51
2023-03-01,38432.81
2023-02-28,37732.07
2023-02-27,37438.5
2023-02-24,37519.06
2023-02-23,37695.19
2023-02-22,37634.52
2023-02-21,38139.7
2023-02-20,38225.33
2023-02-17,38260.72
2023-02-16,38522.44
2023-02-15,38163.59
2023-02-14,37994.52
2023-02-13,38136.06
2023-02-10,38532.13
2023-02-09,38323.56
2023-02-08,38231.64
2023-02-07,38037.83
2023-02-06,37970.52
2023-02-03,37804.94
2023-02-02,37677.63
2023-02-01,37630.96
2023-01-31,37866.64
2023-01-30,37202.39
2023-01-27,37299.15
2023-01-25,37696.63
2023-01-24,38106.11
2023-01-23,38218.42
2023-01-20,38398.41
2023-01-19,38636.41
2023-01-18,38697.27
2023-01-17,38632.86
2023-01-16,38692.06
2023-01-13,38667.39
2023-01-12,38550.39
2023-01-11,38643.13
2023-01-10,38738.21
2023-01-09,39127.98
2023-01-06,38779.37
2023-01-05,39081.56
2023-01-04,38990.36
2023-01-03,39375.54
2023-01-02,39273.29
2022-12-30,39016.44
2022-12-29,38800.21
2022-12-28,38859.46
2022-12-27,38611.0
2022-12-26,38286.4
2022-12-23,37309.08
2022-12-22,38657.3
2022-12-21,39059.82
2022-12-20,39828.18
2022-12-19,39792.42
2022-12-16,39657.0
2022-12-15,40416.12
2022-12-14,40969.14
2022-12-13,40680.62
2022-12-12,40693.76
2022-12-09,40739.5
2022-12-08,40934.64
2022-12-07,40868.23
2022-12-06,41130.8
2022-12-05,41363.94
2022-12-02,41515.38
2022-12-01,41253.14
2022-11-30,40871.05
2022-11-29,40588.86
2022-11-28,40829.15
2022-11-25,40562.84
2022-11-24,40329.52
2022-11-23,40187.25
2022-11-22,40139.62
2022-11-21,40051.19
2022-11-18,39930.09
2022-11-17,40117.25
2022-11-16,40258.15
2022-11-15,40264.43
2022-11-14,40366.15
2022-11-11,40541.36
2022-11-10,40682.8
2022-11-09,41100.89
2022-11-07,41474.75
2022-11-04,41167.02
2022-11-03,41279.93
2022-11-02,41303.1
2022-11-01,41291.26
2022-10-31,40905.34
2022-10-28,40286.17
2022-10-27,40686.46
2022-10-25,40479.59
2022-10-24,40318.05
2022-10-21,40051.54
2022-10-20,40375.79
2022-10-19,40382.89
2022-10-18,40541.86
2022-10-17,40020.67
2022-10-14,39967.59
2022-10-13,40066.14
2022-10-12,40408.81
2022-10-11,40284.43
2022-10-10,40981.2
2022-10-07,41355.25
2022-10-06,41267.63
2022-10-04,40490.49
2022-10-03,39583.16
2022-09-30,39995.83
2022-09-29,39350.89
2022-09-28,39114.13
2022-09-27,39101.42
2022-09-26,39148.41
2022-09-23,40518.28
2022-09-22,41283.47
2022-09-21,41035.49
2022-09-20,41154.17
2022-09-19,40564.29
2022-09-16,40546.06
2022-09-15,41469.05
2022-09-14,41245.08
2022-09-13,41471.2
2022-09-12,41439.49
2022-09-09,40855.28
2022-09-08,40653.02
2022-09-07,40611.04
2022-09-06,40537.01
2022-09-05,40532.43
2022-09-02,40134.52
2022-09-01,40192.21
2022-08-30,39944.8
2022-08-29,39162.25
2022-08-26,39511.78
2022-08-25,39355.38
2022-08-24,39310.44
2022-08-23,39154.99
2022-08-22,38807.6
2022-08-19,39594.12
2022-08-18,40129.06
2022-08-17,40027.76
2022-08-16,39987.03
2022-08-12,39272.57
2022-08-11,38884.19
2022-08-10,38401.5
2022-08-08,38360.1
2022-08-05,37952.71
2022-08-04,37769.93
2022-08-03,37567.27
2022-08-02,37598.54
2022-08-01,37493.74
2022-07-29,37065.28
2022-07-28,36557.28
2022-07-27,36241.35
2022-07-26,36106.83
2022-07-25,36515.31
2022-07-22,36358.11
2022-07-21,36313.62
2022-07-20,35832.27
2022-07-19,35757.42
2022-07-18,35426.84
2022-07-15,34976.39
2022-07-14,34641.65
2022-07-13,34681.69
2022-07-12,34652.45
2022-07-11,34865.17
2022-07-08,34560.22
2022-07-07,34488.47
2022-07-06,34028.13
2022-07-05,33485.81
2022-07-04,33393.61
2022-07-01,33097.74
2022-06-30,33234.04
2022-06-29,33587.13
2022-06-28,33639.51
2022-06-27,33464.37
2022-06-24,32916.07
2022-06-23,32589.77
2022-06-22,32070.49
2022-06-21,32548.39
2022-06-20,31648.13
2022-06-17,32446.31
2022-06-16,32704.58
2022-06-15,33544.5
2022-06-14,33419.81
2022-06-13,33456.71
2022-06-10,34424.02
2022-06-09,34645.81
2022-06-08,34398.84
2022-06-07,34674.8
2022-06-06,34943.94
2022-06-03,34964.5
2022-06-02,35537.72
2022-06-01,35390.75
2022-05-31,35251.96
2022-05-30,35073.23
2022-05-27,34157.01
2022-05-26,33585.95
2022-05-25,33309.2
2022-05-24,34280.24
2022-05-23,34534.22
2022-05-20,34666.57
2022-05-19,34071.57
2022-05-18,35077.02
2022-05-17,35008.71
2022-05-16,34090.96
2022-05-13,33731.05
2022-05-12,33258.5
2022-05-11,33971.82
2022-05-10,34157.41
2022-05-09,34944.81
2022-05-06,35644.77
2022-05-05,36503.31
2022-05-04,36351.95
2022-05-02,36965.38
2022-04-29,37380.44
2022-04-28,37508.41
2022-04-27,37279.59
2022-04-26,37464.67
2022-04-25,37168.63
2022-04-22,37807.39
2022-04-21,37944.82
2022-04-20,37463.27
2022-04-19,37235.46
2022-04-18,37877.17
2022-04-13,38584.97
2022-04-12,38596.74
2022-04-11,39330.83
2022-04-08,39349.1
2022-04-07,39073.26
2022-04-06,39504.34
2022-04-05,39645.39
2022-04-04,38972.86
2022-04-01,38516.85
2022-03-31,38336.35
2022-03-30,38408.03
2022-03-29,37713.78
2022-03-28,37503.81
2022-03-25,37515.71
2022-03-24,37467.81
2022-03-23,37185.9
2022-03-22,37084.74
2022-03-21,36962.47
2022-03-17,36932.7
2022-03-16,36597.22
2022-03-15,35910.65
2022-03-14,36348.15
2022-03-11,36116.62
2022-03-10,35983.73
2022-03-09,35622.51
2022-03-08,34928.75
2022-03-07,34495.42
2022-03-04,35228.37
2022-03-03,35909.52
2022-03-02,35822.94
2022-02-28,35878.76
2022-02-25,35527.77
2022-02-24,33989.3
2022-02-23,35944.45
2022-02-22,35880.41
2022-02-21,36022.37
2022-02-18,36283.58
2022-02-17,36523.63
2022-02-16,36596.23
2022-02-15,36712.56
2022-02-14,35702.91
2022-02-11,37030.44
2022-02-10,37991.24
2022-02-09,37914.52
2022-02-08,37345.18
2022-02-07,37690.97
2022-02-04,37991.56
2022-02-03,38152.76
2022-02-02,38677.88
2022-02-01,38317.55
2022-01-31,38066.66
2022-01-28,37316.67
2022-01-27,36597.98
2022-01-25,37428.42
2022-01-24,37028.14
2022-01-21,38558.58
2022-01-20,39543.0
2022-01-19,39399.32
2022-01-18,39453.43
2022-01-17,40235.72
2022-01-14,40073.21
2022-01-13,40048.54
2022-01-12,39749.22
2022-01-11,39243.37
2022-01-10,39208.19
2022-01-07,39143.34
2022-01-06,38933.99
2022-01-05,39109.31
2022-01-04,39448.53
2022-01-03,39313.66
2021-12-31,38886.31
2021-12-30,38487.63
2021-12-29,38453.16
2021-12-28,38452.18
2021-12-27,38023.18
2021-12-24,37826.24
2021-12-23,38138.02
2021-12-22,37838.59
2021-12-21,37151.22
2021-12-20,36624.87
2021-12-17,38121.48
2021-12-16,38846.85
2021-12-15,38901.17
2021-12-14,39104.79
2021-12-13,39032.49
2021-12-10,38986.6
2021-12-09,38700.36
2021-12-08,38409.15
2021-12-07,37731.92
2021-12-06,37177.05
2021-12-03,37921.25
2021-12-02,38146.86
2021-12-01,37443.26
2021-11-30,36925.29
2021-11-29,36651.54
2021-11-26,37022.11
2021-11-25,38415.25
2021-11-24,38279.65
2021-11-23,38517.6
2021-11-22,37805.51
2021-11-18,38950.16
2021-11-17,39667.19
2021-11-16,39743.94
2021-11-15,39788.18
2021-11-12,39609.36
2021-11-11,39398.75
2021-11-10,39514.07
2021-11-09,39564.95
2021-11-08,39079.04
2021-11-04,38623.77
2021-11-03,38287.54
2021-11-02,38452.89
2021-11-01,38197.68
2021-10-29,37564.71
2021-10-28,37586.46
2021-10-27,38356.23
2021-10-26,38206.25
2021-10-25,37475.95
2021-10-22,38024.04
2021-10-21,38494.39
2021-10-20,38992.35
2021-10-19,39891.15
2021-10-18,40625.83
2021-10-14,40171.67
2021-10-13,39758.39
2021-10-12,38874.14
2021-10-11,38908.05
2021-10-08,38867.17
2021-10-07,38546.08
2021-10-06,37920.29
2021-10-05,37995.75
2021-10-04,37734.08
2021-10-01,37068.92
2021-09-30,37056.0
2021-09-29,36732.07
2021-09-28,36311.47
2021-09-27,36692.77
2021-09-24,37023.44
2021-09-23,37208.15
2021-09-22,36751.64
2021-09-21,36517.33
2021-09-20,36293.74
2021-09-17,36903.69
2021-09-16,37329.24
2021-09-15,37125.68
2021-09-14,36543.9
2021-09-13,36312.32
2021-09-09,36031.66
2021-09-08,35877.33
2021-09-07,35780.79
2021-09-06,35835.33
2021-09-03,35692.31
2021-09-02,35536.05
2021-09-01,35165.76
2021-08-31,35036.44
2021-08-30,34766.39
2021-08-27,34118.95
2021-08-26,33664.01
2021-08-25,33613.45
2021-08-24,33457.07
2021-08-23,33001.6
2021-08-20,33163.14
2021-08-18,33680.4
2021-08-17,33583.35
2021-08-16,33211.62
2021-08-13,33179.49
2021-08-12,33172.62
2021-08-11,32697.08
2021-08-10,32727.5
2021-08-09,33159.89
2021-08-06,33361.15
2021-08-05,33328.98
2021-08-04,33092.43
2021-08-03,33389.92
2021-08-02,33252.39
2021-07-30,32885.39
2021-07-29,32525.44
2021-07-28,32088.12
2021-07-27,32224.2
2021-07-26,32364.9
2021-07-23,32226.75
2021-07-22,31935.96
2021-07-20,31557.81
2021-07-19,31907.9
2021-07-16,32192.92
2021-07-15,32250.73
2021-07-14,31942.03
2021-07-13,31790.42
2021-07-12,31758.31
2021-07-09,31694.99
2021-07-08,31522.14
2021-07-07,31658.07
2021-07-06,31526.02
2021-07-05,31579.55
2021-07-02,31608.22
2021-07-01,31481.76
2021-06-30,31630.16
2021-06-29,31387.49
2021-06-28,31532.96
2021-06-25,31459.31
2021-06-24,31240.42
2021-06-23,31429.13
2021-06-22,31744.02
2021-06-21,31596.39
2021-06-18,31300.47
2021-06-17,31408.78
2021-06-16,31927.32
2021-06-15,32459.99
2021-06-14,32459.34
2021-06-11,32830.71
2021-06-10,32702.41
2021-06-09,32284.57
2021-06-08,32644.64
2021-06-07,32364.67
2021-06-04,32299.84
2021-06-03,31974.63
2021-06-02,31515.31
2021-06-01,30678.41
2021-05-31,30275.51
2021-05-28,30053.66
2021-05-27,30215.28
2021-05-26,30104.1
2021-05-25,29920.93
2021-05-24,30079.16
2021-05-21,29976.94
2021-05-20,29833.89
2021-05-19,29783.52
2021-05-18,29893.75
2021-05-17,29311.0
2021-05-14,28629.23
2021-05-12,29293.39
2021-05-11,29620.76
2021-05-10,29436.59
2021-05-07,29341.87
2021-05-06,29565.25
2021-05-05,29154.84
2021-05-04,28857.68
2021-05-03,28952.58
2021-04-30,28500.36
2021-04-29,28803.34
2021-04-28,28799.58
2021-04-27,28735.15
2021-04-26,28332.29
2021-04-23,28189.94
2021-04-22,28260.18
2021-04-20,28112.2
2021-04-19,28015.23
2021-04-16,28269.22
2021-04-15,27783.65
2021-04-13,27583.89
2021-04-12,27244.0
2021-04-09,28715.74
2021-04-08,28392.73
2021-04-07,28383.66
2021-04-06,28317.03
2021-04-05,27889.89
2021-04-01,27902.07
2021-03-31,27265.07
2021-03-30,27137.58
2021-03-26,26460.61
2021-03-25,26048.16
2021-03-24,26577.03
2021-03-23,26952.81
2021-03-22,26587.21
2021-03-19,26028.08
2021-03-18,25822.3
2021-03-17,26163.42
2021-03-16,26699.64
2021-03-15,26617.62
2021-03-12,26700.83
2021-03-10,26665.5
2021-03-09,26427.84
2021-03-08,26484.45
2021-03-05,26376.66
2021-03-04,26782.36
2021-03-03,26604.6
2021-03-02,26051.17
2021-03-01,25513.19
2021-02-26,25137.01
2021-02-25,25323.91
2021-02-24,25076.63
2021-02-23,24943.71
2021-02-22,24731.96
2021-02-19,24800.44
2021-02-18,25140.79
2021-02-17,25126.52
2021-02-16,25039.88
2021-02-15,24720.54
2021-02-12,24223.04
2021-02-11,24135.01
2021-02-10,24034.49
2021-02-09,23878.76
2021-02-08,23910.97
2021-02-05,23445.29
2021-02-04,23605.08
2021-02-03,23257.08
2021-02-02,22888.44
2021-02-01,22326.56
2021-01-29,21690.98
2021-01-28,21908.06
2021-01-27,22046.89
2021-01-25,22328.57
2021-01-22,22469.46
2021-01-21,22697.62
2021-01-20,22944.01
2021-01-19,22695.32
2021-01-18,22290.56
2021-01-15,22658.5
2021-01-14,22884.54
2021-01-13,22873.51
2021-01-12,23054.66
2021-01-11,22982.3
2021-01-08,22961.24
2021-01-07,22725.31
2021-01-06,22533.1
2021-01-05,22505.03
2021-01-04,22358.07
2021-01-01,22031.09
2020-12-31,21810.79
2020-12-30,21754.8
2020-12-29,21692.02
2020-12-28,21783.76
2020-12-24,21646.83
2020-12-23,21574.74
2020-12-22,21110.94
2020-12-21,20896.41
2020-12-18,21506.59
2020-12-17,21496.12
2020-12-16,21485.17
2020-12-15,21281.29
2020-12-14,21322.49
2020-12-11,21253.37
2020-12-10,21233.9
2020-12-09,21303.56
2020-12-08,21281.2
2020-12-07,21289.96
2020-12-04,21161.43
2020-12-03,21094.41
2020-12-02,21099.75
2020-12-01,21002.41
2020-11-27,20931.47
2020-11-26,20559.43
2020-11-25,20442.24
2020-11-24,20951.8
2020-11-23,20884.08
2020-11-20,20611.14
2020-11-19,20305.56
2020-11-18,20456.48
2020-11-17,20276.5
2020-11-14,20142.79
2020-11-13,20032.06
2020-11-12,19758.38
2020-11-11,19650.38
2020-11-10,19486.31
2020-11-09,19956.11
2020-11-06,19829.86
2020-11-05,19776.15
2020-11-04,19455.6
2020-11-03,19292.7
2020-11-02,19225.26
2020-10-30,19243.61
2020-10-29,19253.24
2020-10-28,19280.39
2020-10-27,19370.74
2020-10-26,19045.89
2020-10-23,19262.49
2020-10-22,19170.15
2020-10-21,19134.42
2020-10-20,19136.78
2020-10-19,19078.85
2020-10-16,19080.84
2020-10-15,19040.11
2020-10-14,19303.0
2020-10-13,19318.34
2020-10-12,19387.72
2020-10-09,19271.04
2020-10-08,19420.94
2020-10-07,19389.85
2020-10-06,19431.84
2020-10-05,19384.22
2020-10-01,19412.8
2020-09-30,19380.58
2020-09-29,19335.91
2020-09-28,19381.43
2020-09-25,18942.72
2020-09-24,18553.42
2020-09-23,18792.03
2020-09-22,18879.19
2020-09-21,19096.12
2020-09-18,19671.07
2020-09-17,19645.62
2020-09-16,19681.09
2020-09-15,19586.04
2020-09-14,19361.19
2020-09-11,18819.44
2020-09-10,18698.57
2020-09-09,18510.89
2020-09-08,18542.47
2020-09-07,18702.67
2020-09-04,18821.3
2020-09-03,19080.94
2020-09-02,18873.68
2020-09-01,18527.76
2020-08-31,18381.01
2020-08-28,19081.36
2020-08-27,19103.31
2020-08-26,19098.67
2020-08-25,19077.31
2020-08-24,18983.43
2020-08-21,18790.22
2020-08-20,18648.48
2020-08-19,18606.41
2020-08-18,18539.84
2020-08-17,18404.71
2020-08-14,18428.61
2020-08-13,18546.71
2020-08-12,18363.5
2020-08-11,18469.95
2020-08-10,18682.53
2020-08-07,18463.45
2020-08-06,18187.01
2020-08-05,17986.52
2020-08-04,17905.17
2020-08-03,17694.62
2020-07-31,17595.75
2020-07-30,17407.43
2020-07-29,17476.17
2020-07-28,17362.04
2020-07-27,17276.49
2020-07-24,17452.25
2020-07-23,17466.1
2020-07-22,17359.47
2020-07-21,17360.78
2020-07-20,17402.71
2020-07-17,17291.22
2020-07-16,17118.54
2020-07-15,16989.27
2020-07-14,17014.64
2020-07-13,17047.16
2020-07-10,17084.84
2020-07-09,17084.96
2020-07-08,17003.9
2020-07-07,17099.09
2020-07-06,17079.7
2020-07-03,16905.36
2020-07-02,16780.19
2020-07-01,16630.8
2020-06-30,16672.62
2020-06-29,16676.72
2020-06-26,16788.34
2020-06-25,16768.57
2020-06-24,16531.71
2020-06-23,16769.93
2020-06-22,16444.25
2020-06-19,16223.53
2020-06-18,16059.4
2020-06-17,15960.48
2020-06-16,15978.82
2020-06-15,15943.9
2020-06-12,16093.81
2020-06-11,15960.41
2020-06-10,16127.17
2020-06-09,15994.42
2020-06-08,16074.55
2020-06-05,16068.84
2020-06-04,15899.79
2020-06-03,15891.63
2020-06-02,15741.38
2020-06-01,15555.58
2020-05-29,15165.09
2020-05-28,15042.56
2020-05-27,14863.95
2020-05-26,14879.68
2020-05-22,14694.32
2020-05-21,14797.53
2020-05-20,14676.2
2020-05-19,14471.57
2020-05-18,14484.02
2020-05-15,15057.84
2020-05-14,15166.57
2020-05-13,15138.99
2020-05-12,14916.43
2020-05-11,15054.69
2020-05-08,15018.4
2020-05-07,15000.36
2020-05-06,15126.39
2020-05-05,15016.37
2020-05-04,15155.76
2020-04-30,15689.12
2020-04-29,15439.9
2020-04-28,15231.19
2020-04-27,15039.49
2020-04-24,14738.84
2020-04-23,15008.22
2020-04-22,14871.63
2020-04-21,14775.87
2020-04-20,15101.69
2020-04-17,15084.8
2020-04-16,14868.14
2020-04-15,14653.52
2020-04-13,14529.07
2020-04-09,14724.31
2020-04-08,14312.43
2020-04-07,14101.92
2020-04-03,13329.7
2020-04-01,13377.69
2020-03-31,13619.34
2020-03-30,13242.35
2020-03-27,13432.08
2020-03-26,13481.04
2020-03-25,12933.67
2020-03-24,12438.09
2020-03-23,12309.89
2020-03-20,14135.54
2020-03-19,13373.3
2020-03-18,13973.56
2020-03-17,14944.42
2020-03-16,15329.09
2020-03-13,16199.12
2020-03-12,15764.33
2020-03-11,17024.85
2020-03-09,17136.64
2020-03-06,17817.78
2020-03-05,18054.66
2020-03-04,17991.12
2020-03-03,18306.56
2020-03-02,17958.65
2020-02-28,18059.45
2020-02-27,18503.72
2020-02-26,18666.28
2020-02-25,18872.77
2020-02-24,18983.97
2020-02-20,19230.46
2020-02-19,19149.54
2020-02-18,18817.77
2020-02-17,18782.34
2020-02-14,18927.34
2020-02-13,19022.69
2020-02-12,19014.13
2020-02-11,18945.38
2020-02-10,18909.58
2020-02-07,18977.48
2020-02-06,18754.67
2020-02-05,18697.67
2020-02-04,18521.33
2020-02-03,18376.61
2020-02-01,18156.9
2020-01-31,18549.65
2020-01-30,18570.19
2020-01-29,18615.11
2020-01-28,18603.02
2020-01-27,18554.54
2020-01-24,18508.36
2020-01-23,18287.62
2020-01-22,17948.73
2020-01-21,18010.96
2020-01-20,18053.23
2020-01-17,18096.52
2020-01-16,18034.85
2020-01-15,17872.92
2020-01-14,17656.53
2020-01-13,17487.3
2020-01-10,17392.22
2020-01-09,17368.53
2020-01-08,17174.45
2020-01-07,17091.84
2020-01-06,16976.58
2020-01-03,17306.75
2020-01-02,17357.74
2020-01-01,17243.12
2019-12-31,17192.9
2019-12-30,17197.12
2019-12-27,17140.77
2019-12-26,17006.2
2019-12-24,16964.92
2019-12-23,16981.72
2019-12-20,17054.0
2019-12-19,17024.9
2019-12-18,17019.28
2019-12-17,17028.2
2019-12-16,16963.3
2019-12-13,17018.49
2019-12-12,16869.52
2019-12-11,16815.4
2019-12-10,16606.31
2019-12-09,16759.22
2019-12-06,16742.24
2019-12-05,16937.02
2019-12-04,16940.95
2019-12-03,16872.85
2019-12-02,16991.46
2019-11-29,17007.59
2019-11-28,16935.2
2019-11-27,16804.92
2019-11-26,16691.07
2019-11-25,16830.29
2019-11-22,16723.73
2019-11-21,16717.17
2019-11-20,16890.77
2019-11-19,16883.75
2019-11-18,16858.99
2019-11-15,16697.4
2019-11-14,16671.37
2019-11-13,16598.23
2019-11-11,16717.25
2019-11-08,16624.86
2019-11-07,16709.22
2019-11-06,16552.35
2019-11-05,16591.49
2019-11-04,16766.45
2019-11-01,16826.68
2019-10-31,16765.98
2019-10-30,16454.55
2019-10-29,16399.48
2019-10-27,16243.6
2019-10-25,16124.5
2019-10-24,16133.66
2019-10-23,16077.18
2019-10-22,16061.35
2019-10-18,16023.34
2019-10-17,15784.23
2019-10-16,15508.33
2019-10-15,15537.25
2019-10-14,15520.46
2019-10-11,15492.5
2019-10-10,15447.38
2019-10-09,15622.85
2019-10-07,15421.9
2019-10-04,15400.78
2019-10-03,15436.18
2019-10-01,15390.23
2019-09-30,15670.25
2019-09-27,15873.61
2019-09-26,15925.01
2019-09-25,15832.42
2019-09-24,16082.89
2019-09-23,16117.48
2019-09-20,15628.84
2019-09-19,14798.77
2019-09-18,15050.94
2019-09-17,14995.53
2019-09-16,15267.05
2019-09-13,15310.65
2019-09-12,15207.27
2019-09-11,15335.99
2019-09-09,15277.06
2019-09-06,15068.05
2019-09-05,14988.18
2019-09-04,14984.85
2019-09-03,14890.83
2019-08-30,15119.17
2019-08-29,14929.02
2019-08-28,14972.31
2019-08-27,15137.22
2019-08-26,15021.65
2019-08-23,14850.76
2019-08-22,14759.16
2019-08-21,15031.26
2019-08-20,15208.27
2019-08-19,15306.75
2019-08-16,15226.23
2019-08-14,15118.53
2019-08-13,14974.01
2019-08-09,15289.94
2019-08-08,15114.47
2019-08-07,14984.21
2019-08-06,15036.73
2019-08-05,14734.61
2019-08-02,14897.3
2019-08-01,14914.56
2019-07-31,15052.9
2019-07-30,14914.93
2019-07-29,15084.9
2019-07-26,15190.76
2019-07-25,15174.29
2019-07-24,15045.39
2019-07-23,15276.18
2019-07-22,15296.05
2019-07-19,15404.92
2019-07-18,15732.4
2019-07-17,15992.06
2019-07-16,16036.46
2019-07-15,15890.03
2019-07-12,15973.55
2019-07-11,15931.76
2019-07-10,15827.33
2019-07-09,15993.61
2019-07-08,15975.69
2019-07-05,16384.08
2019-07-04,16628.38
2019-07-03,16672.51
2019-07-02,16680.75
2019-07-01,16594.44
2019-06-28,16584.99
2019-06-27,16537.74
2019-06-26,16440.45
2019-06-25,16419.19
2019-06-24,16306.86
2019-06-21,16265.24
2019-06-20,16270.29
2019-06-19,16095.78
2019-06-18,16237.09
2019-06-17,16268.39
2019-06-14,16409.85
2019-06-13,16538.0
2019-06-12,16590.89
2019-06-11,16691.02
2019-06-10,16611.26
2019-06-07,16535.6
2019-06-06,16518.49
2019-06-04,16662.18
2019-06-03,16775.58
2019-05-31,16524.69
2019-05-30,16532.01
2019-05-29,16426.01
2019-05-28,16541.32
2019-05-27,16430.76
2019-05-24,16421.98
2019-05-23,16239.13
2019-05-22,16289.58
2019-05-21,16284.71
2019-05-20,16318.27
2019-05-17,15918.34
2019-05-16,15751.85
2019-05-15,15722.82
2019-05-14,15745.39
2019-05-13,15742.83
2019-05-10,15937.46
2019-05-09,15869.37
2019-05-08,15927.12
2019-05-07,16132.68
2019-05-06,16228.0
2019-05-03,16348.69
2019-05-02,16418.05
2019-04-30,16475.29
2019-04-26,16539.67
2019-04-25,16590.09
2019-04-24,16661.5
2019-04-23,16575.27
2019-04-22,16602.37
2019-04-18,16778.01
2019-04-16,16905.23
2019-04-15,16864.62
2019-04-12,16772.43
2019-04-11,16734.78
2019-04-10,16757.34
2019-04-09,16739.02
2019-04-08,16658.78
2019-04-05,16768.93
2019-04-04,16702.21
2019-04-03,16724.4
2019-04-02,16859.91
2019-04-01,16855.16
2019-03-29,16773.74
2019-03-28,16686.45
2019-03-27,16445.58
2019-03-26,16418.58
2019-03-25,16244.9
2019-03-22,16365.41
2019-03-20,16397.47
2019-03-19,16391.96
2019-03-18,16336.34
2019-03-15,16443.07
2019-03-14,16362.22
2019-03-13,16348.98
2019-03-12,16468.51
2019-03-11,16340.8
2019-03-08,16151.24
2019-03-07,16112.96
2019-03-06,16160.86
2019-03-05,16084.41
2019-03-01,15902.92
2019-02-28,15787.03
2019-02-27,15700.6
2019-02-26,15654.28
2019-02-25,15667.07
2019-02-22,15572.67
2019-02-21,15515.47
2019-02-20,15418.56
2019-02-19,15335.59
2019-02-18,15328.98
2019-02-15,15491.9
2019-02-14,15657.53
2019-02-13,15611.57
2019-02-12,15552.61
2019-02-11,15596.46
2019-02-08,15881.27
2019-02-07,16003.35
2019-02-06,15961.11
2019-02-05,15904.43
2019-02-04,16008.69
2019-02-01,16016.01
2019-01-31,15894.36
2019-01-30,15730.68
2019-01-29,15584.99
2019-01-28,15515.83
2019-01-25,15807.97
2019-01-24,16034.57
2019-01-23,16082.75
2019-01-22,16084.37
2019-01-21,16083.3
2019-01-18,16152.77
2019-01-17,16205.67
2019-01-16,16250.67
2019-01-15,16281.04
2019-01-14,16214.0
2019-01-11,16194.3
2019-01-10,16217.84
2019-01-09,16141.03
2019-01-08,16082.46
2019-01-07,16050.94
2019-01-04,16007.33
2019-01-03,16001.96
2019-01-02,16088.45
2019-01-01,16245.61
2018-12-31,16279.63
2018-12-28,16221.53
2018-12-27,16080.11
2018-12-26,16067.54
2018-12-24,16115.96
2018-12-21,16341.91
2018-12-20,16526.13
2018-12-19,16502.76
2018-12-18,16324.16
2018-12-17,16295.42
2018-12-14,16251.55
2018-12-13,16234.12
2018-12-12,16142.24
2018-12-11,15681.24
2018-12-10,15457.23
2018-12-07,15831.55
2018-12-06,15890.94
2018-12-05,16148.61
2018-12-04,16292.04
2018-12-03,16285.63
2018-11-30,16207.14
2018-11-29,15969.32
2018-11-28,15997.3
2018-11-27,16050.61
2018-11-26,16022.57
2018-11-22,16003.26
2018-11-21,16097.9
2018-11-20,16086.68
2018-11-19,16250.8
2018-11-16,16216.82
2018-11-15,16218.57
2018-11-14,16222.65
2018-11-13,16222.51
2018-11-12,16208.47
2018-11-09,16293.43
2018-11-07,16114.53
2018-11-06,15965.72
2018-11-05,16035.57
2018-11-02,16150.46
2018-11-01,16202.31
2018-10-31,16175.2
2018-10-30,15847.57
2018-10-29,15733.06
2018-10-26,15370.2
2018-10-25,15343.74
2018-10-24,15507.79
2018-10-23,15428.25
2018-10-22,15692.49
2018-10-19,15852.32
2018-10-17,16174.6
2018-10-16,16382.64
2018-10-15,16142.84
2018-10-12,15957.65
2018-10-11,15575.15
2018-10-10,15935.28
2018-10-09,15399.33
2018-10-08,15536.18
2018-10-05,15892.64
2018-10-04,16342.16
2018-10-03,16761.56
2018-10-01,17009.44
2018-09-28,17077.19
2018-09-27,17362.64
2018-09-26,17707.37
2018-09-25,17697.38
2018-09-24,17773.76
2018-09-21,18167.2
2018-09-19,18410.45
2018-09-18,18606.04
2018-09-17,18741.11
2018-09-14,18851.62
2018-09-12,18635.18
2018-09-11,18577.29
2018-09-10,18736.51
2018-09-07,19064.21
2018-09-06,18856.24
2018-09-05,18767.91
2018-09-04,18899.89
2018-09-03,19265.7
2018-08-31,19352.89
2018-08-30,19246.29
2018-08-29,19275.28
2018-08-28,19279.97
2018-08-27,19176.13
2018-08-24,18933.13
2018-08-23,19031.07
2018-08-21,18960.56
2018-08-20,18906.32
2018-08-17,18797.41
2018-08-16,18619.15
2018-08-14,18549.03
2018-08-13,18220.65
2018-08-10,18195.97
2018-08-09,18190.98
2018-08-08,18098.82
2018-08-07,18133.55
2018-08-06,18037.19
2018-08-03,18010.48
2018-08-02,17821.82
2018-08-01,17877.75
2018-07-31,17779.51
2018-07-30,17620.31
2018-07-27,17635.5
2018-07-26,17551.82
2018-07-25,17515.34
2018-07-24,17568.99
2018-07-23,17371.93
2018-07-20,17296.12
2018-07-19,17067.88
2018-07-18,17290.43
2018-07-17,17431.98
2018-07-16,17191.65
2018-07-13,17553.03
2018-07-12,17670.99
2018-07-11,17660.25
2018-07-10,17673.75
2018-07-09,17546.46
2018-07-06,17261.86
2018-07-05,17195.17
2018-07-04,17239.62
2018-07-03,17191.92
2018-07-02,17044.72
2018-06-29,17097.7
2018-06-28,16725.7
2018-06-27,17102.57
2018-06-26,17333.65
2018-06-25,17373.02
2018-06-22,17458.48
2018-06-21,17354.28
2018-06-20,17403.24
2018-06-19,17319.13
2018-06-18,17591.72
2018-06-15,17587.87
2018-06-14,17672.51
2018-06-13,17606.28
2018-06-12,17623.82
2018-06-11,17518.96
2018-06-08,17528.35
2018-06-07,17437.0
2018-06-06,17229.95
2018-06-05,16965.2
2018-06-04,17143.01
2018-06-01,17350.53
2018-05-31,17576.73
2018-05-30,17615.19
2018-05-29,17602.5
2018-05-28,17595.73
2018-05-25,17344.94
2018-05-24,17058.98
2018-05-23,17180.99
2018-05-22,17273.83
2018-05-21,17186.06
2018-05-18,17458.67
2018-05-17,17654.53
2018-05-16,17590.65
2018-05-15,17547.52
2018-05-14,17752.77
2018-05-11,17944.34
2018-05-10,17846.25
2018-05-09,18063.12
2018-05-08,18086.75
2018-05-07,18143.98
2018-05-04,17972.45
2018-05-03,17959.99
2018-05-02,18143.99
2018-04-30,18453.58
2018-04-27,18368.56
2018-04-26,18312.02
2018-04-25,18232.34
2018-04-24,18274.52
2018-04-23,18333.64
2018-04-20,18279.7
2018-04-19,18368.68
2018-04-18,18303.1
2018-04-17,18350.53
2018-04-16,18319.48
2018-04-13,18190.64
2018-04-12,18112.1
2018-04-11,18175.41
2018-04-10,18166.85
2018-04-09,18211.68
2018-04-06,18102.53
2018-04-05,17990.73
2018-04-04,17696.67
2018-04-03,17962.78
2018-04-02,17879.19
2018-03-28,17556.19
2018-03-27,17629.9
2018-03-26,17500.25
2018-03-23,17260.03
2018-03-22,17522.44
2018-03-21,17664.34
2018-03-20,17588.66
2018-03-19,17506.45
2018-03-16,17858.94
2018-03-15,18042.04
2018-03-14,18022.68
2018-03-13,18043.93
2018-03-12,17888.34
2018-03-09,17682.26
2018-03-08,17693.31
2018-03-07,17534.4
2018-03-06,17782.57
2018-03-05,17937.57
2018-03-01,18095.65
2018-02-28,18191.79
2018-02-27,18198.87
2018-02-26,18259.73
2018-02-23,18111.65
2018-02-22,17797.92
2018-02-21,17896.25
2018-02-20,17836.86
2018-02-19,17925.05
2018-02-16,18148.06
2018-02-15,18337.81
2018-02-14,18479.67
2018-02-12,18283.45
2018-02-09,18032.91
2018-02-08,17983.73
2018-02-07,17618.45
2018-02-06,17549.55
2018-02-05,17866.39
2018-02-02,18026.45
2018-02-01,18890.05
2018-01-31,19131.64
2018-01-30,19501.54
2018-01-29,19673.3
2018-01-25,19756.47
2018-01-24,19875.61
2018-01-23,20061.36
2018-01-22,19928.71
2018-01-19,19727.99
2018-01-18,19378.42
2018-01-17,19712.03
2018-01-16,19620.13
2018-01-15,19892.72
2018-01-12,19906.02
2018-01-11,19889.45
2018-01-10,19854.36
2018-01-09,19928.92
2018-01-08,19906.37
2018-01-05,19755.06
2018-01-04,19632.34
2018-01-03,19512.19
2018-01-02,19408.96
2018-01-01,19547.23
2017-12-29,19608.5
2017-12-28,19394.12
2017-12-27,19375.95
2017-12-26,19479.3
2017-12-22,19328.96
2017-12-21,19267.83
2017-12-20,19072.62
2017-12-19,18997.11
2017-12-18,18758.48
2017-12-15,18617.66
2017-12-14,18356.46
2017-12-13,18356.07
2017-12-12,18485.25
2017-12-11,18647.44
2017-12-08,18584.74
2017-12-07,18396.26
2017-12-06,18138.52
2017-12-05,18285.77
2017-12-04,18176.2
2017-12-01,18049.92
2017-11-30,18228.39
2017-11-29,18212.74
2017-11-28,18314.82
2017-11-27,18300.39
2017-11-24,18207.62
2017-11-23,18136.66
2017-11-22,18121.61
2017-11-21,18117.19
2017-11-20,18087.51
2017-11-17,17919.98
2017-11-16,17752.77
2017-11-15,17549.36
2017-11-14,17696.56
2017-11-13,17722.96
2017-11-10,17721.91
2017-11-09,17650.87
2017-11-08,17458.0
2017-11-07,17574.74
2017-11-06,17760.12
2017-11-03,17709.14
2017-11-02,17626.88
2017-11-01,17604.02
2017-10-31,17616.82
2017-10-30,17535.17
2017-10-27,17310.01
2017-10-26,17292.76
2017-10-25,17180.64
2017-10-24,17326.95
2017-10-23,17305.1
2017-10-19,17203.84
2017-10-18,17316.93
2017-10-17,17253.46
2017-10-16,17127.27
2017-10-13,17016.11
2017-10-12,17020.62
2017-10-11,16812.29
2017-10-10,16967.94
2017-10-09,16770.18
2017-10-06,16774.99
2017-10-05,16606.67
2017-10-04,16491.66
2017-10-03,16398.08
2017-09-29,16261.02
2017-09-28,16126.66
2017-09-27,15974.9
2017-09-26,16278.01
2017-09-25,16144.1
2017-09-22,16415.36
2017-09-21,16884.97
2017-09-20,16915.76
2017-09-19,17029.06
2017-09-18,16984.22
2017-09-15,16782.74
2017-09-14,16640.41
2017-09-13,16509.76
2017-09-12,16625.56
2017-09-11,16429.95
2017-09-08,16312.51
2017-09-07,16314.36
2017-09-06,16201.03
2017-09-05,16182.05
2017-09-04,16006.61
2017-09-01,16126.97
2017-08-31,15972.13
2017-08-30,15872.93
2017-08-29,15647.72
2017-08-28,15748.6
2017-08-24,15547.96
2017-08-23,15436.1
2017-08-22,15218.87
2017-08-21,15327.17
2017-08-18,15474.27
2017-08-17,15562.99
2017-08-16,15546.38
2017-08-14,15334.13
2017-08-11,14916.21
2017-08-10,14947.47
2017-08-09,15469.75
2017-08-08,15793.0
2017-08-07,15934.94
2017-08-04,15754.06
2017-08-03,15792.76
2017-08-02,15930.23
2017-08-01,15859.85
2017-07-31,15837.47
2017-07-28,15783.05
2017-07-27,15712.34
2017-07-26,15721.17
2017-07-25,15683.23
2017-07-24,15613.02
2017-07-21,15600.44
2017-07-20,15671.79
2017-07-19,15671.13
2017-07-18,15559.5
2017-07-17,15642.0
2017-07-14,15623.52
2017-07-13,15589.34
2017-07-12,15504.48
2017-07-11,15333.24
2017-07-10,15409.48
2017-07-07,15366.1
2017-07-06,15373.44
2017-07-05,15311.54
2017-07-04,15173.62
2017-07-03,15192.58
2017-06-30,15042.69
2017-06-29,14930.16
2017-06-28,14803.12
2017-06-27,14747.94
2017-06-23,15003.15
2017-06-22,15247.58
2017-06-21,15353.32
2017-06-20,15329.1
2017-06-19,15324.55
2017-06-16,15376.62
2017-06-15,15351.36
2017-06-14,15289.89
2017-06-13,15204.07
2017-06-12,15164.11
2017-06-09,15252.07
2017-06-08,15145.36
2017-06-07,15069.27
2017-06-06,14938.55
2017-06-05,15048.16
2017-06-02,14963.96
2017-06-01,14896.69
2017-05-31,14693.62
2017-05-30,14543.68
2017-05-29,14372.36
2017-05-26,14567.8
2017-05-25,14357.7
2017-05-24,14081.47
2017-05-23,14208.73
2017-05-22,14391.0
2017-05-19,14558.51
2017-05-18,14702.33
2017-05-17,14992.02
2017-05-16,15027.61
2017-05-15,14997.34
2017-05-12,14799.33
2017-05-11,14945.83
2017-05-10,14895.91
2017-05-09,14824.51
2017-05-08,14772.24
2017-05-05,14668.47
2017-05-04,14759.45
2017-05-03,14691.91
2017-05-02,14743.09
2017-04-28,14638.17
2017-04-27,14532.73
2017-04-26,14578.77
2017-04-25,14621.72
2017-04-24,14471.79
2017-04-21,14363.13
2017-04-20,14437.31
2017-04-19,14246.17
2017-04-18,14166.76
2017-04-17,14190.49
2017-04-13,14092.68
2017-04-12,14130.08
2017-04-11,14222.89
2017-04-10,14126.89
2017-04-07,14065.0
2017-04-06,14111.37
2017-04-05,14149.27
2017-04-03,14059.54
2017-03-31,13952.44
2017-03-30,13831.68
2017-03-29,13791.78
2017-03-28,13674.85
2017-03-27,13570.35
2017-03-24,13559.32
2017-03-23,13563.22
2017-03-22,13451.91
2017-03-21,13623.16
2017-03-20,13637.88
2017-03-17,13590.87
2017-03-16,13551.7
2017-03-15,13400.09
2017-03-14,13318.7
2017-03-10,13102.78
2017-03-09,13145.19
2017-03-08,13194.59
2017-03-07,13231.05
2017-03-06,13222.3
2017-03-03,13167.2
2017-03-02,13098.36
2017-03-01,13327.46
2017-02-28,13327.22
2017-02-27,13310.27
2017-02-23,13271.27
2017-02-22,13248.13
2017-02-21,13318.09
2017-02-20,13244.09
2017-02-17,13188.95
2017-02-16,13117.82
2017-02-15,12868.69
2017-02-14,13020.8
2017-02-13,13022.93
2017-02-10,13116.39
2017-02-09,13072.68
2017-02-08,13066.62
2017-02-07,13052.04
2017-02-06,13103.9
2017-02-03,12962.73
2017-02-02,12865.41
2017-02-01,12711.08
2017-01-31,12401.35
2017-01-30,12492.76
2017-01-27,12576.47
2017-01-25,12460.68
2017-01-24,12234.41
2017-01-23,12025.89
2017-01-20,11940.86
2017-01-19,12109.04
2017-01-18,12059.77
2017-01-17,11976.13
2017-01-16,11911.59
2017-01-13,11864.22
2017-01-12,11850.14
2017-01-11,11827.37
2017-01-10,11675.81
2017-01-09,11649.64
2017-01-06,11570.79
2017-01-05,11600.24
2017-01-04,11509.47
2017-01-03,11492.29
2017-01-02,11382.69
2016-12-30,11256.0
2016-12-29,11184.15
2016-12-28,11028.76
2016-12-27,10912.21
2016-12-26,10703.23
2016-12-23,11011.64
2016-12-22,10984.31
2016-12-21,11090.27
2016-12-20,11088.27
2016-12-19,11207.51
2016-12-16,11202.09
2016-12-15,11226.05
2016-12-14,11179.83
2016-12-13,11281.27
2016-12-12,11392.49
2016-12-09,11595.52
2016-12-08,11580.76
2016-12-07,11407.39
2016-12-06,11430.35
2016-12-05,11395.33
2016-12-02,11344.26
2016-12-01,11571.73
2016-11-30,11648.99
2016-11-29,11504.19
2016-11-28,11331.41
2016-11-25,11255.11
2016-11-24,11040.45
2016-11-23,11116.06
2016-11-22,10950.06
2016-11-21,10764.43
2016-11-18,11085.6
2016-11-17,11088.78
2016-11-16,11127.24
2016-11-15,11119.31
2016-11-11,11649.26
2016-11-10,12227.26
2016-11-09,12098.47
2016-11-08,12467.02
2016-11-07,12416.97
2016-11-04,12320.28
2016-11-03,12514.42
2016-11-02,12677.18
2016-11-01,12919.47
2016-10-30,12967.17
2016-10-28,12893.78
2016-10-27,12735.09
2016-10-26,12809.93
2016-10-25,12940.12
2016-10-24,13005.56
2016-10-21,13033.13
2016-10-20,13016.08
2016-10-19,13047.39
2016-10-18,13026.26
2016-10-17,12876.18
2016-10-14,13000.31
2016-10-13,12791.75
2016-10-10,12900.49
2016-10-07,12902.94
2016-10-06,12937.63
2016-10-05,12993.34
2016-10-04,12947.93
2016-10-03,12813.35
2016-09-30,12454.45
2016-09-29,12182.03
2016-09-28,12489.22
2016-09-27,12423.16
2016-09-26,12394.2
2016-09-23,12446.32
2016-09-22,12370.96
2016-09-21,12214.01
2016-09-20,12191.88
2016-09-19,12235.96
2016-09-16,12235.04
2016-09-15,12203.82
2016-09-14,12169.34
2016-09-12,12024.33
2016-09-09,12292.67
2016-09-08,12379.48
2016-09-07,12324.82
2016-09-06,12376.25
2016-09-02,12170.48
2016-09-01,12165.03
2016-08-31,12194.6
2016-08-30,12170.01
2016-08-29,12032.76
2016-08-26,12006.29
2016-08-25,11980.5
2016-08-24,11998.1
2016-08-23,11955.98
2016-08-22,12008.13
2016-08-19,12103.36
2016-08-18,11995.49
2016-08-17,11837.95
2016-08-16,11764.86
2016-08-12,11734.03
2016-08-11,11668.49
2016-08-10,11645.28
2016-08-09,11781.9
2016-08-08,11811.29
2016-08-05,11737.07
2016-08-04,11616.36
2016-08-03,11562.24
2016-08-02,11689.49
2016-08-01,11765.03
2016-07-29,11688.25
2016-07-28,11613.93
2016-07-27,11531.19
2016-07-26,11455.9
2016-07-25,11487.61
2016-07-22,11414.98
2016-07-21,11284.47
2016-07-20,11312.48
2016-07-19,11194.9
2016-07-18,11162.97
2016-07-15,11238.37
2016-07-14,11307.56
2016-07-13,11281.58
2016-07-12,11360.1
2016-07-11,11379.17
2016-07-08,11267.24
2016-07-07,11255.97
2016-07-05,11252.32
2016-07-04,11263.85
2016-07-01,11186.64
2016-06-30,11126.11
2016-06-29,11030.41
2016-06-28,10923.28
2016-06-27,10873.33
2016-06-24,10784.08
2016-06-23,10869.59
2016-06-22,10865.08
2016-06-21,10871.52
2016-06-20,10843.7
2016-06-17,10793.68
2016-06-16,10760.54
2016-06-15,10794.98
2016-06-14,10766.22
2016-06-13,10694.82
2016-06-10,10746.18
2016-06-09,10769.14
2016-06-08,10807.06
2016-06-07,10797.17
2016-06-06,10743.68
2016-06-03,10747.65
2016-06-02,10831.99
2016-06-01,10736.3
2016-05-31,10747.0
2016-05-30,10757.78
2016-05-27,10671.99
2016-05-26,10609.87
2016-05-25,10565.57
2016-05-24,10474.26
2016-05-23,10520.01
2016-05-20,10535.6
2016-05-19,10595.42
2016-05-18,10729.18
2016-05-17,10712.07
2016-05-16,10667.87
2016-05-13,10666.1
2016-05-12,10664.54
2016-05-11,10592.12
2016-05-10,10645.52
2016-05-09,10644.72
2016-05-06,10509.22
2016-05-05,10525.96
2016-05-04,10541.59
2016-05-03,10569.54
2016-05-02,10608.18
2016-04-29,10564.48
2016-04-28,10530.8
2016-04-27,10610.63
2016-04-26,10579.75
2016-04-25,10498.83
2016-04-22,10546.7
2016-04-21,10563.5
2016-04-20,10655.53
2016-04-18,10625.97
2016-04-13,10465.48
2016-04-12,10385.36
2016-04-11,10294.52
2016-04-08,10176.21
2016-04-07,10095.88
2016-04-06,10140.28
2016-04-05,10094.34
2016-04-04,10145.22
2016-04-01,10111.65
2016-03-31,10085.49
2016-03-30,9967.69
2016-03-29,9798.26
2016-03-28,9809.93
2016-03-23,9929.95
2016-03-22,9910.1
2016-03-21,9868.81
2016-03-18,9734.0
2016-03-17,9645.41
2016-03-16,9605.18
2016-03-15,9715.77
2016-03-14,9830.39
2016-03-11,9796.75
2016-03-10,9813.44
2016-03-09,9821.39
2016-03-08,9817.25
2016-03-04,9804.98
2016-03-03,9754.29
2016-03-02,9668.18
2016-03-01,9531.5
2016-02-29,9308.23
2016-02-26,9277.51
2016-02-25,9318.63
2016-02-24,9420.6
2016-02-23,9514.67
2016-02-22,9629.28
2016-02-19,9594.36
2016-02-18,9592.85
2016-02-17,9521.18
2016-02-16,9488.42
2016-02-15,9701.53
2016-02-12,9425.97
2016-02-11,9490.85
2016-02-10,9831.93
2016-02-09,9915.85
2016-02-08,10033.97
2016-02-05,10054.38
2016-02-04,9921.06
2016-02-03,9955.71
2016-02-02,10112.09
2016-02-01,10195.46
2016-01-29,10143.51
2016-01-28,10017.25
2016-01-27,10022.51
2016-01-25,10017.56
2016-01-22,9914.65
2016-01-21,9728.95
2016-01-20,9691.81
2016-01-19,9878.76
2016-01-18,9756.51
2016-01-15,10037.91
2016-01-14,10296.43
2016-01-13,10402.42
2016-01-12,10499.03
2016-01-11,10542.32
2016-01-08,10594.52
2016-01-07,10530.6
2016-01-06,10700.63
2016-01-05,10706.0
2016-01-04,10614.83
2016-01-01,10671.29
2015-12-31,10620.56
2015-12-30,10591.51
2015-12-29,10576.97
2015-12-28,10567.37
2015-12-24,10508.3
2015-12-23,10510.35
2015-12-22,10463.95
2015-12-21,10484.18
2015-12-18,10458.27
2015-12-17,10477.58
2015-12-16,10340.35
2015-12-15,10334.93
2015-12-14,10252.23
2015-12-11,10303.45
2015-12-10,10375.51
2015-12-09,10322.54
2015-12-08,10453.99
2015-12-07,10525.34
2015-12-04,10532.36
2015-12-03,10552.06
2015-12-02,10640.18
2015-12-01,10640.98
2015-11-30,10593.07
2015-11-27,10638.5
2015-11-26,10571.16
2015-11-24,10595.54
2015-11-23,10608.13
2015-11-20,10617.22
2015-11-19,10570.61
2015-11-18,10468.38
2015-11-17,10505.42
2015-11-16,10440.91
2015-11-13,10492.62
2015-11-11,10610.78
2015-11-10,10506.29
2015-11-09,10588.43
2015-11-06,10536.52
2015-11-05,10561.4
2015-11-04,10726.75
2015-11-03,10741.4
2015-11-02,10692.31
2015-10-30,10729.36
2015-10-29,10789.04
2015-10-28,10786.33
2015-10-27,10820.03
2015-10-26,10864.22
2015-10-23,10911.19
2015-10-21,10888.39
2015-10-20,10867.48
2015-10-19,10819.34
2015-10-16,10749.15
2015-10-15,10759.31
2015-10-14,10738.33
2015-10-13,10681.41
2015-10-12,10722.32
2015-10-09,10710.65
2015-10-08,10721.29
2015-10-07,10776.02
2015-10-06,10757.32
2015-10-05,10669.78
2015-10-01,10503.93
2015-09-30,10492.65
2015-09-29,10335.0
2015-09-28,10354.26
2015-09-24,10313.68
2015-09-23,10256.87
2015-09-22,10188.02
2015-09-21,10258.87
2015-09-18,10201.93
2015-09-16,10155.49
2015-09-15,10243.42
2015-09-14,10303.91
2015-09-11,10200.02
2015-09-10,10159.08
2015-09-09,10192.41
2015-09-08,10024.92
2015-09-07,10006.5
2015-09-04,10209.18
2015-09-03,10376.82
2015-09-02,10262.41
2015-09-01,10227.09
2015-08-31,10379.59
2015-08-28,10437.2
2015-08-27,10443.66
2015-08-26,10235.51
2015-08-25,10215.33
2015-08-24,10036.86
2015-08-21,10921.22
2015-08-20,10990.6
2015-08-19,11138.27
2015-08-18,11073.46
2015-08-17,10982.22
2015-08-14,10911.38
2015-08-13,10733.7
2015-08-12,10741.82
2015-08-11,10945.91
2015-08-10,11016.87
2015-08-07,10995.46
2015-08-06,11010.47
2015-08-05,11033.59
2015-08-04,10941.86
2015-08-03,10777.67
2015-07-31,10696.44
2015-07-30,10582.1
2015-07-29,10530.76
2015-07-28,10433.03
2015-07-27,10387.6
2015-07-24,10435.4
2015-07-23,10478.43
2015-07-22,10468.19
2015-07-21,10359.94
2015-07-20,10502.13
2015-07-17,10423.37
2015-07-16,10375.89
2015-07-15,10247.6
2015-07-14,10207.72
2015-07-13,10175.25
2015-07-10,10084.75
2015-07-09,10065.99
2015-07-08,10162.19
2015-07-07,10346.56
2015-07-06,10295.88
2015-07-03,10231.78
2015-07-02,10228.78
2015-07-01,10159.07
2015-06-30,10056.13
2015-06-29,9916.25
2015-06-26,10068.58
2015-06-25,10009.39
2015-06-24,9978.3
2015-06-23,10035.13
2015-06-22,9997.1
2015-06-19,9836.19
2015-06-18,9828.2
2015-06-17,9674.45
2015-06-16,9485.17
2015-06-15,9477.85
2015-06-12,9493.81
2015-06-11,9550.11
2015-06-10,9694.73
2015-06-09,9575.15
2015-06-08,9631.52
2015-06-05,9761.01
2015-06-04,9760.62
2015-06-03,9728.59
2015-06-02,9792.99
2015-06-01,10038.62
2015-05-29,9988.44
2015-05-28,9862.26
2015-05-27,9920.79
2015-05-26,9865.89
2015-05-25,9862.96
2015-05-22,9856.13
2015-05-21,9813.93
2015-05-20,9792.93
2015-05-19,9771.26
2015-05-18,9770.99
2015-05-15,9683.44
2015-05-14,9622.63
2015-05-13,9501.65
2015-05-12,9415.0
2015-05-11,9555.87
2015-05-08,9423.83
2015-05-07,9269.89
2015-05-06,9420.65
2015-05-05,9680.48
2015-05-04,9671.39
2015-04-30,9485.26
2015-04-29,9482.9
2015-04-28,9340.91
2015-04-27,9216.52
2015-04-24,9495.65
2015-04-23,9736.33
2015-04-22,9740.25
2015-04-21,9801.12
2015-04-20,9836.48
2015-04-17,10046.88
2015-04-16,10236.7
2015-04-15,10296.67
2015-04-13,10393.86
2015-04-10,10425.54
2015-04-09,10402.37
2015-04-08,10370.46
2015-04-07,10276.89
2015-04-06,10217.62
2015-04-01,10096.96
2015-03-31,9971.12
2015-03-30,9973.8
2015-03-27,9797.99
2015-03-26,9783.31
2015-03-25,9811.29
2015-03-24,9843.29
2015-03-23,9919.66
2015-03-20,9951.04
2015-03-19,10036.13
2015-03-18,10038.4
2015-03-17,10063.32
2015-03-16,9991.77
2015-03-13,10011.37
2015-03-12,10188.19
2015-03-11,10037.45
2015-03-10,10053.13
2015-03-09,10059.53
2015-03-05,10170.02
2015-03-04,10083.01
2015-03-03,10157.04
2015-03-02,10022.73
2015-02-28,9890.28
2015-02-27,9861.2
2015-02-26,9690.2
2015-02-25,9789.83
2015-02-24,9797.89
2015-02-23,9856.62
2015-02-20,9975.32
2015-02-19,9993.75
2015-02-18,9977.24
2015-02-16,9846.76
2015-02-13,9860.64
2015-02-12,9804.77
2015-02-11,9676.66
2015-02-10,9460.36
2015-02-09,9336.92
2015-02-06,9496.75
2015-02-05,9589.26
2015-02-04,9709.97
2015-02-03,9727.25
2015-02-02,9680.42
2015-01-30,9661.11
2015-01-29,9699.23
2015-01-28,9767.01
2015-01-27,9645.84
2015-01-23,9514.67
2015-01-22,9514.82
2015-01-21,9494.37
2015-01-20,9495.97
2015-01-19,9498.87
2015-01-16,9514.18
2015-01-15,9418.45
2015-01-14,9337.01
2015-01-13,9296.66
2015-01-12,9258.78
2015-01-09,9193.29
2015-01-08,9194.88
2015-01-07,9013.94
2015-01-06,8942.99
2015-01-05,9180.15
2015-01-02,9175.03
2015-01-01,9073.47
2014-12-31,9038.42
2014-12-30,8919.67
2014-12-29,8892.5
2014-12-26,8746.23
2014-12-24,8702.49
2014-12-23,8721.95
2014-12-22,8735.71
2014-12-19,8652.31
2014-12-18,8631.45
2014-12-17,8369.12
2014-12-16,8434.42
2014-12-15,8638.17
2014-12-12,8703.27
2014-12-11,8776.13
2014-12-10,8847.62
2014-12-09,8809.6
2014-12-08,8931.01
2014-12-05,9058.65
2014-12-04,9081.59
2014-12-03,9048.05
2014-12-02,8881.27
2014-12-01,8813.27
2014-11-28,8779.2
2014-11-27,8697.19
2014-11-26,8648.68
2014-11-25,8608.76
2014-11-24,8695.64
2014-11-21,8696.63
2014-11-20,8755.16
2014-11-19,8747.19
2014-11-18,8811.29
2014-11-17,8778.47
2014-11-14,8702.25
2014-11-13,8653.89
2014-11-12,8664.16
2014-11-11,8565.59
2014-11-10,8508.15
2014-11-07,8430.07
2014-11-05,8395.72
2014-11-03,8327.36
2014-10-31,8297.87
2014-10-30,8206.87
2014-10-29,8148.39
2014-10-28,8086.35
2014-10-27,8058.22
2014-10-23,8104.24
2014-10-22,8023.18
2014-10-21,7938.87
2014-10-20,7850.62
2014-10-17,7743.64
2014-10-16,7724.05
2014-10-14,7925.41
2014-10-13,7936.92
2014-10-10,7914.23
2014-10-09,8062.5
2014-10-08,7945.66
2014-10-07,7945.96
2014-10-01,8004.52
2014-09-30,8023.83
2014-09-29,7989.1
2014-09-26,7887.51
2014-09-25,7815.79
2014-09-24,7885.7
2014-09-23,7986.67
2014-09-22,8092.77
2014-09-19,8095.56
2014-09-18,8086.3
2014-09-17,7956.77
2014-09-16,7901.83
2014-09-15,8186.93
2014-09-12,8161.06
2014-09-11,8131.53
2014-09-10,8027.47
2014-09-09,8024.46
2014-09-08,7973.26
2014-09-05,7855.02
2014-09-04,7789.03
2014-09-03,7716.02
2014-09-02,7563.47
2014-09-01,7516.49
2014-08-28,7401.05
2014-08-27,7422.66
2014-08-26,7370.25
2014-08-25,7330.27
2014-08-22,7341.15
2014-08-21,7329.25
2014-08-20,7292.63
2014-08-19,7253.46
2014-08-18,7208.01
2014-08-14,7078.75
2014-08-13,7019.58
2014-08-12,7008.82
2014-08-11,6948.39
2014-08-08,6861.14
2014-08-07,6965.51
2014-08-06,6986.34
2014-08-05,6987.58
2014-08-04,6959.23
2014-08-01,6895.46
2014-07-31,6924.56
2014-07-30,6898.68
2014-07-28,6838.86
2014-07-25,6858.03
2014-07-24,6911.62
2014-07-23,6960.67
2014-07-22,6948.71
2014-07-21,6938.36
2014-07-18,6916.49
2014-07-17,6945.13
2014-07-16,6820.58
2014-07-15,6750.92
2014-07-14,6609.77
2014-07-11,6618.88
2014-07-10,6723.64
2014-07-09,6716.27
2014-07-08,6823.28
2014-07-07,7020.16
2014-07-04,7000.66
2014-07-03,6968.73
2014-07-02,6905.78
2014-07-01,6836.15
2014-06-30,6806.37
2014-06-27,6723.13
2014-06-26,6654.66
2014-06-25,6648.96
2014-06-24,6609.17
2014-06-23,6536.02
2014-06-20,6492.37
2014-06-19,6514.84
2014-06-18,6536.16
2014-06-17,6552.3
2014-06-16,6491.55
2014-06-13,6449.18
2014-06-12,6542.97
2014-06-11,6482.87
2014-06-10,6486.1
2014-06-09,6451.5
2014-06-06,6400.13
2014-06-05,6327.62
2014-06-04,6254.16
2014-06-03,6198.56
2014-06-02,6141.69
2014-05-30,6055.96
2014-05-29,6025.09
2014-05-28,6010.29
2014-05-27,5989.64
2014-05-26,5990.97
2014-05-23,6050.17
2014-05-22,6011.54
2014-05-21,5915.5
2014-05-20,5838.92
2014-05-19,5758.78
2014-05-16,5673.36
2014-05-15,5668.83
2014-05-14,5723.58
2014-05-13,5691.04
2014-05-12,5645.98
2014-05-09,5640.01
2014-05-08,5595.41
2014-05-07,5594.45
2014-05-06,5582.56
2014-05-05,5562.77
2014-05-02,5582.14
2014-04-30,5548.52
2014-04-29,5588.08
2014-04-28,5635.84
2014-04-25,5593.55
2014-04-23,5631.42
2014-04-22,5621.94
2014-04-21,5632.64
2014-04-17,5586.51
2014-04-16,5499.16
2014-04-15,5557.44
2014-04-11,5537.29
2014-04-10,5541.84
2014-04-09,5527.75
2014-04-07,5467.36
2014-04-04,5515.57
2014-04-03,5509.33
2014-04-02,5511.19
2014-04-01,5432.83
2014-03-31,5425.27
2014-03-28,5373.88
2014-03-27,5328.94
2014-03-26,5312.03
2014-03-25,5305.27
2014-03-24,5284.94
2014-03-22,5306.98
2014-03-21,5296.3
2014-03-20,5246.73
2014-03-19,5253.29
2014-03-18,5266.01
2014-03-14,5231.35
2014-03-13,5235.87
2014-03-12,5261.08
2014-03-11,5256.36
2014-03-10,5276.81
2014-03-07,5291.66
2014-03-06,5348.32
2014-03-05,5326.55
2014-03-04,5276.62
2014-03-03,5250.19
2014-02-28,5263.22
2014-02-26,5224.4
2014-02-25,5225.08
2014-02-24,5193.19
2014-02-21,5188.44
2014-02-20,5164.19
2014-02-19,5172.32
2014-02-18,5154.04
2014-02-17,5133.37
2014-02-14,5142.5
2014-02-13,5132.56
2014-02-12,5155.84
2014-02-11,5137.71
2014-02-10,5112.29
2014-02-07,5114.07
2014-02-06,5069.61
2014-02-05,5072.47
2014-02-04,5041.18
2014-02-03,5043.37
2014-01-31,5073.97
2014-01-30,4977.03
2014-01-29,5006.16
2014-01-28,4979.47
2014-01-27,4983.26
2014-01-24,5077.93
2014-01-23,5125.94
2014-01-22,5160.51
2014-01-21,5145.16
2014-01-20,5139.06
2014-01-17,5065.29
2014-01-16,5134.03
2014-01-15,5116.4
2014-01-14,5112.68
2014-01-13,5145.04
2014-01-10,5151.42
2014-01-09,5178.42
2014-01-08,5178.97
2014-01-07,5152.57
2014-01-06,5179.06
2014-01-03,5139.2
2014-01-02,5104.35
2014-01-01,5166.16
2013-12-31,5147.9
2013-12-30,5124.38
2013-12-27,5122.04
2013-12-26,5106.09
2013-12-24,5097.47
2013-12-23,5062.8
2013-12-20,5044.26
2013-12-19,4949.51
2013-12-18,4941.07
2013-12-17,4874.62
2013-12-16,4877.38
2013-12-13,4834.7
2013-12-12,4866.95
2013-12-11,4879.81
2013-12-10,4862.58
2013-12-09,4850.24
2013-12-06,4838.71
2013-12-05,4814.57
2013-12-04,4830.29
2013-12-03,4863.4
2013-12-02,4849.98
2013-11-29,4805.56
2013-11-28,4790.21
2013-11-27,4754.85
2013-11-26,4725.99
2013-11-25,4733.34
2013-11-22,4714.68
2013-11-21,4714.42
2013-11-20,4757.3
2013-11-19,4765.22
2013-11-18,4773.71
2013-11-14,4745.27
2013-11-13,4724.9
2013-11-12,4742.51
2013-11-11,4766.79
2013-11-08,4778.31
2013-11-07,4779.85
2013-11-06,4801.64
2013-11-05,4792.86
2013-11-03,4776.18
2013-11-01,4746.58
2013-10-31,4712.24
2013-10-30,4670.78
2013-10-29,4654.86
2013-10-28,4610.6
2013-10-25,4639.79
2013-10-24,4647.12
2013-10-23,4637.47
2013-10-22,4638.78
2013-10-21,4611.21
2013-10-18,4588.33
2013-10-17,4558.27
2013-10-15,4571.79
2013-10-14,4610.84
2013-10-11,4595.92
2013-10-10,4602.56
2013-10-09,4577.9
2013-10-08,4528.3
2013-10-07,4538.64
2013-10-04,4521.94
2013-10-03,4511.22
2013-10-01,4477.96
2013-09-30,4458.76
2013-09-27,4428.47
2013-09-26,4393.31
2013-09-25,4405.45
2013-09-24,4388.0
2013-09-23,4364.34
2013-09-20,4385.24
2013-09-19,4421.49
2013-09-18,4336.6
2013-09-17,4300.9
2013-09-16,4311.16
2013-09-13,4316.69
2013-09-12,4332.68
2013-09-11,4345.78
2013-09-10,4294.84
2013-09-06,4218.28
2013-09-05,4172.93
2013-09-04,4098.67
2013-09-03,4057.58
2013-09-02,4135.84
2013-08-30,4103.63
2013-08-29,4084.72
2013-08-28,4008.5
2013-08-27,4071.65
2013-08-26,4173.61
2013-08-23,4135.24
2013-08-22,4072.29
2013-08-21,4087.69
2013-08-20,4118.85
2013-08-19,4196.68
2013-08-16,4296.83
2013-08-14,4369.96
2013-08-13,4338.03
2013-08-12,4279.95
2013-08-08,4198.17
2013-08-07,4161.01
2013-08-06,4172.52
2013-08-05,4291.97
2013-08-02,4288.96
2013-08-01,4274.89
2013-07-31,4287.88
2013-07-30,4311.18
2013-07-29,4365.43
2013-07-26,4415.41
2013-07-25,4453.61
2013-07-24,4513.64
2013-07-23,4591.48
2013-07-22,4589.81
2013-07-19,4568.17
2013-07-18,4577.42
2013-07-17,4563.8
2013-07-16,4591.85
2013-07-15,4650.49
2013-07-12,4602.54
2013-07-11,4595.16
2013-07-10,4558.21
2013-07-09,4558.23
2013-07-08,4541.21
2013-07-05,4564.17
2013-07-04,4549.38
2013-07-03,4509.6
2013-07-02,4558.54
2013-07-01,4562.75
2013-06-28,4531.63
2013-06-27,4440.86
2013-06-26,4413.2
2013-06-25,4410.64
2013-06-24,4434.9
2013-06-21,4550.17
2013-06-20,4607.63
2013-06-19,4679.06
2013-06-18,4663.44
2013-06-17,4641.52
2013-06-14,4611.18
2013-06-13,4566.65
2013-06-12,4606.03
2013-06-11,4629.65
2013-06-10,4686.37
2013-06-07,4724.98
2013-06-06,4719.27
2013-06-05,4736.35
2013-06-04,4734.69
2013-06-03,4718.11
2013-05-31,4729.3
2013-05-30,4757.15
2013-05-29,4769.97
2013-05-28,4766.14
2013-05-27,4733.6
2013-05-24,4678.53
2013-05-23,4671.54
2013-05-22,4722.17
2013-05-21,4738.99
2013-05-20,4747.5
2013-05-17,4760.93
2013-05-16,4769.46
2013-05-15,4751.99
2013-05-14,4676.44
2013-05-13,4637.25
2013-05-11,4687.96
2013-05-10,4682.64
2013-05-09,4643.86
2013-05-08,4660.93
2013-05-07,4621.59
2013-05-06,4571.43
2013-05-03,4513.99
2013-05-02,4533.05
2013-04-30,4499.0
2013-04-29,4466.05
2013-04-26,4448.39
2013-04-25,4440.37
2013-04-23,4400.81
2013-04-22,4417.45
2013-04-18,4352.91
2013-04-17,4326.83
2013-04-16,4325.62
2013-04-15,4292.45
2013-04-12,4314.56
2013-04-11,4336.19
2013-04-10,4333.2
2013-04-09,4314.28
2013-04-08,4365.76
2013-04-05,4376.12
2013-04-04,4385.28
2013-04-03,4464.86
2013-04-02,4473.79
2013-04-01,4444.82
2013-03-28,4432.9
2013-03-26,4369.75
2013-03-25,4362.87
2013-03-22,4381.41
2013-03-21,4406.2
2013-03-20,4433.95
2013-03-19,4480.27
2013-03-18,4511.0
2013-03-15,4517.77
2013-03-14,4523.96
2013-03-13,4516.69
2013-03-12,4558.74
2013-03-11,4573.31
2013-03-08,4551.05
2013-03-07,4507.63
2013-03-06,4473.89
2013-03-05,4444.99
2013-03-04,4381.08
2013-03-01,4438.26
2013-02-28,4422.75
2013-02-27,4472.37
2013-02-26,4457.17
2013-02-25,4509.7
2013-02-22,4538.95
2013-02-21,4528.99
2013-02-20,4571.57
2013-02-19,4556.39
2013-02-18,4494.58
2013-02-15,4487.6
2013-02-14,4480.96
2013-02-13,4514.5
2013-02-12,4526.04
2013-02-11,4495.63
2013-02-08,4489.62
2013-02-07,4499.18
2013-02-06,4519.53
2013-02-05,4518.77
2013-02-04,4546.66
2013-02-01,4564.2
2013-01-31,4534.59
2013-01-30,4489.96
2013-01-29,4480.89
2013-01-28,4484.89
2013-01-25,4475.72
2013-01-24,4415.44
2013-01-23,4476.8
2013-01-22,4493.7
2013-01-21,4530.16
2013-01-18,4540.22
2013-01-17,4542.72
2013-01-16,4547.52
2013-01-15,4583.0
2013-01-14,4570.51
2013-01-11,4559.93
2013-01-10,4626.79
2013-01-09,4640.51
2013-01-08,4644.81
2013-01-07,4634.12
2013-01-04,4648.55
2013-01-03,4639.63
2013-01-02,4622.2
2013-01-01,4606.97
2012-12-31,4578.88
2012-12-28,4558.24
2012-12-27,4542.3
2012-12-26,4562.55
2012-12-24,4531.27
2012-12-21,4491.46
2012-12-20,4542.4
2012-12-19,4532.76
2012-12-18,4495.24
2012-12-17,4473.28
2012-12-14,4468.6
2012-12-13,4429.26
2012-12-12,4458.1
2012-12-11,4463.04
2012-12-10,4483.96
2012-12-07,4455.04
2012-12-06,4460.13
2012-12-05,4472.11
2012-12-04,4467.76
2012-12-03,4466.71
2012-11-30,4415.77
2012-11-29,4407.29
2012-11-27,4399.77
2012-11-26,4353.61
2012-11-23,4255.36
2012-11-22,4243.32
2012-11-21,4191.43
2012-11-20,4182.57
2012-11-19,4187.65
2012-11-16,4235.21
2012-11-15,4261.93
2012-11-13,4253.45
2012-11-12,4234.63
2012-11-09,4139.39
2012-11-08,4171.16
2012-11-07,4161.54
2012-11-06,4118.02
2012-11-05,4094.21
2012-11-02,4078.46
2012-11-01,4064.74
2012-10-31,4045.77
2012-10-30,3992.29
2012-10-29,4008.08
2012-10-26,4031.84
2012-10-25,4064.49
2012-10-23,4060.96
2012-10-22,4054.76
2012-10-19,4031.39
2012-10-18,4036.65
2012-10-17,4006.11
2012-10-16,3988.96
2012-10-15,4004.55
2012-10-12,4006.32
2012-10-11,3986.23
2012-10-10,3945.66
2012-10-09,3962.94
2012-10-08,3937.28
2012-10-05,3956.95
2012-10-04,3998.49
2012-10-03,4000.17
2012-10-01,3981.53
2012-09-28,3945.71
2012-09-27,3903.39
2012-09-26,3871.03
2012-09-25,3850.4
2012-09-24,3834.55
2012-09-21,3815.76
2012-09-20,3755.96
2012-09-18,3782.57
2012-09-17,3787.75
2012-09-14,3765.34
2012-09-13,3737.65
2012-09-12,3730.93
2012-09-11,3716.36
2012-09-10,3718.84
2012-09-08,3724.9
2012-09-07,3713.79
2012-09-06,3667.2
2012-09-05,3659.56
2012-09-04,3669.52
2012-09-03,3655.1
2012-08-31,3659.43
2012-08-30,3665.36
2012-08-29,3647.88
2012-08-28,3665.82
2012-08-27,3692.92
2012-08-24,3710.69
2012-08-23,3737.58
2012-08-22,3735.09
2012-08-21,3743.69
2012-08-17,3736.49
2012-08-16,3726.04
2012-08-14,3727.5
2012-08-13,3716.43
2012-08-10,3689.14
2012-08-09,3682.42
2012-08-08,3671.5
2012-08-07,3670.11
2012-08-06,3658.13
2012-08-03,3645.6
2012-08-02,3639.54
2012-08-01,3629.06
2012-07-31,3601.58
2012-07-30,3587.75
2012-07-27,3547.52
2012-07-26,3546.82
2012-07-25,3579.64
2012-07-24,3581.86
2012-07-23,3564.01
2012-07-20,3611.63
2012-07-19,3620.74
2012-07-18,3613.86
2012-07-17,3602.47
2012-07-16,3610.04
2012-07-13,3609.49
2012-07-12,3623.84
2012-07-11,3635.43
2012-07-10,3638.63
2012-07-09,3603.38
2012-07-06,3640.61
2012-07-05,3661.79
2012-07-04,3637.43
2012-07-03,3627.66
2012-07-02,3617.42
2012-06-29,3589.34
2012-06-28,3532.34
2012-06-27,3526.13
2012-06-26,3514.28
2012-06-25,3493.31
2012-06-22,3492.85
2012-06-21,3492.52
2012-06-20,3468.01
2012-06-19,3432.56
2012-06-18,3424.85
2012-06-15,3456.45
2012-06-14,3431.83
2012-06-13,3477.5
2012-06-12,3483.85
2012-06-11,3460.69
2012-06-08,3476.06
2012-06-07,3457.76
2012-06-06,3442.04
2012-06-05,3387.3
2012-06-04,3386.11
2012-06-01,3403.39
2012-05-31,3468.27
2012-05-30,3451.15
2012-05-29,3494.05
2012-05-28,3502.12
2012-05-25,3449.12
2012-05-24,3435.62
2012-05-23,3406.0
2012-05-22,3402.77
2012-05-21,3418.33
2012-05-18,3389.13
2012-05-17,3400.56
2012-05-16,3399.91
2012-05-15,3429.61
2012-05-14,3419.8
2012-05-11,3446.13
2012-05-10,3467.0
2012-05-09,3451.35
2012-05-08,3472.87
2012-05-07,3518.18
2012-05-04,3498.94
2012-05-03,3570.77
2012-05-02,3610.73
2012-04-30,3618.79
2012-04-28,3587.6
2012-04-27,3585.83
2012-04-26,3573.92
2012-04-25,3569.81
2012-04-24,3576.12
2012-04-23,3573.34
2012-04-20,3625.87
2012-04-19,3655.87
2012-04-18,3650.94
2012-04-17,3624.46
2012-04-16,3614.88
2012-04-13,3586.05
2012-04-12,3601.27
2012-04-11,3580.38
2012-04-10,3594.05
2012-04-09,3626.75
2012-04-04,3671.52
2012-04-03,3654.92
2012-04-02,3621.17
2012-03-30,3589.03
2012-03-29,3505.39
2012-03-28,3482.48
2012-03-27,3504.42
2012-03-26,3501.66
2012-03-23,3527.08
2012-03-22,3505.64
2012-03-21,3551.23
2012-03-20,3477.93
2012-03-19,3442.47
2012-03-16,3473.95
2012-03-15,3492.88
2012-03-14,3529.66
2012-03-13,3513.01
2012-03-12,3479.07
2012-03-09,3449.08
2012-03-07,3375.27
2012-03-06,3371.79
2012-03-05,3386.21
2012-03-03,3423.01
2012-03-02,3424.83
2012-03-01,3426.52
2012-02-29,3442.03
2012-02-28,3407.43
2012-02-27,3313.89
2012-02-24,3372.47
2012-02-23,3392.65
2012-02-22,3392.84
2012-02-21,3477.93
2012-02-17,3471.63
2012-02-16,3479.13
2012-02-15,3480.9
2012-02-14,3419.87
2012-02-13,3411.4
2012-02-10,3392.75
2012-02-09,3379.9
2012-02-08,3348.03
2012-02-07,3319.15
2012-02-06,3347.84
2012-02-03,3336.1
2012-02-02,3303.65
2012-02-01,3284.37
2012-01-31,3254.69
2012-01-30,3192.37
2012-01-27,3242.73
2012-01-25,3243.0
2012-01-24,3186.44
2012-01-23,3146.03
2012-01-20,3137.71
2012-01-19,3139.78
2012-01-18,3118.61
2012-01-17,3147.76
2012-01-16,3119.58
2012-01-13,3120.38
2012-01-12,3127.4
2012-01-11,3107.18
2012-01-10,3077.45
2012-01-09,3021.38
2012-01-07,3009.38
2012-01-06,2994.74
2012-01-05,3005.6
2012-01-04,2995.57
2012-01-03,2987.51
2012-01-02,2922.37
2011-12-30,2943.21
2011-12-29,2934.23
2011-12-28,2944.88
2011-12-27,2978.65
2011-12-26,2995.53
2011-12-23,2964.15
2011-12-22,2959.5
2011-12-21,2931.97
2011-12-20,2893.62
2011-12-19,2940.35
2011-12-16,3006.38
2011-12-15,3032.98
2011-12-14,3055.56
2011-12-13,3068.95
2011-12-12,3084.35
2011-12-09,3143.76
2011-12-08,3173.31
2011-12-07,3215.29
2011-12-05,3233.37
2011-12-02,3228.81
2011-12-01,3166.52
2011-11-30,3141.25
2011-11-29,3156.02
2011-11-28,3159.72
2011-11-25,3121.2
2011-11-24,3116.91
2011-11-23,3062.71
2011-11-22,3108.8
2011-11-21,3108.51
2011-11-18,3150.59
2011-11-17,3184.49
2011-11-16,3213.26
2011-11-15,3232.4
2011-11-14,3295.21
2011-11-11,3323.92
2011-11-09,3345.69
2011-11-08,3381.63
2011-11-04,3376.16
2011-11-03,3348.97
2011-11-02,3349.13
2011-11-01,3338.15
2011-10-31,3328.78
2011-10-28,3317.2
2011-10-26,3284.1
2011-10-25,3256.42
2011-10-24,3241.57
2011-10-21,3241.83
2011-10-20,3256.73
2011-10-19,3277.61
2011-10-18,3228.92
2011-10-17,3273.71
2011-10-14,3254.06
2011-10-13,3247.2
2011-10-12,3233.61
2011-10-11,3186.99
2011-10-10,3171.72
2011-10-07,3129.61
2011-10-05,3080.92
2011-10-04,3114.06
2011-10-03,3149.63
2011-09-30,3198.06
2011-09-29,3196.69
2011-09-28,3202.28
2011-09-27,3214.03
2011-09-26,3167.43
2011-09-23,3207.0
2011-09-22,3232.4
2011-09-21,3315.22
2011-09-20,3298.58
2011-09-19,3281.23
2011-09-16,3287.47
2011-09-15,3273.83
2011-09-14,3251.16
2011-09-13,3244.01
2011-09-12,3243.75
2011-09-09,3331.86
2011-09-08,3359.39
2011-09-07,3367.87
2011-09-06,3318.47
2011-09-05,3317.04
2011-09-02,3309.44
2011-08-30,3294.46
2011-08-29,3241.75
2011-08-26,3167.64
2011-08-25,3234.05
2011-08-24,3274.43
2011-08-23,3299.72
2011-08-22,3266.11
2011-08-19,3232.01
2011-08-18,3274.74
2011-08-17,3340.69
2011-08-16,3381.35
2011-08-12,3404.41
2011-08-11,3427.52
2011-08-10,3433.02
2011-08-09,3381.61
2011-08-08,3405.54
2011-08-05,3440.21
2011-08-04,3472.84
2011-08-03,3492.58
2011-08-02,3509.62
2011-08-01,3551.34
2011-07-29,3559.2
2011-07-28,3577.42
2011-07-27,3603.32
2011-07-26,3597.03
2011-07-25,3634.5
2011-07-22,3624.42
2011-07-21,3577.32
2011-07-20,3584.05
2011-07-19,3619.74
2011-07-18,3598.33
2011-07-15,3587.15
2011-07-14,3590.27
2011-07-13,3573.17
2011-07-12,3541.7
2011-07-11,3574.17
2011-07-08,3577.81
2011-07-07,3601.08
2011-07-06,3562.62
2011-07-05,3560.49
2011-07-04,3556.53
2011-07-01,3523.85
2011-06-30,3504.74
2011-06-29,3494.51
2011-06-28,3472.28
2011-06-27,3455.42
2011-06-24,3418.22
2011-06-23,3333.04
2011-06-22,3339.75
2011-06-21,3354.61
2011-06-20,3360.73
2011-06-17,3446.38
2011-06-16,3470.07
2011-06-15,3491.49
2011-06-14,3506.83
2011-06-13,3487.94
2011-06-10,3473.52
2011-06-09,3482.09
2011-06-08,3489.72
2011-06-07,3477.51
2011-06-06,3461.91
2011-06-03,3452.4
2011-06-02,3453.8
2011-06-01,3479.86
2011-05-31,3452.15
2011-05-30,3411.63
2011-05-27,3386.8
2011-05-26,3327.66
2011-05-25,3309.19
2011-05-24,3326.81
2011-05-23,3311.74
2011-05-20,3362.61
2011-05-19,3334.6
2011-05-18,3350.31
2011-05-17,3354.46
2011-05-16,3384.29
2011-05-13,3418.49
2011-05-12,3384.81
2011-05-11,3418.06
2011-05-10,3391.42
2011-05-09,3387.59
2011-05-06,3381.35
2011-05-05,3324.63
2011-05-04,3354.41
2011-05-03,3361.55
2011-05-02,3418.41
2011-04-29,3448.13
2011-04-28,3491.56
2011-04-27,3501.76
2011-04-26,3499.41
2011-04-25,3519.88
2011-04-21,3503.11
2011-04-20,3505.22
2011-04-19,3478.01
2011-04-18,3459.45
2011-04-15,3498.33
2011-04-13,3493.79
2011-04-11,3446.95
2011-04-08,3451.28
2011-04-07,3486.68
2011-04-06,3469.67
2011-04-05,3470.65
2011-04-04,3443.69
2011-04-01,3407.43
2011-03-31,3387.39
2011-03-30,3371.73
2011-03-29,3324.04
2011-03-28,3310.47
2011-03-25,3269.23
2011-03-24,3246.24
2011-03-23,3217.67
2011-03-22,3195.22
2011-03-21,3164.3
2011-03-18,3171.43
2011-03-17,3195.37
2011-03-16,3197.63
2011-03-15,3160.45
2011-03-14,3189.51
2011-03-11,3168.0
2011-03-10,3194.56
2011-03-09,3199.65
2011-03-08,3180.69
2011-03-07,3145.61
2011-03-04,3169.88
2011-03-03,3168.33
2011-03-01,3146.64
2011-02-28,3030.85
2011-02-25,3032.4
2011-02-24,3032.34
2011-02-23,3121.09
2011-02-22,3150.53
2011-02-21,3184.04
2011-02-18,3175.93
2011-02-17,3221.47
2011-02-16,3180.19
2011-02-15,3160.63
2011-02-14,3129.1
2011-02-11,3027.74
2011-02-10,2939.8
2011-02-09,2923.51
2011-02-08,3010.69
2011-02-07,3074.28
2011-02-04,3101.14
2011-02-03,3145.0
2011-02-02,3121.28
2011-02-01,3113.06
2011-01-31,3188.23
2011-01-28,3170.3
2011-01-27,3257.89
2011-01-25,3323.31
2011-01-24,3338.61
2011-01-21,3307.6
2011-01-20,3308.66
2011-01-19,3285.0
2011-01-18,3258.51
2011-01-17,3251.47
2011-01-14,3278.6
2011-01-13,3321.43
2011-01-12,3359.4
2011-01-11,3303.86
2011-01-10,3304.46
2011-01-07,3383.22
2011-01-06,3471.98
2011-01-05,3499.28
2011-01-04,3554.36
2011-01-03,3583.74
2010-12-31,3560.02
2010-12-30,3513.57
2010-12-29,3486.43
2010-12-28,3464.65
2010-12-27,3465.43
2010-12-24,3471.34
2010-12-23,3463.1
2010-12-22,3476.97
2010-12-21,3475.92
2010-12-20,3461.02
2010-12-16,3467.3
2010-12-15,3469.51
2010-12-14,3539.58
2010-12-13,3504.41
2010-12-10,3449.77
2010-12-09,3379.92
2010-12-08,3516.82
2010-12-07,3590.04
2010-12-06,3641.0
2010-12-03,3664.2
2010-12-02,3734.96
2010-12-01,3705.97
2010-11-30,3606.66
2010-11-29,3573.54
2010-11-26,3550.04
2010-11-25,3606.46
2010-11-24,3674.32
2010-11-23,3744.2
2010-11-22,3766.21
2010-11-19,3714.56
2010-11-18,3773.82
2010-11-16,3789.46
2010-11-15,3857.96
2010-11-12,3827.26
2010-11-11,3909.78
2010-11-10,3929.87
2010-11-09,3920.23
2010-11-08,3900.91
2010-11-05,3897.02
2010-11-04,3880.87
2010-11-03,3841.39
2010-11-02,3831.5
2010-11-01,3822.41
2010-10-29,3753.2
2010-10-28,3751.7
2010-10-27,3783.81
2010-10-26,3775.7
2010-10-25,3763.09
2010-10-22,3720.32
2010-10-21,3705.43
2010-10-20,3656.99
2010-10-19,3647.12
2010-10-18,3637.45
2010-10-15,3667.05
2010-10-14,3727.81
2010-10-13,3737.01
2010-10-12,3707.9
2010-10-11,3731.69
2010-10-08,3698.66
2010-10-07,3736.95
2010-10-06,3750.5
2010-10-05,3719.8
2010-10-04,3696.63
2010-10-01,3660.97
2010-09-30,3617.85
2010-09-29,3623.27
2010-09-28,3637.03
2010-09-27,3617.51
2010-09-24,3610.46
2010-09-23,3571.51
2010-09-22,3580.44
2010-09-21,3595.35
2010-09-20,3637.47
2010-09-17,3617.71
2010-09-16,3546.6
2010-09-15,3572.16
2010-09-14,3559.33
2010-09-13,3564.15
2010-09-09,3519.29
2010-09-08,3501.74
2010-09-07,3498.89
2010-09-06,3510.33
2010-09-03,3469.72
2010-09-02,3434.3
2010-09-01,3406.81
2010-08-31,3366.27
2010-08-30,3378.12
2010-08-27,3379.47
2010-08-26,3402.42
2010-08-25,3395.75
2010-08-24,3428.82
2010-08-23,3453.31
2010-08-20,3433.99
2010-08-19,3441.29
2010-08-18,3414.68
2010-08-17,3391.52
2010-08-16,3368.25
2010-08-13,3353.56
2010-08-12,3322.91
2010-08-11,3302.96
2010-08-10,3319.34
2010-08-09,3322.62
2010-08-06,3296.66
2010-08-05,3291.78
2010-08-04,3292.81
2010-08-03,3280.7
2010-08-02,3272.97
2010-07-30,3252.77
2010-07-29,3226.99
2010-07-28,3223.32
2010-07-27,3221.7
2010-07-26,3215.53
2010-07-23,3232.03
2010-07-22,3240.03
2010-07-21,3218.2
2010-07-20,3202.28
2010-07-19,3206.45
2010-07-16,3205.98
2010-07-15,3185.78
2010-07-14,3186.28
2010-07-13,3181.94
2010-07-12,3165.77
2010-07-09,3171.56
2010-07-08,3153.22
2010-07-07,3112.63
2010-07-06,3111.08
2010-07-05,3096.24
2010-07-02,3080.32
2010-07-01,3087.84
2010-06-30,3096.29
2010-06-29,3072.73
2010-06-28,3084.22
2010-06-25,3046.67
2010-06-24,3072.27
2010-06-23,3080.85
2010-06-22,3059.55
2010-06-21,3061.21
2010-06-18,3033.62
2010-06-17,3045.45
2010-06-16,3032.65
2010-06-15,3025.97
2010-06-14,3015.15
2010-06-11,3000.46
2010-06-10,2987.36
2010-06-09,2957.43
2010-06-08,2943.25
2010-06-07,2939.16
2010-06-04,2969.38
2010-06-03,2957.58
2010-06-02,2923.97
2010-06-01,2914.11
2010-05-31,2946.81
2010-05-28,2910.92
2010-05-27,2862.04
2010-05-26,2837.88
2010-05-25,2818.78
2010-05-24,2898.57
2010-05-21,2883.5
2010-05-20,2921.38
2010-05-19,2913.95
2010-05-18,2987.7
2010-05-17,2968.23
2010-05-14,2979.73
2010-05-13,2988.04
2010-05-12,2953.8
2010-05-11,2941.07
2010-05-10,2954.96
2010-05-07,2897.38
2010-05-06,2953.18
2010-05-05,2962.23
2010-05-04,2970.14
2010-05-03,3005.16
2010-04-30,3033.7
2010-04-29,3026.96
2010-04-28,2977.89
2010-04-27,3009.39
2010-04-26,3013.23
2010-04-23,2989.13
2010-04-22,2973.46
2010-04-21,2973.35
2010-04-20,2953.17
2010-04-19,2928.48
2010-04-16,2939.72
2010-04-15,2954.75
2010-04-13,2948.87
2010-04-12,2959.73
2010-04-09,2970.08
2010-04-08,2964.22
2010-04-07,2978.54
2010-04-06,2963.96
2010-04-05,2951.82
2010-04-01,2902.66
2010-03-31,2867.8
2010-03-30,2854.85
2010-03-29,2866.31
2010-03-26,2867.52
2010-03-25,2855.16
2010-03-23,2834.52
2010-03-22,2832.0
2010-03-19,2855.88
2010-03-18,2852.93
2010-03-17,2836.98
2010-03-16,2831.17
2010-03-15,2812.92
2010-03-12,2827.4
2010-03-11,2827.82
2010-03-10,2828.66
2010-03-09,2836.85
2010-03-08,2842.93
2010-03-05,2817.36
2010-03-04,2807.26
2010-03-03,2778.56
2010-03-02,2726.24
2010-02-26,2664.77
2010-02-25,2627.5
2010-02-24,2660.92
2010-02-23,2676.79
2010-02-22,2694.64
2010-02-19,2693.17
2010-02-18,2722.09
2010-02-17,2747.67
2010-02-16,2718.71
2010-02-15,2700.82
2010-02-11,2706.66
2010-02-10,2683.16
2010-02-09,2683.4
2010-02-08,2661.02
2010-02-06,2655.52
2010-02-05,2618.23
2010-02-04,2679.45
2010-02-03,2725.77
2010-02-02,2686.81
2010-02-01,2706.6
2010-01-29,2653.31
2010-01-28,2634.33
2010-01-27,2633.67
2010-01-25,2738.04
2010-01-22,2785.82
2010-01-21,2808.35
2010-01-20,2861.64
2010-01-19,2870.34
2010-01-18,2886.06
2010-01-15,2874.81
2010-01-14,2850.16
2010-01-13,2822.89
2010-01-12,2806.47
2010-01-11,2830.63
2010-01-08,2800.02
2010-01-07,2811.01
2010-01-06,2793.54
2010-01-05,2776.88
2010-01-04,2743.76
2009-12-31,2710.86
2009-12-30,2700.49
2009-12-29,2688.75
2009-12-24,2663.42
2009-12-23,2653.4
2009-12-22,2608.88
2009-12-21,2591.88
2009-12-18,2598.86
2009-12-17,2624.2
2009-12-16,2603.79
2009-12-15,2598.01
2009-12-14,2629.76
2009-12-11,2644.84
2009-12-10,2660.01
2009-12-09,2656.56
2009-12-08,2681.82
2009-12-07,2656.69
2009-12-04,2681.67
2009-12-03,2699.81
2009-12-02,2678.11
2009-12-01,2665.68
2009-11-30,2631.39
2009-11-27,2589.42
2009-11-26,2612.91
2009-11-25,2654.45
2009-11-24,2643.59
2009-11-23,2646.37
2009-11-20,2633.63
2009-11-19,2600.93
2009-11-18,2642.32
2009-11-17,2637.83
2009-11-16,2642.21
2009-11-13,2626.38
2009-11-12,2616.55
2009-11-11,2652.54
2009-11-10,2605.02
2009-11-09,2599.24
2009-11-06,2535.43
2009-11-05,2470.25
2009-11-04,2405.37
2009-11-03,2335.9
2009-10-30,2399.33
2009-10-29,2409.25
2009-10-28,2447.33
2009-10-27,2436.51
2009-10-26,2526.26
2009-10-23,2563.48
2009-10-22,2521.62
2009-10-21,2563.88
2009-10-20,2585.58
2009-10-17,2580.35
2009-10-16,2563.51
2009-10-15,2530.79
2009-10-14,2519.66
2009-10-12,2494.18
2009-10-09,2464.86
2009-10-08,2475.58
2009-10-07,2466.87
2009-10-06,2432.6
2009-10-05,2436.32
2009-10-01,2467.74
2009-09-30,2474.96
2009-09-29,2470.43
2009-09-25,2450.68
2009-09-24,2433.06
2009-09-23,2406.48
2009-09-22,2436.44
2009-09-18,2399.7
2009-09-17,2377.48
2009-09-16,2362.41
2009-09-15,2335.26
2009-09-14,2294.89
2009-09-11,2298.27
2009-09-10,2299.01
2009-09-09,2299.01
2009-09-08,2303.96
2009-09-07,2313.04
2009-09-04,2279.31
2009-09-03,2265.46
2009-09-02,2254.09
2009-09-01,2257.87
2009-08-31,2270.97
2009-08-28,2272.53
2009-08-27,2264.82
2009-08-26,2259.04
2009-08-25,2247.11
2009-08-24,2234.92
2009-08-21,2195.46
2009-08-20,2174.48
2009-08-19,2167.3
2009-08-18,2184.13
2009-08-17,2147.91
2009-08-14,2217.21
2009-08-13,2217.3
2009-08-12,2155.47
2009-08-11,2153.74
2009-08-10,2141.79
2009-08-07,2165.34
2009-08-06,2203.83
2009-08-05,2253.35
2009-08-04,2252.99
2009-08-03,2241.64
2009-07-31,2211.28
2009-07-30,2182.35
2009-07-29,2186.52
2009-07-28,2200.29
2009-07-27,2186.46
2009-07-24,2140.93
2009-07-23,2111.27
2009-07-22,2084.74
2009-07-21,2091.82
2009-07-20,2104.54
2009-07-17,2050.31
2009-07-16,2009.89
2009-07-15,2012.46
2009-07-14,1946.24
2009-07-13,1873.14
2009-07-10,1929.02
2009-07-09,1967.08
2009-07-08,1935.21
2009-07-07,1985.9
2009-07-06,1950.83
2009-07-03,2059.51
2009-07-02,2043.66
2009-07-01,2039.58
2009-06-30,2013.51
2009-06-29,2054.44
2009-06-26,2032.87
2009-06-25,1997.84
2009-06-24,2008.75
2009-06-23,1957.57
2009-06-22,1944.42
2009-06-19,1955.47
2009-06-18,1927.85
2009-06-17,1964.1
2009-06-16,2022.03
2009-06-15,1986.44
2009-06-12,2024.98
2009-06-11,2071.37
2009-06-10,2073.68
2009-06-09,2034.82
2009-06-08,1977.54
2009-06-05,2075.36
2009-06-04,2093.71
2009-06-03,2021.21
2009-06-02,1996.49
2009-06-01,1983.36
2009-05-29,1943.64
2009-05-28,1900.62
2009-05-27,1887.23
2009-05-26,1836.53
2009-05-25,1906.49
2009-05-22,1848.31
2009-05-21,1835.11
2009-05-20,1837.79
2009-05-19,1747.43
2009-05-18,1741.04
2009-05-15,1577.65
2009-05-14,1555.8
2009-05-13,1543.91
2009-05-12,1554.03
2009-05-11,1543.68
2009-05-08,1559.53
2009-05-07,1559.6
2009-05-06,1529.35
2009-05-05,1547.84
2009-05-04,1540.93
2009-04-29,1501.59
2009-04-28,1467.79
2009-04-27,1509.17
2009-04-24,1510.57
2009-04-23,1488.85
2009-04-22,1469.56
2009-04-21,1486.44
2009-04-20,1494.93
2009-04-17,1473.56
2009-04-16,1466.4
2009-04-15,1523.87
2009-04-13,1484.65
2009-04-09,1452.15
2009-04-08,1441.91
2009-04-06,1411.64
2009-04-02,1392.11
2009-04-01,1346.91
2009-03-31,1342.66
2009-03-30,1312.43
2009-03-27,1314.62
2009-03-26,1306.31
2009-03-25,1350.58
2009-03-24,1346.76
2009-03-23,1355.38
2009-03-20,1318.35
2009-03-19,1371.9
2009-03-18,1352.09
2009-03-17,1297.56
2009-03-16,1288.24
2009-03-13,1241.51
2009-03-12,1207.93
2009-03-09,1201.93
2009-03-06,1207.95
2009-03-05,1218.59
2009-03-04,1238.9
2009-03-03,1243.87
2009-03-02,1271.18
2009-02-27,1293.18
2009-02-26,1287.38
2009-02-25,1293.76
2009-02-24,1283.0
2009-02-20,1303.42
2009-02-19,1321.18
2009-02-18,1322.83
2009-02-17,1333.63
2009-02-16,1361.57
2009-02-13,1401.68
2009-02-12,1377.73
2009-02-11,1357.0
2009-02-10,1356.5
2009-02-09,1334.78
2009-02-06,1317.68
2009-02-05,1300.49
2009-02-04,1300.51
2009-02-03,1303.78
2009-02-02,1315.09
2009-01-30,1332.57
2009-01-29,1326.96
2009-01-28,1333.51
2009-01-27,1316.71
2009-01-23,1310.74
2009-01-22,1324.7
2009-01-21,1341.23
2009-01-20,1374.77
2009-01-19,1386.34
2009-01-16,1376.47
2009-01-15,1357.68
2009-01-14,1375.96
2009-01-13,1341.52
2009-01-12,1359.9
2009-01-09,1383.83
2009-01-07,1421.34
2009-01-06,1503.13
2009-01-05,1518.11
2009-01-02,1500.35
2009-01-01,1472.79
2008-12-31,1442.3
2008-12-30,1437.77
2008-12-29,1409.2
2008-12-26,1390.02
2008-12-24,1408.57
2008-12-23,1424.5
2008-12-22,1460.21
2008-12-19,1465.64
2008-12-18,1431.64
2008-12-17,1407.93
2008-12-16,1445.6
2008-12-15,1412.85
2008-12-12,1359.43
2008-12-11,1352.13
2008-12-10,1340.24
2008-12-08,1316.44
2008-12-05,1326.34
2008-12-04,1337.19
2008-12-03,1295.28
2008-12-02,1283.32
2008-12-01,1302.89
2008-11-28,1331.62
2008-11-26,1318.72
2008-11-25,1307.39
2008-11-24,1309.22
2008-11-21,1307.66
2008-11-20,1302.02
2008-11-19,1351.22
2008-11-18,1375.54
2008-11-17,1398.56
2008-11-14,1428.3
2008-11-12,1458.3
2008-11-11,1485.52
2008-11-10,1537.81
2008-11-07,1484.3
2008-11-06,1468.16
2008-11-05,1505.48
2008-11-04,1520.33
2008-11-03,1491.96
2008-10-31,1421.5
2008-10-29,1351.22
2008-10-28,1369.57
2008-10-27,1300.38
2008-10-24,1336.22
2008-10-23,1418.42
2008-10-22,1459.18
2008-10-21,1512.94
2008-10-20,1460.59
2008-10-17,1475.45
2008-10-16,1524.33
2008-10-15,1552.04
2008-10-14,1621.05
2008-10-13,1586.93
2008-10-10,1524.86
2008-10-08,1652.08
2008-10-07,1743.53
2008-10-06,1768.35
2008-10-03,1898.19
2008-10-01,1949.18
2008-09-30,1942.39
2008-09-29,1915.18
2008-09-26,1995.64
2008-09-25,2062.69
2008-09-24,2074.1
2008-09-23,2069.82
2008-09-22,2119.86
2008-09-19,2120.25
2008-09-18,2045.25
2008-09-17,2052.5
2008-09-16,2087.64
2008-09-15,2123.1
2008-09-12,2215.94
2008-09-11,2253.13
2008-09-10,2275.99
2008-09-09,2304.88
2008-09-08,2320.54
2008-09-05,2288.22
2008-09-04,2334.83
2008-09-02,2348.62
2008-09-01,2315.09
2008-08-29,2302.37
2008-08-28,2245.06
2008-08-27,2268.83
2008-08-26,2296.78
2008-08-25,2299.77
2008-08-22,2289.3
2008-08-21,2281.49
2008-08-20,2333.8
2008-08-19,2298.0
2008-08-18,2324.29
2008-08-14,2351.95
2008-08-13,2405.18
2008-08-12,2411.65
2008-08-11,2442.5
2008-08-08,2386.47
2008-08-07,2353.08
2008-08-06,2353.69
2008-08-05,2370.79
2008-08-04,2352.21
2008-08-01,2308.05
2008-07-31,2249.17
2008-07-30,2246.3
2008-07-29,2199.23
2008-07-28,2268.22
2008-07-25,2249.04
2008-07-24,2259.28
2008-07-23,2256.78
2008-07-22,2103.79
2008-07-21,2047.43
2008-07-18,2036.1
2008-07-17,2003.55
2008-07-16,1972.1
2008-07-15,2021.57
2008-07-14,2108.5
2008-07-11,2104.62
2008-07-10,2156.68
2008-07-09,2142.03
2008-07-08,2061.25
2008-07-07,2060.3
2008-07-04,2030.62
2008-07-03,1986.49
2008-07-02,2060.53
2008-07-01,1949.15
2008-06-30,2056.14
2008-06-27,2132.0
2008-06-26,2206.66
2008-06-25,2200.54
2008-06-24,2192.38
2008-06-23,2245.46
2008-06-20,2358.4
2008-06-19,2451.84
2008-06-18,2525.22
2008-06-17,2539.04
2008-06-16,2486.6
2008-06-13,2459.29
2008-06-12,2441.61
2008-06-11,2433.96
2008-06-10,2414.15
2008-06-09,2447.51
2008-06-06,2524.58
2008-06-05,2542.14
2008-06-04,2550.56
2008-06-03,2648.3
2008-06-02,2648.6
2008-05-30,2720.44
2008-05-29,2711.31
2008-05-28,2703.61
2008-05-27,2668.43
2008-05-26,2701.64
2008-05-23,2783.62
2008-05-22,2827.02
2008-05-21,2881.26
2008-05-20,2850.1
2008-05-16,2871.33
2008-05-15,2852.33
2008-05-14,2811.49
2008-05-13,2778.33
2008-05-12,2781.72
2008-05-09,2795.43
2008-05-08,2877.16
2008-05-07,2904.5
2008-05-06,2923.18
2008-05-05,2977.02
2008-05-02,2940.76
2008-04-30,2889.3
2008-04-29,2880.49
2008-04-28,2854.11
2008-04-25,2839.16
2008-04-24,2805.01
2008-04-23,2840.36
2008-04-22,2825.48
2008-04-21,2787.44
2008-04-17,2729.71
2008-04-16,2664.06
2008-04-15,2619.87
2008-04-11,2583.85
2008-04-10,2552.13
2008-04-09,2525.95
2008-04-08,2489.5
2008-04-07,2473.13
2008-04-04,2447.92
2008-04-03,2496.84
2008-04-02,2511.58
2008-04-01,2491.56
2008-03-31,2531.75
2008-03-28,2587.7
2008-03-27,2482.64
2008-03-26,2491.01
2008-03-25,2454.52
2008-03-24,2272.67
2008-03-19,2335.41
2008-03-18,2364.88
2008-03-17,2431.4
2008-03-14,2633.47
2008-03-13,2615.34
2008-03-12,2809.18
2008-03-11,2819.38
2008-03-10,2712.98
2008-03-07,2725.37
2008-03-05,2874.86
2008-03-04,2918.49
2008-03-03,2986.45
2008-02-29,3127.95
2008-02-28,3145.56
2008-02-27,3154.62
2008-02-26,3162.6
2008-02-25,3147.65
2008-02-22,3135.83
2008-02-21,3159.88
2008-02-20,3129.18
2008-02-19,3216.31
2008-02-18,3193.14
2008-02-15,3195.48
2008-02-14,3126.65
2008-02-13,2958.94
2008-02-12,2962.59
2008-02-11,3009.28
2008-02-08,3205.27
2008-02-07,3282.37
2008-02-06,3383.31
2008-02-05,3416.96
2008-02-04,3379.91
2008-02-01,3253.85
2008-01-31,3223.49
2008-01-30,3283.79
2008-01-29,3377.14
2008-01-28,3381.46
2008-01-25,3389.0
2008-01-24,3155.9
2008-01-23,3310.12
2008-01-22,3060.56
2008-01-21,3407.41
2008-01-18,3866.02
2008-01-17,4081.01
2008-01-16,4075.59
2008-01-15,4118.18
2008-01-14,4128.74
2008-01-11,4066.35
2008-01-10,4068.47
2008-01-09,4220.4
2008-01-08,4284.41
2008-01-07,4374.14
2008-01-04,4360.14
2008-01-03,4367.08
2008-01-02,4350.53
2008-01-01,4236.78
2007-12-31,4130.08
2007-12-28,4042.38
2007-12-27,3944.76
2007-12-26,3922.67
2007-12-24,3846.79
2007-12-20,3746.02
2007-12-19,3770.94
2007-12-18,3767.89
2007-12-17,3781.72
2007-12-14,3990.27
2007-12-13,3961.4
2007-12-12,3916.39
2007-12-11,3854.92
2007-12-10,3827.59
2007-12-07,3810.29
2007-12-06,3826.76
2007-12-05,3841.56
2007-12-04,3791.61
2007-12-03,3727.81
2007-11-30,3621.85
2007-11-29,3502.15
2007-11-28,3513.53
2007-11-27,3547.99
2007-11-26,3573.88
2007-11-23,3509.32
2007-11-22,3416.67
2007-11-21,3468.12
2007-11-20,3683.44
2007-11-19,3722.16
2007-11-16,3625.97
2007-11-15,3604.5
2007-11-14,3538.09
2007-11-13,3445.26
2007-11-12,3344.27
2007-11-09,3379.05
2007-11-08,3370.93
2007-11-07,3411.53
2007-11-06,3436.79
2007-11-05,3490.93
2007-11-02,3380.17
2007-11-01,3336.69
2007-10-31,3376.98
2007-10-30,3344.68
2007-10-29,3375.22
2007-10-26,3283.85
2007-10-25,3189.33
2007-10-24,3159.93
2007-10-23,3082.45
2007-10-22,2905.47
2007-10-19,2881.93
2007-10-18,2993.73
2007-10-17,3090.97
2007-10-16,3189.51
2007-10-15,3149.82
2007-10-12,3031.94
2007-10-11,3063.8
2007-10-10,3004.94
2007-10-09,2973.62
2007-10-08,2854.21
2007-10-05,2995.31
2007-10-04,3027.75
2007-10-03,3017.47
2007-10-01,3005.54
2007-09-28,2942.83
2007-09-27,2858.97
2007-09-26,2878.88
2007-09-25,2892.43
2007-09-24,2863.03
2007-09-21,2771.18
2007-09-20,2768.11
2007-09-19,2749.09
2007-09-18,2707.31
2007-09-17,2670.66
2007-09-14,2655.04
2007-09-13,2666.95
2007-09-12,2637.09
2007-09-11,2634.35
2007-09-10,2639.9
2007-09-07,2639.84
2007-09-06,2641.61
2007-09-05,2612.28
2007-09-04,2603.48
2007-09-03,2572.2
2007-08-31,2521.79
2007-08-30,2480.65
2007-08-29,2472.82
2007-08-28,2452.24
2007-08-27,2427.34
2007-08-24,2350.32
2007-08-23,2302.64
2007-08-22,2323.71
2007-08-21,2315.63
2007-08-20,2407.26
2007-08-17,2373.08
2007-08-16,2414.21
2007-08-14,2503.24
2007-08-13,2508.43
2007-08-10,2494.28
2007-08-09,2511.22
2007-08-08,2561.75
2007-08-07,2542.18
2007-08-06,2535.29
2007-08-03,2572.13
2007-08-02,2533.58
2007-08-01,2500.72
2007-07-31,2605.92
2007-07-30,2567.2
2007-07-27,2546.53
2007-07-26,2616.32
2007-07-25,2617.15
2007-07-24,2640.16
2007-07-23,2649.47
2007-07-20,2648.47
2007-07-19,2637.44
2007-07-18,2608.1
2007-07-17,2608.52
2007-07-16,2628.12
2007-07-13,2617.89
2007-07-12,2599.62
2007-07-11,2560.34
2007-07-10,2549.97
2007-07-09,2564.98
2007-07-06,2539.16
2007-07-05,2522.76
2007-07-04,2535.64
2007-07-03,2516.25
2007-07-02,2494.78
2007-06-29,2475.25
2007-06-28,2455.21
2007-06-27,2437.63
2007-06-26,2436.43
2007-06-25,2415.23
2007-06-22,2399.21
2007-06-21,2390.77
2007-06-20,2376.27
2007-06-19,2344.29
2007-06-18,2306.0
2007-06-15,2306.37
2007-06-14,2303.23
2007-06-13,2268.25
2007-06-12,2280.9
2007-06-11,2297.2
2007-06-08,2294.18
2007-06-07,2305.77
2007-06-06,2306.64
2007-06-05,2345.79
2007-06-04,2339.35
2007-06-01,2346.71
2007-05-31,2317.93
2007-05-30,2301.27
2007-05-29,2320.46
2007-05-28,2304.37
2007-05-25,2286.18
2007-05-24,2280.63
2007-05-23,2292.44
2007-05-22,2298.24
2007-05-21,2288.4
2007-05-18,2279.15
2007-05-17,2278.78
2007-05-16,2252.22
2007-05-15,2222.41
2007-05-14,2213.2
2007-05-11,2182.51
2007-05-10,2175.43
2007-05-09,2168.43
2007-05-08,2159.8
2007-05-07,2187.05
2007-05-04,2194.07
2007-05-03,2208.06
2007-04-30,2190.24
2007-04-27,2166.21
2007-04-26,2194.22
2007-04-25,2191.32
2007-04-24,2164.86
2007-04-23,2146.54
2007-04-20,2133.78
2007-04-19,2113.39
2007-04-18,2115.46
2007-04-17,2115.6
2007-04-16,2132.89
2007-04-13,2102.57
2007-04-12,2062.47
2007-04-11,2069.23
2007-04-10,2041.18
2007-04-09,2017.32
2007-04-05,1977.13
2007-04-04,1962.91
2007-04-03,1947.47
2007-04-02,1935.4
2007-03-30,2012.27
2007-03-29,1983.6
2007-03-28,1969.75
2007-03-26,1997.2
2007-03-23,2003.32
2007-03-22,1986.59
2007-03-21,1963.65
2007-03-20,1958.42
2007-03-19,1937.39
2007-03-16,1919.33
2007-03-15,1939.36
2007-03-14,1928.39
2007-03-13,1967.04
2007-03-12,1943.57
2007-03-09,1922.59
2007-03-08,1930.04
2007-03-07,1870.43
2007-03-06,1913.7
2007-03-05,1918.7
2007-03-02,2031.09
2007-03-01,2046.8
2007-02-28,2041.03
2007-02-27,2115.31
2007-02-26,2107.26
2007-02-23,2095.94
2007-02-22,2151.43
2007-02-21,2181.56
2007-02-20,2170.2
2007-02-19,2194.65
2007-02-15,2203.54
2007-02-14,2143.84
2007-02-13,2146.34
2007-02-12,2156.77
2007-02-09,2243.38
2007-02-08,2293.43
2007-02-07,2304.73
2007-02-06,2307.4
2007-02-05,2290.73
2007-02-02,2277.37
2007-02-01,2269.36
2007-01-31,2246.21
2007-01-29,2261.26
2007-01-25,2270.16
2007-01-24,2246.48
2007-01-23,2240.12
2007-01-22,2283.99
2007-01-19,2285.85
2007-01-18,2301.64
2007-01-17,2308.21
2007-01-16,2293.11
2007-01-15,2290.52
2007-01-12,2277.54
2007-01-11,2249.68
2007-01-10,2226.14
2007-01-09,2260.75
2007-01-08,2267.83
2007-01-05,2286.22
2007-01-04,2288.8
2007-01-03,2280.26
2007-01-02,2264.18
2006-12-29,2218.73
2006-12-28,2192.54
2006-12-27,2202.77
2006-12-26,2175.99
2006-12-22,2147.96
2006-12-21,2124.16
2006-12-20,2109.43
2006-12-19,2124.75
2006-12-18,2162.62
2006-12-15,2168.42
2006-12-14,2146.48
2006-12-13,2087.95
2006-12-12,2040.64
2006-12-11,2128.98
2006-12-08,2181.09
2006-12-07,2193.61
2006-12-06,2191.14
2006-12-05,2202.11
2006-12-04,2196.91
2006-12-01,2172.85
2006-11-30,2145.79
2006-11-29,2169.54
2006-11-28,2141.01
2006-11-27,2148.47
2006-11-24,2128.59
2006-11-23,2107.95
2006-11-22,2084.32
2006-11-21,2047.06
2006-11-20,2002.47
2006-11-17,2022.92
2006-11-16,2064.28
2006-11-15,2051.21
2006-11-14,2056.54
2006-11-13,2075.91
2006-11-10,2042.74
2006-11-09,2025.41
2006-11-08,2017.29
2006-11-07,2053.61
2006-11-06,2043.51
2006-11-03,2002.96
2006-11-02,1996.65
2006-11-01,1982.12
2006-10-31,1973.12
2006-10-30,1978.96
2006-10-27,1965.72
2006-10-26,1941.67
2006-10-23,1925.06
2006-10-21,1931.52
2006-10-20,1911.61
2006-10-19,1891.08
2006-10-18,1890.17
2006-10-17,1893.38
2006-10-16,1904.96
2006-10-13,1900.59
2006-10-12,1888.19
2006-10-11,1875.67
2006-10-10,1896.59
2006-10-09,1911.86
2006-10-06,1908.88
2006-10-05,1890.94
2006-10-04,1854.66
2006-10-03,1855.47
2006-09-29,1856.26
2006-09-28,1826.62
2006-09-27,1816.0
2006-09-26,1806.34
2006-09-25,1795.51
2006-09-22,1796.38
2006-09-21,1798.3
2006-09-20,1776.14
2006-09-19,1770.72
2006-09-18,1786.26
2006-09-15,1783.57
2006-09-14,1779.35
2006-09-13,1773.75
2006-09-12,1749.14
2006-09-11,1730.98
2006-09-08,1789.95
2006-09-07,1771.67
2006-09-06,1771.96
2006-09-05,1760.82
2006-09-04,1763.77
2006-09-01,1726.76
2006-08-31,1707.65
2006-08-30,1717.09
2006-08-29,1726.39
2006-08-28,1729.82
2006-08-25,1723.12
2006-08-24,1704.88
2006-08-23,1701.72
2006-08-22,1716.92
2006-08-21,1718.61
2006-08-18,1704.66
2006-08-17,1701.69
2006-08-16,1720.4
2006-08-14,1700.85
2006-08-11,1673.45
2006-08-10,1656.6
2006-08-09,1628.83
2006-08-08,1586.53
2006-08-07,1563.81
2006-08-04,1562.89
2006-08-03,1565.34
2006-08-02,1547.57
2006-08-01,1530.46
2006-07-31,1538.63
2006-07-28,1525.31
2006-07-27,1504.16
2006-07-26,1477.54
2006-07-25,1450.86
2006-07-24,1416.68
2006-07-21,1441.31
2006-07-20,1478.0
2006-07-19,1453.73
2006-07-18,1509.55
2006-07-17,1532.35
2006-07-14,1566.41
2006-07-13,1581.02
2006-07-12,1577.47
2006-07-11,1566.4
2006-07-10,1558.85
2006-07-07,1557.58
2006-07-06,1586.42
2006-07-05,1596.35
2006-07-04,1583.51
2006-07-03,1587.3
2006-06-30,1591.2
2006-06-29,1534.97
2006-06-28,1531.34
2006-06-27,1533.61
2006-06-26,1555.96
2006-06-25,1624.02
2006-06-23,1608.05
2006-06-22,1618.2
2006-06-21,1581.41
2006-06-20,1533.73
2006-06-19,1531.83
2006-06-16,1493.12
2006-06-15,1425.44
2006-06-14,1340.58
2006-06-13,1391.91
2006-06-12,1494.28
2006-06-09,1515.5
2006-06-08,1441.33
2006-06-07,1547.82
2006-06-06,1645.67
2006-06-05,1716.08
2006-06-02,1749.58
2006-06-01,1770.07
2006-05-31,1829.38
2006-05-30,1867.77
2006-05-29,1860.54
2006-05-26,1841.68
2006-05-25,1820.1
2006-05-24,1844.36
2006-05-23,1860.21
2006-05-22,1823.81
2006-05-19,1937.57
2006-05-18,2025.35
2006-05-17,2134.81
2006-05-16,2078.42
2006-05-15,2094.72
2006-05-12,2166.85
2006-05-11,2176.58
2006-05-10,2187.8
2006-05-09,2179.57
2006-05-08,2179.37
2006-05-05,2170.28
2006-05-04,2177.31
2006-05-03,2181.36
2006-05-02,2191.04
2006-04-29,2186.41
2006-04-28,2146.61
2006-04-27,2152.6
2006-04-26,2145.54
2006-04-25,2118.12
2006-04-24,2140.5
2006-04-21,2134.42
2006-04-20,2126.37
2006-04-19,2110.05
2006-04-18,2101.39
2006-04-17,2082.96
2006-04-13,2060.35
2006-04-12,2095.4
2006-04-10,2133.71
2006-04-07,2122.16
2006-04-05,2143.73
2006-04-04,2128.93
2006-04-03,2115.93
2006-03-31,2067.55
2006-03-30,2046.05
2006-03-29,2029.74
2006-03-28,2015.62
2006-03-27,2021.39
2006-03-24,2008.03
2006-03-23,1986.54
2006-03-22,1977.22
2006-03-21,1997.73
2006-03-20,1986.99
2006-03-17,1972.01
2006-03-16,1977.14
2006-03-14,1966.94
2006-03-13,1974.91
2006-03-10,1952.95
2006-03-09,1920.39
2006-03-08,1916.98
2006-03-07,1946.49
2006-03-06,1923.87
2006-03-03,1894.45
2006-03-02,1870.69
2006-03-01,1840.47
2006-02-28,1801.2
2006-02-27,1802.01
2006-02-24,1786.77
2006-02-23,1783.3
2006-02-22,1794.77
2006-02-21,1794.85
2006-02-20,1773.91
2006-02-17,1789.35
2006-02-16,1806.41
2006-02-15,1789.29
2006-02-14,1794.24
2006-02-13,1801.84
2006-02-10,1784.22
2006-02-08,1762.26
2006-02-07,1768.06
2006-02-06,1743.76
2006-02-03,1719.74
2006-02-02,1716.03
2006-02-01,1720.23
2006-01-31,1738.63
2006-01-30,1742.09
2006-01-27,1763.69
2006-01-25,1717.95
2006-01-24,1715.34
2006-01-23,1706.26
2006-01-20,1700.58
2006-01-19,1674.16
2006-01-18,1640.63
2006-01-17,1647.48
2006-01-16,1653.28
2006-01-13,1661.22
2006-01-12,1651.78
2006-01-10,1661.61
2006-01-09,1670.97
2006-01-06,1652.81
2006-01-05,1632.51
2006-01-04,1634.16
2006-01-03,1627.38
2006-01-02,1603.83
2005-12-30,1579.13
2005-12-29,1559.07
2005-12-28,1545.33
2005-12-27,1540.84
2005-12-26,1516.04
2005-12-23,1544.41
2005-12-22,1547.73
2005-12-21,1544.9
2005-12-20,1537.0
2005-12-19,1545.03
2005-12-16,1529.46
2005-12-15,1524.77
2005-12-14,1543.61
2005-12-13,1555.76
2005-12-12,1540.67
2005-12-09,1526.38
2005-12-08,1506.02
2005-12-07,1499.63
2005-12-06,1489.94
2005-12-05,1490.66
2005-12-02,1497.13
2005-12-01,1476.56
2005-11-30,1456.4
2005-11-29,1458.03
2005-11-28,1465.48
2005-11-26,1446.92
2005-11-25,1422.99
2005-11-24,1413.52
2005-11-23,1408.18
2005-11-22,1400.97
2005-11-21,1408.91
2005-11-18,1416.33
2005-11-17,1411.65
2005-11-16,1410.83
2005-11-14,1406.42
2005-11-11,1401.76
2005-11-10,1380.47
2005-11-09,1382.49
2005-11-08,1375.58
2005-11-07,1353.31
2005-11-02,1325.85
2005-11-01,1316.85
2005-10-31,1297.87
2005-10-28,1264.29
2005-10-27,1283.39
2005-10-26,1304.72
2005-10-25,1310.33
2005-10-24,1315.07
2005-10-21,1310.56
2005-10-20,1284.13
2005-10-19,1313.4
2005-10-18,1353.43
2005-10-17,1357.77
2005-10-14,1371.48
2005-10-13,1405.7
2005-10-11,1418.38
2005-10-10,1428.21
2005-10-07,1433.02
2005-10-06,1438.82
2005-10-05,1456.01
2005-10-04,1453.76
2005-10-03,1447.83
2005-09-30,1442.35
2005-09-29,1454.59
2005-09-28,1451.84
2005-09-27,1426.58
2005-09-26,1398.22
2005-09-23,1352.18
2005-09-22,1339.29
2005-09-21,1406.87
2005-09-20,1441.1
2005-09-19,1453.28
2005-09-16,1416.95
2005-09-15,1408.39
2005-09-14,1388.52
2005-09-13,1396.67
2005-09-12,1385.09
2005-09-09,1372.21
2005-09-08,1371.7
2005-09-06,1358.55
2005-09-05,1354.04
2005-09-02,1352.81
2005-09-01,1349.57
2005-08-31,1328.39
2005-08-30,1320.65
2005-08-29,1299.1
2005-08-26,1302.19
2005-08-25,1271.04
2005-08-24,1258.24
2005-08-23,1282.52
2005-08-22,1314.58
2005-08-19,1313.59
2005-08-18,1317.9
2005-08-17,1316.66
2005-08-16,1303.08
2005-08-12,1295.11
2005-08-11,1290.4
2005-08-10,1263.63
2005-08-09,1232.11
2005-08-08,1238.86
2005-08-05,1249.13
2005-08-04,1234.56
2005-08-03,1229.91
2005-08-02,1226.68
2005-08-01,1199.12
2005-07-29,1186.87
2005-07-27,1189.94
2005-07-26,1185.66
2005-07-25,1188.15
2005-07-22,1183.92
2005-07-21,1170.87
2005-07-20,1171.77
2005-07-19,1173.91
2005-07-18,1159.75
2005-07-15,1133.03
2005-07-14,1122.04
2005-07-13,1117.96
2005-07-12,1108.39
2005-07-11,1108.25
2005-07-08,1093.4
2005-07-07,1075.95
2005-07-06,1089.45
2005-07-05,1069.68
2005-07-04,1070.14
2005-07-01,1051.91
2005-06-30,1037.11
2005-06-29,1036.85
2005-06-28,1026.56
2005-06-27,1044.79
2005-06-24,1048.99
2005-06-23,1038.07
2005-06-22,1033.17
2005-06-21,1033.07
2005-06-20,1029.93
2005-06-17,1037.87
2005-06-16,1054.64
2005-06-15,1068.96
2005-06-14,1063.49
2005-06-13,1059.8
2005-06-10,1060.96
2005-06-09,1063.77
2005-06-08,1058.75
2005-06-07,1059.63
2005-06-06,1059.09
2005-06-04,1057.85
2005-06-03,1057.53
2005-06-02,1051.9
2005-06-01,1060.36
2005-05-31,1054.16
2005-05-30,1048.74
2005-05-27,1056.25
2005-05-26,1061.94
2005-05-25,1062.9
2005-05-24,1059.23
2005-05-23,1053.66
2005-05-20,1045.96
2005-05-19,1052.91
2005-05-18,1047.66
2005-05-17,1040.18
2005-05-16,1049.81
2005-05-13,1037.29
2005-05-12,1030.52
2005-05-11,1020.46
2005-05-10,1017.52
2005-05-09,1021.77
2005-05-06,1006.41
2005-05-05,1003.2
2005-05-04,996.45
2005-05-03,986.53
2005-05-02,982.76
2005-04-29,992.51
2005-04-28,1007.53
2005-04-27,1011.04
2005-04-26,1024.65
2005-04-25,1029.05
2005-04-22,1025.2
2005-04-21,1004.93
2005-04-20,987.41
2005-04-19,976.69
2005-04-18,973.49
2005-04-15,986.57
2005-04-13,1011.48
2005-04-12,1008.69
2005-04-11,1001.53
2005-04-08,1013.41
2005-04-07,1021.33
2005-04-06,1026.82
2005-04-05,1012.58
2005-04-04,1015.88
2005-04-01,1000.0
