Date,NIFTY_LARGEMIDCAP_250
2024-07-26,20843.41
2024-07-25,20491.74
2024-07-24,20509.47
2024-07-23,20431.68
2024-07-22,20503.73
2024-07-19,20377.29
2024-07-18,20724.01
2024-07-16,20778.39
2024-07-15,20780.0
2024-07-12,20659.95
2024-07-11,20605.73
2024-07-10,20580.42
2024-07-09,20655.77
2024-07-08,20576.61
2024-07-05,20606.23
2024-07-04,20516.6
2024-07-03,20432.92
2024-07-02,20278.57
2024-07-01,20351.0
2024-06-28,20194.59
2024-06-27,20148.37
2024-06-26,20065.02
2024-06-25,20050.09
2024-06-24,20021.35
2024-06-21,19971.07
2024-06-20,20021.39
2024-06-19,19911.14
2024-06-18,20053.31
2024-06-14,19950.75
2024-06-13,19789.01
2024-06-12,19669.61
2024-06-11,19536.84
2024-06-10,19452.6
2024-06-07,19413.94
2024-06-06,19096.09
2024-06-05,18786.18
2024-06-04,18112.54
2024-06-03,19440.99
2024-05-31,18828.57
2024-05-30,18742.72
2024-05-29,18941.4
2024-05-28,19040.52
2024-05-27,19149.73
2024-05-24,19120.97
2024-05-23,19126.2
2024-05-22,18944.46
2024-05-21,18887.12
2024-05-18,18832.91
2024-05-17,18756.0
2024-05-16,18616.2
2024-05-15,18440.62
2024-05-14,18346.06
2024-05-13,18195.98
2024-05-10,18130.68
2024-05-09,17984.51
2024-05-08,18292.38
2024-05-07,18219.56
2024-05-06,18468.87
2024-05-03,18545.16
2024-05-02,18640.26
2024-04-30,18558.4
2024-04-29,18538.13
2024-04-26,18423.81
2024-04-25,18391.65
2024-04-24,18291.32
2024-04-23,18195.75
2024-04-22,18089.13
2024-04-19,17942.55
2024-04-18,17938.33
2024-04-16,18021.28
2024-04-15,18070.09
2024-04-12,18307.79
2024-04-10,18438.37
2024-04-09,18309.41
2024-04-08,18344.47
2024-04-05,18271.28
2024-04-04,18214.05
2024-04-03,18183.46
2024-04-02,18137.87
2024-04-01,18024.27
2024-03-28,17792.02
2024-03-27,17665.14
2024-03-26,17616.64
2024-03-22,17548.45
2024-03-21,17456.7
2024-03-20,17174.41
2024-03-19,17167.01
2024-03-18,17367.01
2024-03-15,17367.15
2024-03-14,17444.46
2024-03-13,17176.91
2024-03-12,17717.27
2024-03-11,17851.53
2024-03-07,17948.13
2024-03-06,17906.74
2024-03-05,17930.01
2024-03-04,17969.6
2024-03-02,17949.77
2024-03-01,17869.75
2024-02-29,17667.52
2024-02-28,17599.8
2024-02-27,17865.27
2024-02-26,17853.42
2024-02-23,17907.31
2024-02-22,17870.35
2024-02-21,17728.32
2024-02-20,17879.99
2024-02-19,17864.9
2024-02-16,17792.39
2024-02-15,17666.75
2024-02-14,17545.28
2024-02-13,17418.35
2024-02-12,17338.7
2024-02-09,17633.58
2024-02-08,17694.38
2024-02-07,17773.02
2024-02-06,17686.98
2024-02-05,17508.7
2024-02-02,17541.94
2024-02-01,17434.69
2024-01-31,17490.17
2024-01-30,17271.63
2024-01-29,17378.09
2024-01-25,17104.7
2024-01-24,17176.4
2024-01-23,16938.04
2024-01-20,17342.95
2024-01-19,17329.83
2024-01-18,17124.18
2024-01-17,17168.61
2024-01-16,17430.44
2024-01-15,17483.59
2024-01-12,17367.74
2024-01-11,17251.9
2024-01-10,17192.51
2024-01-09,17143.45
2024-01-08,17110.51
2024-01-05,17264.06
2024-01-04,17220.55
2024-01-03,17030.56
2024-01-02,17046.06
2024-01-01,17085.94
2023-12-29,17031.33
2023-12-28,16964.79
2023-12-27,16879.1
2023-12-26,16769.73
2023-12-22,16680.78
2023-12-21,16573.1
2023-12-20,16402.11
2023-12-19,16796.99
2023-12-18,16815.51
2023-12-15,16793.09
2023-12-14,16685.77
2023-12-13,16490.68
2023-12-12,16404.81
2023-12-11,16479.86
2023-12-08,16402.28
2023-12-07,16406.43
2023-12-06,16359.95
2023-12-05,16299.26
2023-12-04,16194.56
2023-12-01,15933.95
2023-11-30,15809.43
2023-11-29,15721.92
2023-11-28,15593.17
2023-11-24,15513.89
2023-11-23,15498.49
2023-11-22,15490.37
2023-11-21,15469.48
2023-11-20,15437.49
2023-11-17,15451.72
2023-11-16,15429.28
2023-11-15,15339.57
2023-11-13,15186.44
2023-11-12,15214.85
2023-11-10,15126.32
2023-11-09,15085.36
2023-11-08,15104.86
2023-11-07,15011.6
2023-11-06,14984.21
2023-11-03,14847.76
2023-11-02,14752.06
2023-11-01,14599.09
2023-10-31,14645.18
2023-10-30,14646.08
2023-10-27,14603.56
2023-10-26,14415.0
2023-10-25,14595.6
2023-10-23,14693.98
2023-10-20,15005.33
2023-10-19,15112.66
2023-10-18,15140.26
2023-10-17,15251.56
2023-10-16,15187.85
2023-10-13,15179.0
2023-10-12,15201.42
2023-10-11,15186.4
2023-10-10,15102.44
2023-10-09,14937.38
2023-10-06,15098.66
2023-10-05,15012.86
2023-10-04,14979.11
2023-10-03,15122.1
2023-09-29,15134.76
2023-09-28,15008.39
2023-09-27,15173.44
2023-09-26,15096.16
2023-09-25,15101.32
2023-09-22,15062.13
2023-09-21,15092.35
2023-09-20,15218.47
2023-09-18,15324.94
2023-09-15,15372.35
2023-09-14,15331.88
2023-09-13,15240.47
2023-09-12,15204.24
2023-09-11,15470.49
2023-09-08,15317.38
2023-09-07,15206.43
2023-09-06,15114.8
2023-09-05,15095.8
2023-09-04,14991.93
2023-09-01,14888.73
2023-08-31,14761.91
2023-08-30,14778.81
2023-08-29,14722.84
2023-08-28,14675.58
2023-08-25,14624.8
2023-08-24,14728.57
2023-08-23,14722.28
2023-08-22,14679.97
2023-08-21,14591.42
2023-08-18,14497.68
2023-08-17,14527.33
2023-08-16,14538.86
2023-08-14,14519.09
2023-08-11,14546.46
2023-08-10,14600.06
2023-08-09,14634.15
2023-08-08,14585.8
2023-08-07,14575.71
2023-08-04,14511.85
2023-08-03,14407.69
2023-08-02,14453.37
2023-08-01,14620.82
2023-07-31,14622.0
2023-07-28,14499.8
2023-07-27,14452.53
2023-07-26,14473.06
2023-07-25,14414.35
2023-07-24,14369.54
2023-07-21,14397.88
2023-07-20,14486.62
2023-07-19,14424.98
2023-07-18,14351.09
2023-07-17,14354.14
2023-07-14,14279.19
2023-07-13,14151.22
2023-07-12,14187.52
2023-07-11,14167.87
2023-07-10,14079.77
2023-07-07,14107.01
2023-07-06,14216.94
2023-07-05,14122.43
2023-07-04,14072.23
2023-07-03,14066.62
2023-06-30,14007.24
2023-06-28,13888.96
2023-06-27,13799.92
2023-06-26,13723.84
2023-06-23,13650.49
2023-06-22,13783.24
2023-06-21,13879.88
2023-06-20,13814.64
2023-06-19,13759.89
2023-06-16,13780.73
2023-06-15,13677.34
2023-06-14,13682.04
2023-06-13,13648.14
2023-06-12,13523.12
2023-06-09,13466.67
2023-06-08,13495.78
2023-06-07,13567.48
2023-06-06,13443.28
2023-06-05,13430.75
2023-06-02,13390.14
2023-06-01,13335.65
2023-05-31,13333.76
2023-05-30,13333.46
2023-05-29,13299.27
2023-05-26,13241.22
2023-05-25,13126.64
2023-05-24,13090.29
2023-05-23,13098.12
2023-05-22,13046.12
2023-05-19,12967.76
2023-05-18,12949.02
2023-05-17,13012.14
2023-05-16,13054.24
2023-05-15,13061.55
2023-05-12,12997.7
2023-05-11,13014.74
2023-05-10,12993.29
2023-05-09,12967.26
2023-05-08,12964.92
2023-05-05,12841.38
2023-05-04,12940.98
2023-05-03,12842.37
2023-05-02,12843.54
2023-04-28,12762.96
2023-04-27,12632.59
2023-04-26,12562.36
2023-04-25,12539.52
2023-04-24,12531.19
2023-04-21,12475.87
2023-04-20,12503.27
2023-04-19,12505.99
2023-04-18,12536.04
2023-04-17,12510.56
2023-04-13,12519.76
2023-04-12,12506.09
2023-04-11,12438.22
2023-04-10,12377.55
2023-04-06,12343.99
2023-04-05,12289.01
2023-04-03,12230.04
2023-03-31,12188.35
2023-03-29,12038.63
2023-03-28,11894.9
2023-03-27,11933.6
2023-03-24,11961.56
2023-03-23,12076.5
2023-03-22,12123.91
2023-03-21,12087.5
2023-03-20,12012.3
2023-03-17,12110.46
2023-03-16,12044.46
2023-03-15,12036.83
2023-03-14,12055.89
2023-03-13,12132.82
2023-03-10,12331.81
2023-03-09,12428.01
2023-03-08,12517.19
2023-03-06,12480.22
2023-03-03,12393.69
2023-03-02,12272.5
2023-03-01,12324.19
2023-02-28,12182.51
2023-02-27,12168.85
2023-02-24,12233.48
2023-02-23,12264.04
2023-02-22,12296.28
2023-02-21,12453.29
2023-02-20,12477.43
2023-02-17,12509.98
2023-02-16,12581.0
2023-02-15,12522.88
2023-02-14,12459.53
2023-02-13,12442.12
2023-02-10,12563.61
2023-02-09,12561.18
2023-02-08,12554.3
2023-02-07,12447.9
2023-02-06,12462.8
2023-02-03,12435.47
2023-02-02,12373.47
2023-02-01,12371.0
2023-01-31,12454.46
2023-01-30,12349.37
2023-01-27,12366.68
2023-01-25,12577.52
2023-01-24,12751.09
2023-01-23,12774.73
2023-01-20,12734.78
2023-01-19,12806.4
2023-01-18,12833.76
2023-01-17,12774.74
2023-01-16,12728.66
2023-01-13,12763.2
2023-01-12,12732.21
2023-01-11,12755.65
2023-01-10,12784.9
2023-01-09,12870.3
2023-01-06,12734.89
2023-01-05,12827.14
2023-01-04,12810.42
2023-01-03,12939.77
2023-01-02,12910.84
2022-12-30,12838.5
2022-12-29,12837.53
2022-12-28,12802.66
2022-12-27,12779.65
2022-12-26,12675.61
2022-12-23,12437.03
2022-12-22,12796.98
2022-12-21,12886.02
2022-12-20,13062.16
2022-12-19,13085.2
2022-12-16,12998.22
2022-12-15,13148.91
2022-12-14,13291.29
2022-12-13,13229.14
2022-12-12,13169.36
2022-12-09,13148.22
2022-12-08,13218.46
2022-12-07,13170.25
2022-12-06,13226.57
2022-12-05,13274.62
2022-12-02,13270.77
2022-12-01,13251.29
2022-11-30,13183.19
2022-11-29,13066.9
2022-11-28,13068.05
2022-11-25,13008.08
2022-11-24,12942.5
2022-11-23,12848.44
2022-11-22,12824.29
2022-11-21,12774.94
2022-11-18,12827.63
2022-11-17,12869.69
2022-11-16,12925.27
2022-11-15,12970.74
2022-11-14,12949.87
2022-11-11,12954.28
2022-11-10,12836.81
2022-11-09,12944.54
2022-11-07,12999.37
2022-11-04,12920.73
2022-11-03,12901.45
2022-11-02,12899.62
2022-11-01,12922.26
2022-10-31,12818.07
2022-10-28,12655.31
2022-10-27,12686.16
2022-10-25,12606.76
2022-10-24,12620.86
2022-10-21,12535.4
2022-10-20,12579.45
2022-10-19,12570.55
2022-10-18,12559.02
2022-10-17,12432.89
2022-10-14,12376.34
2022-10-13,12334.52
2022-10-12,12416.38
2022-10-11,12332.66
2022-10-10,12528.49
2022-10-07,12617.02
2022-10-06,12640.81
2022-10-04,12540.37
2022-10-03,12259.61
2022-09-30,12412.14
2022-09-29,12227.47
2022-09-28,12218.85
2022-09-27,12286.56
2022-09-26,12285.13
2022-09-23,12595.15
2022-09-22,12842.68
2022-09-21,12842.08
2022-09-20,12932.99
2022-09-19,12768.89
2022-09-16,12735.57
2022-09-15,13035.75
2022-09-14,13042.02
2022-09-13,13081.63
2022-09-12,13025.37
2022-09-09,12929.2
2022-09-08,12892.61
2022-09-07,12813.77
2022-09-06,12787.2
2022-09-05,12759.58
2022-09-02,12687.56
2022-09-01,12707.2
2022-08-30,12755.46
2022-08-29,12473.45
2022-08-26,12605.22
2022-08-25,12564.85
2022-08-24,12583.26
2022-08-23,12528.35
2022-08-22,12439.07
2022-08-19,12651.02
2022-08-18,12797.05
2022-08-17,12772.85
2022-08-16,12701.33
2022-08-12,12563.4
2022-08-11,12507.71
2022-08-10,12409.83
2022-08-08,12421.48
2022-08-05,12357.58
2022-08-04,12337.08
2022-08-03,12300.02
2022-08-02,12322.41
2022-08-01,12284.96
2022-07-29,12123.38
2022-07-28,11959.37
2022-07-27,11818.02
2022-07-26,11712.28
2022-07-25,11831.06
2022-07-22,11862.32
2022-07-21,11820.87
2022-07-20,11703.18
2022-07-19,11639.73
2022-07-18,11571.33
2022-07-15,11413.12
2022-07-14,11338.55
2022-07-13,11347.86
2022-07-12,11371.73
2022-07-11,11450.28
2022-07-08,11378.2
2022-07-07,11336.36
2022-07-06,11210.44
2022-07-05,11044.37
2022-07-04,11055.27
2022-07-01,10985.36
2022-06-30,10967.35
2022-06-29,11004.52
2022-06-28,11036.11
2022-06-27,11008.17
2022-06-24,10906.62
2022-06-23,10779.73
2022-06-22,10666.97
2022-06-21,10826.78
2022-06-20,10557.96
2022-06-17,10648.94
2022-06-16,10743.21
2022-06-15,10979.71
2022-06-14,10964.34
2022-06-13,10987.44
2022-06-10,11284.1
2022-06-09,11414.42
2022-06-08,11346.3
2022-06-07,11389.93
2022-06-06,11481.11
2022-06-03,11499.05
2022-06-02,11611.95
2022-06-01,11545.12
2022-05-31,11551.17
2022-05-30,11565.29
2022-05-27,11321.56
2022-05-26,11191.37
2022-05-25,11069.17
2022-05-24,11236.36
2022-05-23,11304.91
2022-05-20,11350.51
2022-05-19,11089.14
2022-05-18,11395.54
2022-05-17,11406.86
2022-05-16,11121.45
2022-05-13,11019.49
2022-05-12,10978.71
2022-05-11,11223.14
2022-05-10,11284.34
2022-05-09,11428.1
2022-05-06,11579.1
2022-05-05,11779.59
2022-05-04,11773.69
2022-05-02,12040.72
2022-04-29,12084.74
2022-04-28,12181.18
2022-04-27,12069.59
2022-04-26,12182.08
2022-04-25,11999.29
2022-04-22,12193.78
2022-04-21,12317.12
2022-04-20,12166.16
2022-04-19,12070.18
2022-04-18,12225.68
2022-04-13,12389.54
2022-04-12,12409.65
2022-04-11,12577.24
2022-04-08,12552.58
2022-04-07,12435.55
2022-04-06,12544.35
2022-04-05,12557.32
2022-04-04,12485.6
2022-04-01,12265.2
2022-03-31,12112.92
2022-03-30,12099.7
2022-03-29,11989.96
2022-03-28,11918.98
2022-03-25,11910.2
2022-03-24,11942.78
2022-03-23,11917.29
2022-03-22,11915.52
2022-03-21,11846.58
2022-03-17,11916.51
2022-03-16,11739.3
2022-03-15,11516.17
2022-03-14,11632.62
2022-03-11,11555.37
2022-03-10,11509.31
2022-03-09,11359.42
2022-03-08,11135.66
2022-03-07,11020.73
2022-03-04,11280.31
2022-03-03,11493.17
2022-03-02,11540.98
2022-02-28,11610.45
2022-02-25,11512.28
2022-02-24,11144.88
2022-02-23,11748.61
2022-02-22,11728.03
2022-02-21,11816.26
2022-02-18,11912.91
2022-02-17,11980.99
2022-02-16,11996.23
2022-02-15,12014.99
2022-02-14,11690.99
2022-02-11,12106.43
2022-02-10,12307.64
2022-02-09,12245.08
2022-02-08,12107.07
2022-02-07,12143.54
2022-02-04,12293.99
2022-02-03,12354.59
2022-02-02,12484.81
2022-02-01,12344.51
2022-01-31,12195.19
2022-01-28,12022.81
2022-01-27,11939.9
2022-01-25,12071.81
2022-01-24,11973.2
2022-01-21,12375.77
2022-01-20,12566.25
2022-01-19,12636.29
2022-01-18,12698.28
2022-01-17,12891.64
2022-01-14,12851.82
2022-01-13,12852.72
2022-01-12,12802.63
2022-01-11,12673.56
2022-01-10,12647.45
2022-01-07,12544.71
2022-01-06,12497.85
2022-01-05,12557.51
2022-01-04,12515.4
2022-01-03,12445.55
2021-12-31,12287.5
2021-12-30,12149.63
2021-12-29,12168.45
2021-12-28,12167.47
2021-12-27,12046.99
2021-12-24,12000.33
2021-12-23,12090.07
2021-12-22,11994.54
2021-12-21,11837.16
2021-12-20,11698.24
2021-12-17,12041.13
2021-12-16,12265.71
2021-12-15,12300.26
2021-12-14,12372.75
2021-12-13,12399.06
2021-12-10,12448.03
2021-12-09,12404.4
2021-12-08,12352.7
2021-12-07,12161.96
2021-12-06,11997.29
2021-12-03,12178.33
2021-12-02,12251.57
2021-12-01,12101.0
2021-11-30,11991.57
2021-11-29,11968.84
2021-11-26,12033.88
2021-11-25,12398.23
2021-11-24,12325.29
2021-11-23,12372.27
2021-11-22,12237.48
2021-11-18,12533.08
2021-11-17,12680.03
2021-11-16,12736.68
2021-11-15,12784.23
2021-11-12,12757.63
2021-11-11,12647.24
2021-11-10,12732.76
2021-11-09,12762.93
2021-11-08,12700.86
2021-11-04,12572.52
2021-11-03,12485.08
2021-11-02,12512.47
2021-11-01,12466.13
2021-10-29,12277.04
2021-10-28,12336.01
2021-10-27,12563.14
2021-10-26,12567.79
2021-10-25,12406.23
2021-10-22,12511.71
2021-10-21,12590.0
2021-10-20,12657.55
2021-10-19,12850.85
2021-10-18,13010.86
2021-10-14,12901.99
2021-10-13,12800.58
2021-10-12,12661.63
2021-10-11,12620.03
2021-10-08,12564.93
2021-10-07,12505.02
2021-10-06,12338.41
2021-10-05,12451.91
2021-10-04,12380.83
2021-10-01,12225.16
2021-09-30,12241.87
2021-09-29,12238.57
2021-09-28,12202.42
2021-09-27,12280.12
2021-09-24,12287.63
2021-09-23,12328.37
2021-09-22,12158.31
2021-09-21,12072.14
2021-09-20,11986.05
2021-09-17,12171.73
2021-09-16,12273.23
2021-09-15,12208.09
2021-09-14,12103.87
2021-09-13,12018.88
2021-09-09,11988.03
2021-09-08,11958.86
2021-09-07,11931.02
2021-09-06,11950.77
2021-09-03,11908.48
2021-09-02,11853.76
2021-09-01,11750.39
2021-08-31,11724.91
2021-08-30,11614.76
2021-08-27,11431.05
2021-08-26,11347.3
2021-08-25,11333.28
2021-08-24,11302.78
2021-08-23,11188.78
2021-08-20,11219.88
2021-08-18,11371.89
2021-08-17,11369.97
2021-08-16,11329.81
2021-08-13,11338.19
2021-08-12,11294.01
2021-08-11,11208.8
2021-08-10,11231.98
2021-08-09,11291.24
2021-08-06,11325.42
2021-08-05,11338.97
2021-08-04,11327.67
2021-08-03,11349.99
2021-08-02,11257.89
2021-07-30,11139.76
2021-07-29,11090.95
2021-07-28,11027.91
2021-07-27,11057.37
2021-07-26,11110.07
2021-07-23,11116.18
2021-07-22,11098.97
2021-07-20,10966.71
2021-07-19,11083.58
2021-07-16,11175.19
2021-07-15,11155.55
2021-07-14,11110.26
2021-07-13,11078.96
2021-07-12,11028.87
2021-07-09,11004.76
2021-07-08,10988.83
2021-07-07,11055.21
2021-07-06,11007.96
2021-07-05,11006.86
2021-07-02,10945.78
2021-07-01,10901.55
2021-06-30,10922.19
2021-06-29,10912.99
2021-06-28,10955.7
2021-06-25,10939.08
2021-06-24,10864.54
2021-06-23,10850.75
2021-06-22,10889.35
2021-06-21,10868.26
2021-06-18,10807.8
2021-06-17,10864.41
2021-06-16,10947.71
2021-06-15,11034.36
2021-06-14,10983.3
2021-06-11,10997.29
2021-06-10,10962.32
2021-06-09,10838.36
2021-06-08,10916.27
2021-06-07,10881.61
2021-06-04,10789.79
2021-06-03,10755.78
2021-06-02,10667.69
2021-06-01,10585.13
2021-05-31,10598.29
2021-05-28,10520.35
2021-05-27,10494.26
2021-05-26,10452.04
2021-05-25,10417.9
2021-05-24,10419.29
2021-05-21,10369.08
2021-05-20,10249.16
2021-05-19,10292.63
2021-05-18,10310.21
2021-05-17,10162.08
2021-05-14,9998.36
2021-05-12,10087.63
2021-05-11,10164.36
2021-05-10,10148.39
2021-05-07,10074.53
2021-05-06,10060.21
2021-05-05,9989.35
2021-05-04,9900.64
2021-05-03,9958.46
2021-04-30,9931.2
2021-04-29,10032.62
2021-04-28,10034.34
2021-04-27,9915.9
2021-04-26,9790.9
2021-04-23,9707.4
2021-04-22,9709.17
2021-04-20,9656.7
2021-04-19,9661.3
2021-04-16,9841.51
2021-04-15,9773.07
2021-04-13,9744.99
2021-04-12,9613.4
2021-04-09,10060.49
2021-04-08,10063.49
2021-04-07,10012.04
2021-04-06,9905.93
2021-04-05,9854.26
2021-04-01,9994.66
2021-03-31,9855.64
2021-03-30,9879.05
2021-03-26,9694.76
2021-03-25,9561.26
2021-03-24,9727.5
2021-03-23,9903.84
2021-03-22,9837.76
2021-03-19,9793.06
2021-03-18,9691.15
2021-03-17,9812.79
2021-03-16,9991.55
2021-03-15,9978.94
2021-03-12,10045.49
2021-03-10,10107.06
2021-03-09,10042.98
2021-03-08,10025.33
2021-03-05,10002.15
2021-03-04,10153.57
2021-03-03,10172.75
2021-03-02,9988.59
2021-03-01,9853.57
2021-02-26,9706.4
2021-02-25,9941.51
2021-02-24,9833.58
2021-02-23,9705.37
2021-02-22,9643.86
2021-02-19,9796.96
2021-02-18,9911.55
2021-02-17,9912.52
2021-02-16,9923.82
2021-02-15,9895.21
2021-02-12,9787.03
2021-02-11,9793.62
2021-02-10,9759.59
2021-02-09,9723.45
2021-02-08,9722.37
2021-02-05,9588.69
2021-02-04,9629.01
2021-02-03,9528.16
2021-02-02,9420.09
2021-02-01,9198.97
2021-01-29,8868.34
2021-01-28,8943.18
2021-01-27,9014.66
2021-01-25,9163.8
2021-01-22,9255.29
2021-01-21,9380.46
2021-01-20,9449.93
2021-01-19,9369.0
2021-01-18,9192.69
2021-01-15,9334.54
2021-01-14,9439.69
2021-01-13,9423.76
2021-01-12,9451.83
2021-01-11,9409.13
2021-01-08,9377.8
2021-01-07,9262.81
2021-01-06,9204.01
2021-01-05,9203.21
2021-01-04,9139.29
2021-01-01,9032.87
2020-12-31,8966.47
2020-12-30,8949.02
2020-12-29,8917.77
2020-12-28,8905.49
2020-12-24,8820.15
2020-12-23,8763.92
2020-12-22,8618.4
2020-12-21,8545.32
2020-12-18,8879.21
2020-12-17,8879.41
2020-12-16,8872.45
2020-12-15,8787.72
2020-12-14,8773.63
2020-12-11,8734.24
2020-12-10,8713.32
2020-12-09,8757.42
2020-12-08,8694.48
2020-12-07,8687.14
2020-12-04,8608.87
2020-12-03,8556.16
2020-12-02,8526.86
2020-12-01,8494.86
2020-11-27,8411.04
2020-11-26,8311.59
2020-11-25,8242.2
2020-11-24,8369.46
2020-11-23,8296.1
2020-11-20,8223.63
2020-11-19,8156.7
2020-11-18,8224.62
2020-11-17,8146.49
2020-11-14,8066.03
2020-11-13,8023.78
2020-11-12,7973.63
2020-11-11,7965.36
2020-11-10,7916.92
2020-11-09,7865.55
2020-11-06,7771.45
2020-11-05,7704.2
2020-11-04,7570.49
2020-11-03,7520.67
2020-11-02,7449.73
2020-10-30,7433.67
2020-10-29,7426.78
2020-10-28,7453.62
2020-10-27,7531.57
2020-10-26,7448.96
2020-10-23,7555.26
2020-10-22,7516.24
2020-10-21,7502.02
2020-10-20,7485.07
2020-10-19,7458.24
2020-10-16,7401.71
2020-10-15,7338.21
2020-10-14,7483.26
2020-10-13,7474.24
2020-10-12,7492.38
2020-10-09,7508.28
2020-10-08,7496.15
2020-10-07,7471.05
2020-10-06,7470.9
2020-10-05,7404.44
2020-10-01,7382.01
2020-09-30,7303.19
2020-09-29,7288.99
2020-09-28,7296.96
2020-09-25,7139.59
2020-09-24,6971.89
2020-09-23,7148.77
2020-09-22,7169.48
2020-09-21,7263.13
2020-09-18,7478.54
2020-09-17,7486.05
2020-09-16,7527.43
2020-09-15,7489.39
2020-09-14,7416.1
2020-09-11,7324.1
2020-09-10,7293.94
2020-09-09,7200.96
2020-09-08,7234.28
2020-09-07,7292.59
2020-09-04,7314.3
2020-09-03,7435.54
2020-09-02,7403.02
2020-09-01,7324.18
2020-08-31,7267.7
2020-08-28,7502.29
2020-08-27,7453.88
2020-08-26,7442.94
2020-08-25,7401.09
2020-08-24,7386.33
2020-08-21,7326.92
2020-08-20,7281.83
2020-08-19,7279.09
2020-08-18,7246.48
2020-08-17,7157.06
2020-08-14,7121.06
2020-08-13,7185.69
2020-08-12,7131.26
2020-08-11,7133.83
2020-08-10,7135.17
2020-08-07,7069.59
2020-08-06,7020.13
2020-08-05,6950.3
2020-08-04,6930.01
2020-08-03,6837.24
2020-07-31,6885.81
2020-07-30,6871.03
2020-07-29,6920.56
2020-07-28,6929.48
2020-07-27,6856.06
2020-07-24,6915.34
2020-07-23,6934.09
2020-07-22,6883.61
2020-07-21,6895.27
2020-07-20,6851.82
2020-07-17,6785.29
2020-07-16,6694.35
2020-07-15,6645.84
2020-07-14,6656.61
2020-07-13,6749.56
2020-07-10,6745.61
2020-07-09,6781.57
2020-07-08,6744.86
2020-07-07,6790.94
2020-07-06,6761.79
2020-07-03,6664.66
2020-07-02,6624.01
2020-07-01,6549.38
2020-06-30,6506.46
2020-06-29,6518.73
2020-06-26,6588.83
2020-06-25,6559.5
2020-06-24,6533.0
2020-06-23,6619.19
2020-06-22,6514.82
2020-06-19,6438.36
2020-06-18,6350.67
2020-06-17,6253.44
2020-06-16,6251.57
2020-06-15,6205.75
2020-06-12,6285.93
2020-06-11,6232.95
2020-06-10,6337.62
2020-06-09,6284.66
2020-06-08,6335.78
2020-06-05,6314.94
2020-06-04,6222.45
2020-06-03,6236.48
2020-06-02,6190.18
2020-06-01,6105.44
2020-05-29,5947.61
2020-05-28,5874.55
2020-05-27,5778.83
2020-05-26,5690.03
2020-05-22,5661.02
2020-05-21,5698.19
2020-05-20,5659.76
2020-05-19,5561.92
2020-05-18,5536.94
2020-05-15,5747.07
2020-05-14,5758.19
2020-05-13,5839.99
2020-05-12,5730.25
2020-05-11,5761.1
2020-05-08,5748.94
2020-05-07,5740.86
2020-05-06,5778.59
2020-05-05,5741.99
2020-05-04,5789.99
2020-04-30,6077.11
2020-04-29,5931.94
2020-04-28,5844.83
2020-04-27,5787.01
2020-04-24,5696.88
2020-04-23,5797.08
2020-04-22,5730.0
2020-04-21,5648.72
2020-04-20,5815.05
2020-04-17,5805.14
2020-04-16,5662.81
2020-04-15,5598.78
2020-04-13,5578.94
2020-04-09,5642.2
2020-04-08,5443.56
2020-04-07,5404.91
2020-04-03,5067.11
2020-04-01,5152.25
2020-03-31,5301.41
2020-03-30,5136.11
2020-03-27,5303.63
2020-03-26,5309.1
2020-03-25,5109.09
2020-03-24,4875.91
2020-03-23,4794.49
2020-03-20,5502.46
2020-03-19,5243.15
2020-03-18,5419.92
2020-03-17,5729.81
2020-03-16,5867.08
2020-03-13,6278.83
2020-03-12,6097.02
2020-03-11,6633.6
2020-03-09,6659.51
2020-03-06,6973.49
2020-03-05,7131.26
2020-03-04,7114.32
2020-03-03,7186.62
2020-03-02,7067.36
2020-02-28,7110.72
2020-02-27,7355.28
2020-02-26,7395.08
2020-02-25,7477.95
2020-02-24,7506.91
2020-02-20,7652.11
2020-02-19,7634.82
2020-02-18,7533.92
2020-02-17,7569.58
2020-02-14,7626.69
2020-02-13,7672.34
2020-02-12,7684.43
2020-02-11,7665.36
2020-02-10,7642.77
2020-02-07,7688.92
2020-02-06,7666.63
2020-02-05,7625.57
2020-02-04,7547.03
2020-02-03,7422.01
2020-02-01,7373.39
2020-01-31,7562.88
2020-01-30,7603.98
2020-01-29,7666.35
2020-01-28,7633.02
2020-01-27,7657.91
2020-01-24,7702.14
2020-01-23,7648.52
2020-01-22,7574.13
2020-01-21,7599.1
2020-01-20,7620.15
2020-01-17,7675.79
2020-01-16,7658.12
2020-01-15,7622.57
2020-01-14,7590.15
2020-01-13,7553.7
2020-01-10,7505.34
2020-01-09,7481.87
2020-01-08,7373.23
2020-01-07,7373.56
2020-01-06,7327.71
2020-01-03,7479.4
2020-01-02,7511.84
2020-01-01,7434.7
2019-12-31,7418.01
2019-12-30,7438.05
2019-12-27,7419.88
2019-12-26,7351.99
2019-12-24,7372.09
2019-12-23,7389.24
2019-12-20,7397.96
2019-12-19,7392.51
2019-12-18,7375.43
2019-12-17,7368.3
2019-12-16,7318.21
2019-12-13,7345.34
2019-12-12,7276.67
2019-12-11,7230.71
2019-12-10,7193.81
2019-12-09,7259.87
2019-12-06,7256.38
2019-12-05,7333.74
2019-12-04,7352.27
2019-12-03,7316.59
2019-12-02,7368.65
2019-11-29,7390.46
2019-11-28,7411.48
2019-11-27,7362.88
2019-11-26,7316.49
2019-11-25,7356.4
2019-11-22,7271.78
2019-11-21,7285.19
2019-11-20,7320.5
2019-11-19,7295.43
2019-11-18,7271.92
2019-11-15,7251.17
2019-11-14,7234.61
2019-11-13,7219.07
2019-11-11,7269.87
2019-11-08,7248.06
2019-11-07,7302.95
2019-11-06,7263.89
2019-11-05,7253.73
2019-11-04,7297.26
2019-11-01,7287.81
2019-10-31,7272.36
2019-10-30,7215.43
2019-10-29,7179.96
2019-10-27,7096.34
2019-10-25,7053.9
2019-10-24,7060.2
2019-10-23,7074.62
2019-10-22,7063.92
2019-10-18,7077.0
2019-10-17,6990.21
2019-10-16,6892.3
2019-10-15,6884.93
2019-10-14,6848.16
2019-10-11,6826.31
2019-10-10,6798.44
2019-10-09,6854.44
2019-10-07,6760.23
2019-10-04,6789.03
2019-10-03,6859.16
2019-10-01,6878.07
2019-09-30,6969.46
2019-09-27,7029.99
2019-09-26,7075.82
2019-09-25,7007.77
2019-09-24,7111.72
2019-09-23,7132.29
2019-09-20,6942.11
2019-09-19,6579.78
2019-09-18,6669.32
2019-09-17,6649.06
2019-09-16,6767.29
2019-09-13,6790.16
2019-09-12,6744.81
2019-09-11,6767.22
2019-09-09,6728.85
2019-09-06,6676.63
2019-09-05,6626.8
2019-09-04,6615.46
2019-09-03,6592.12
2019-08-30,6712.11
2019-08-29,6655.21
2019-08-28,6694.27
2019-08-27,6740.68
2019-08-26,6693.68
2019-08-23,6580.74
2019-08-22,6525.19
2019-08-21,6633.79
2019-08-20,6709.8
2019-08-19,6745.97
2019-08-16,6733.49
2019-08-14,6716.42
2019-08-13,6655.1
2019-08-09,6775.17
2019-08-08,6719.02
2019-08-07,6644.0
2019-08-06,6685.89
2019-08-05,6601.21
2019-08-02,6686.49
2019-08-01,6683.28
2019-07-31,6754.9
2019-07-30,6706.31
2019-07-29,6795.18
2019-07-26,6855.44
2019-07-25,6826.29
2019-07-24,6811.44
2019-07-23,6879.45
2019-07-22,6896.91
2019-07-19,6937.47
2019-07-18,7054.84
2019-07-17,7133.4
2019-07-16,7133.02
2019-07-15,7084.96
2019-07-12,7097.33
2019-07-11,7090.99
2019-07-10,7037.42
2019-07-09,7086.81
2019-07-08,7074.34
2019-07-05,7238.45
2019-07-04,7336.49
2019-07-03,7331.8
2019-07-02,7321.88
2019-07-01,7297.34
2019-06-28,7266.23
2019-06-27,7285.29
2019-06-26,7266.83
2019-06-25,7221.85
2019-06-24,7171.93
2019-06-21,7187.31
2019-06-20,7216.54
2019-06-19,7120.51
2019-06-18,7155.21
2019-06-17,7153.61
2019-06-14,7244.36
2019-06-13,7303.49
2019-06-12,7308.65
2019-06-11,7358.14
2019-06-10,7322.19
2019-06-07,7302.98
2019-06-06,7300.73
2019-06-04,7413.33
2019-06-03,7435.29
2019-05-31,7355.0
2019-05-30,7356.36
2019-05-29,7311.52
2019-05-28,7356.07
2019-05-27,7345.1
2019-05-24,7262.39
2019-05-23,7133.08
2019-05-22,7157.59
2019-05-21,7145.34
2019-05-20,7215.92
2019-05-17,6961.94
2019-05-16,6884.52
2019-05-15,6848.76
2019-05-14,6886.8
2019-05-13,6852.45
2019-05-10,6963.45
2019-05-09,6958.04
2019-05-08,6981.7
2019-05-07,7055.65
2019-05-06,7119.61
2019-05-03,7181.78
2019-05-02,7188.39
2019-04-30,7217.16
2019-04-26,7249.7
2019-04-25,7229.11
2019-04-24,7267.75
2019-04-23,7214.45
2019-04-22,7216.2
2019-04-18,7323.18
2019-04-16,7365.78
2019-04-15,7332.52
2019-04-12,7299.31
2019-04-11,7270.84
2019-04-10,7263.89
2019-04-09,7295.52
2019-04-08,7272.06
2019-04-05,7316.57
2019-04-04,7270.9
2019-04-03,7288.58
2019-04-02,7344.44
2019-04-01,7334.14
2019-03-29,7310.4
2019-03-28,7254.36
2019-03-27,7175.12
2019-03-26,7167.32
2019-03-25,7093.62
2019-03-22,7155.89
2019-03-20,7190.99
2019-03-19,7209.48
2019-03-18,7169.38
2019-03-15,7169.8
2019-03-14,7124.49
2019-03-13,7124.84
2019-03-12,7132.87
2019-03-11,7073.86
2019-03-08,6959.79
2019-03-07,6969.6
2019-03-06,6979.37
2019-03-05,6943.15
2019-03-01,6831.1
2019-02-28,6763.65
2019-02-27,6746.24
2019-02-26,6739.42
2019-02-25,6755.13
2019-02-22,6716.36
2019-02-21,6697.9
2019-02-20,6648.04
2019-02-19,6577.62
2019-02-18,6571.91
2019-02-15,6633.19
2019-02-14,6672.02
2019-02-13,6669.5
2019-02-12,6693.47
2019-02-11,6716.53
2019-02-08,6786.49
2019-02-07,6867.26
2019-02-06,6837.67
2019-02-05,6794.57
2019-02-04,6817.23
2019-02-01,6838.35
2019-01-31,6799.71
2019-01-30,6729.15
2019-01-29,6710.94
2019-01-28,6705.32
2019-01-25,6802.99
2019-01-24,6873.33
2019-01-23,6877.71
2019-01-22,6913.72
2019-01-21,6926.94
2019-01-18,6937.28
2019-01-17,6959.03
2019-01-16,6963.31
2019-01-15,6967.87
2019-01-14,6904.26
2019-01-11,6935.08
2019-01-10,6947.42
2019-01-09,6939.51
2019-01-08,6927.41
2019-01-07,6920.51
2019-01-04,6907.22
2019-01-03,6875.99
2019-01-02,6935.85
2019-01-01,7009.39
2018-12-31,6995.89
2018-12-28,6974.0
2018-12-27,6913.3
2018-12-26,6884.31
2018-12-24,6869.01
2018-12-21,6923.19
2018-12-20,7032.78
2018-12-19,7037.25
2018-12-18,6973.55
2018-12-17,6956.83
2018-12-14,6917.2
2018-12-13,6906.6
2018-12-12,6859.35
2018-12-11,6712.93
2018-12-10,6639.28
2018-12-07,6770.71
2018-12-06,6743.96
2018-12-05,6852.66
2018-12-04,6924.41
2018-12-03,6931.3
2018-11-30,6908.64
2018-11-29,6878.83
2018-11-28,6822.9
2018-11-27,6837.82
2018-11-26,6804.77
2018-11-22,6764.76
2018-11-21,6815.65
2018-11-20,6815.91
2018-11-19,6882.13
2018-11-16,6843.4
2018-11-15,6826.56
2018-11-14,6795.82
2018-11-13,6793.1
2018-11-12,6754.89
2018-11-09,6818.61
2018-11-07,6787.28
2018-11-06,6736.83
2018-11-05,6752.19
2018-11-02,6771.85
2018-11-01,6699.85
2018-10-31,6671.99
2018-10-30,6554.45
2018-10-29,6542.02
2018-10-26,6384.81
2018-10-25,6414.01
2018-10-24,6462.76
2018-10-23,6403.43
2018-10-22,6466.69
2018-10-19,6526.83
2018-10-17,6618.15
2018-10-16,6730.82
2018-10-15,6656.06
2018-10-12,6614.58
2018-10-11,6456.81
2018-10-10,6595.73
2018-10-09,6418.27
2018-10-08,6445.23
2018-10-05,6496.25
2018-10-04,6670.98
2018-10-03,6817.25
2018-10-01,6899.41
2018-09-28,6869.05
2018-09-27,6948.57
2018-09-26,7048.87
2018-09-25,7039.18
2018-09-24,7011.64
2018-09-21,7167.89
2018-09-19,7273.48
2018-09-18,7321.09
2018-09-17,7406.37
2018-09-14,7471.48
2018-09-12,7365.82
2018-09-11,7331.17
2018-09-10,7428.0
2018-09-07,7535.27
2018-09-06,7476.19
2018-09-05,7441.67
2018-09-04,7478.95
2018-09-03,7598.88
2018-08-31,7642.63
2018-08-30,7623.71
2018-08-29,7619.89
2018-08-28,7614.07
2018-08-27,7601.33
2018-08-24,7515.64
2018-08-23,7532.63
2018-08-21,7529.55
2018-08-20,7510.76
2018-08-17,7458.77
2018-08-16,7392.79
2018-08-14,7415.12
2018-08-13,7345.43
2018-08-10,7391.63
2018-08-09,7422.55
2018-08-08,7400.49
2018-08-07,7379.71
2018-08-06,7385.42
2018-08-03,7364.25
2018-08-02,7292.72
2018-08-01,7322.42
2018-07-31,7314.91
2018-07-30,7288.42
2018-07-27,7265.43
2018-07-26,7198.6
2018-07-25,7167.55
2018-07-24,7168.76
2018-07-23,7093.12
2018-07-20,7029.18
2018-07-19,6981.41
2018-07-18,7010.91
2018-07-17,7055.9
2018-07-16,6963.54
2018-07-13,7076.94
2018-07-12,7114.08
2018-07-11,7105.31
2018-07-10,7120.72
2018-07-09,7063.63
2018-07-06,6985.9
2018-07-05,6961.06
2018-07-04,6989.15
2018-07-03,6960.28
2018-07-02,6923.9
2018-06-29,6959.57
2018-06-28,6858.36
2018-06-27,6945.04
2018-06-26,7028.14
2018-06-25,7033.18
2018-06-22,7079.3
2018-06-21,7043.15
2018-06-20,7071.62
2018-06-19,7040.72
2018-06-18,7109.61
2018-06-15,7129.39
2018-06-14,7147.48
2018-06-13,7154.75
2018-06-12,7163.08
2018-06-11,7117.23
2018-06-08,7107.11
2018-06-07,7086.16
2018-06-06,7008.17
2018-06-05,6930.64
2018-06-04,6989.47
2018-06-01,7050.33
2018-05-31,7109.05
2018-05-30,7077.24
2018-05-29,7084.16
2018-05-28,7107.61
2018-05-25,7032.42
2018-05-24,6940.57
2018-05-23,6927.78
2018-05-22,6977.96
2018-05-21,6954.58
2018-05-18,7042.02
2018-05-17,7117.62
2018-05-16,7122.37
2018-05-15,7145.35
2018-05-14,7176.82
2018-05-11,7213.85
2018-05-10,7175.27
2018-05-09,7237.58
2018-05-08,7253.21
2018-05-07,7254.51
2018-05-04,7196.71
2018-05-03,7229.79
2018-05-02,7281.1
2018-04-30,7339.93
2018-04-27,7292.26
2018-04-26,7243.85
2018-04-25,7218.15
2018-04-24,7243.67
2018-04-23,7235.76
2018-04-20,7211.11
2018-04-19,7223.92
2018-04-18,7187.78
2018-04-17,7200.17
2018-04-16,7183.73
2018-04-13,7145.72
2018-04-12,7123.35
2018-04-11,7122.72
2018-04-10,7114.1
2018-04-09,7102.2
2018-04-06,7078.35
2018-04-05,7055.85
2018-04-04,6928.72
2018-04-03,7001.73
2018-04-02,6958.58
2018-03-28,6866.67
2018-03-27,6906.93
2018-03-26,6847.16
2018-03-23,6758.01
2018-03-22,6841.19
2018-03-21,6878.37
2018-03-20,6857.63
2018-03-19,6833.68
2018-03-16,6925.28
2018-03-15,7014.24
2018-03-14,7016.05
2018-03-13,7014.61
2018-03-12,6976.03
2018-03-09,6887.22
2018-03-08,6899.1
2018-03-07,6848.64
2018-03-06,6933.85
2018-03-05,7003.2
2018-03-01,7067.87
2018-02-28,7098.3
2018-02-27,7115.93
2018-02-26,7140.81
2018-02-23,7082.97
2018-02-22,6987.11
2018-02-21,7013.45
2018-02-20,7001.11
2018-02-19,7010.39
2018-02-16,7072.08
2018-02-15,7134.13
2018-02-14,7150.51
2018-02-12,7153.9
2018-02-09,7069.89
2018-02-08,7104.27
2018-02-07,7001.64
2018-02-06,6984.31
2018-02-05,7103.93
2018-02-02,7151.67
2018-02-01,7393.15
2018-01-31,7409.63
2018-01-30,7465.51
2018-01-29,7523.1
2018-01-25,7535.59
2018-01-24,7578.67
2018-01-23,7608.55
2018-01-22,7544.15
2018-01-19,7494.98
2018-01-18,7428.99
2018-01-17,7490.1
2018-01-16,7433.51
2018-01-15,7519.19
2018-01-12,7501.66
2018-01-11,7499.08
2018-01-10,7479.64
2018-01-09,7496.61
2018-01-08,7500.39
2018-01-05,7444.59
2018-01-04,7383.78
2018-01-03,7334.38
2018-01-02,7310.6
2018-01-01,7341.75
2017-12-29,7376.63
2017-12-28,7326.61
2017-12-27,7324.19
2017-12-26,7335.28
2017-12-22,7306.3
2017-12-21,7280.02
2017-12-20,7242.94
2017-12-19,7228.39
2017-12-18,7154.32
2017-12-15,7108.52
2017-12-14,7036.27
2017-12-13,7022.51
2017-12-12,7068.94
2017-12-11,7123.68
2017-12-08,7092.49
2017-12-07,7028.14
2017-12-06,6943.32
2017-12-05,6997.33
2017-12-04,6991.29
2017-12-01,6989.14
2017-11-30,7055.34
2017-11-29,7106.75
2017-11-28,7118.78
2017-11-27,7124.88
2017-11-24,7101.26
2017-11-23,7065.88
2017-11-22,7053.23
2017-11-21,7047.11
2017-11-20,7031.36
2017-11-17,7003.36
2017-11-16,6946.26
2017-11-15,6871.5
2017-11-14,6934.65
2017-11-13,6957.06
2017-11-10,6996.29
2017-11-09,6984.94
2017-11-08,6938.71
2017-11-07,6981.15
2017-11-06,7063.56
2017-11-03,7055.15
2017-11-02,7043.92
2017-11-01,7030.35
2017-10-31,6978.18
2017-10-30,6976.18
2017-10-27,6913.04
2017-10-26,6915.23
2017-10-25,6884.18
2017-10-24,6838.17
2017-10-23,6819.22
2017-10-19,6789.83
2017-10-18,6822.61
2017-10-17,6835.82
2017-10-16,6819.3
2017-10-13,6779.93
2017-10-12,6755.78
2017-10-11,6682.11
2017-10-10,6724.91
2017-10-09,6686.54
2017-10-06,6682.54
2017-10-05,6620.85
2017-10-04,6608.97
2017-10-03,6579.25
2017-09-29,6532.45
2017-09-28,6494.38
2017-09-27,6458.9
2017-09-26,6565.97
2017-09-25,6540.05
2017-09-22,6623.56
2017-09-21,6769.62
2017-09-20,6789.07
2017-09-19,6806.65
2017-09-18,6801.96
2017-09-15,6753.9
2017-09-14,6740.7
2017-09-13,6714.87
2017-09-12,6741.56
2017-09-11,6676.67
2017-09-08,6628.44
2017-09-07,6633.24
2017-09-06,6611.72
2017-09-05,6615.92
2017-09-04,6570.39
2017-09-01,6611.73
2017-08-31,6562.4
2017-08-30,6531.32
2017-08-29,6458.99
2017-08-28,6525.2
2017-08-24,6469.98
2017-08-23,6448.68
2017-08-22,6382.73
2017-08-21,6401.11
2017-08-18,6464.36
2017-08-17,6494.51
2017-08-16,6491.91
2017-08-14,6415.38
2017-08-11,6304.35
2017-08-10,6347.89
2017-08-09,6481.69
2017-08-08,6562.29
2017-08-07,6616.81
2017-08-04,6573.18
2017-08-03,6542.44
2017-08-02,6596.4
2017-08-01,6605.73
2017-07-31,6596.12
2017-07-28,6565.68
2017-07-27,6549.75
2017-07-26,6553.13
2017-07-25,6530.68
2017-07-24,6514.34
2017-07-21,6495.61
2017-07-20,6484.51
2017-07-19,6496.64
2017-07-18,6444.6
2017-07-17,6490.43
2017-07-14,6482.49
2017-07-13,6482.12
2017-07-12,6439.46
2017-07-11,6403.32
2017-07-10,6426.22
2017-07-07,6379.84
2017-07-06,6380.1
2017-07-05,6359.86
2017-07-04,6317.73
2017-07-03,6326.0
2017-06-30,6266.39
2017-06-29,6228.37
2017-06-28,6202.96
2017-06-27,6201.43
2017-06-23,6261.47
2017-06-22,6322.24
2017-06-21,6341.67
2017-06-20,6344.72
2017-06-19,6340.89
2017-06-16,6325.72
2017-06-15,6322.43
2017-06-14,6330.51
2017-06-13,6310.08
2017-06-12,6307.14
2017-06-09,6344.99
2017-06-08,6326.12
2017-06-07,6322.57
2017-06-06,6287.37
2017-06-05,6312.22
2017-06-02,6283.58
2017-06-01,6249.67
2017-05-31,6217.95
2017-05-30,6182.25
2017-05-29,6151.44
2017-05-26,6200.99
2017-05-25,6126.16
2017-05-24,6034.19
2017-05-23,6079.61
2017-05-22,6151.03
2017-05-19,6184.35
2017-05-18,6210.94
2017-05-17,6317.45
2017-05-16,6326.48
2017-05-15,6296.23
2017-05-12,6246.73
2017-05-11,6281.36
2017-05-10,6273.31
2017-05-09,6224.17
2017-05-08,6211.64
2017-05-05,6185.14
2017-05-04,6233.29
2017-05-03,6204.01
2017-05-02,6213.75
2017-04-28,6197.51
2017-04-27,6185.1
2017-04-26,6186.06
2017-04-25,6183.51
2017-04-24,6128.34
2017-04-21,6074.0
2017-04-20,6081.89
2017-04-19,6043.7
2017-04-18,6022.52
2017-04-17,6045.59
2017-04-13,6041.16
2017-04-12,6064.74
2017-04-11,6093.66
2017-04-10,6047.41
2017-04-07,6034.92
2017-04-06,6065.94
2017-04-05,6071.51
2017-04-03,6036.46
2017-03-31,5991.47
2017-03-30,5966.27
2017-03-29,5938.77
2017-03-28,5913.08
2017-03-27,5881.41
2017-03-24,5898.1
2017-03-23,5880.19
2017-03-22,5837.64
2017-03-21,5899.64
2017-03-20,5903.59
2017-03-17,5903.17
2017-03-16,5894.81
2017-03-15,5830.01
2017-03-14,5803.53
2017-03-10,5713.45
2017-03-09,5714.12
2017-03-08,5715.26
2017-03-07,5737.38
2017-03-06,5742.59
2017-03-03,5713.48
2017-03-02,5702.33
2017-03-01,5762.39
2017-02-28,5735.25
2017-02-27,5724.29
2017-02-23,5729.33
2017-02-22,5715.98
2017-02-21,5727.58
2017-02-20,5701.16
2017-02-17,5657.57
2017-02-16,5633.96
2017-02-15,5573.46
2017-02-14,5632.46
2017-02-13,5642.63
2017-02-10,5656.71
2017-02-09,5649.89
2017-02-08,5639.98
2017-02-07,5627.38
2017-02-06,5643.82
2017-02-03,5602.62
2017-02-02,5570.53
2017-02-01,5538.23
2017-01-31,5437.61
2017-01-30,5492.42
2017-01-27,5500.38
2017-01-25,5469.49
2017-01-24,5398.27
2017-01-23,5340.14
2017-01-20,5312.92
2017-01-19,5379.43
2017-01-18,5359.41
2017-01-17,5335.36
2017-01-16,5330.85
2017-01-13,5315.75
2017-01-12,5319.81
2017-01-11,5310.21
2017-01-10,5246.4
2017-01-09,5218.7
2017-01-06,5211.57
2017-01-05,5227.08
2017-01-04,5172.94
2017-01-03,5167.99
2017-01-02,5144.81
2016-12-30,5120.35
2016-12-29,5079.71
2016-12-28,5019.93
2016-12-27,4997.69
2016-12-26,4920.18
2016-12-23,5004.18
2016-12-22,5005.96
2016-12-21,5064.34
2016-12-20,5070.78
2016-12-19,5110.02
2016-12-16,5133.64
2016-12-15,5143.27
2016-12-14,5147.98
2016-12-13,5178.36
2016-12-12,5176.33
2016-12-09,5234.01
2016-12-08,5221.26
2016-12-07,5140.07
2016-12-06,5160.34
2016-12-05,5144.27
2016-12-02,5117.7
2016-12-01,5189.16
2016-11-30,5225.61
2016-11-29,5167.06
2016-11-28,5142.32
2016-11-25,5121.21
2016-11-24,5034.07
2016-11-23,5068.01
2016-11-22,5028.86
2016-11-21,4964.82
2016-11-18,5081.42
2016-11-17,5075.58
2016-11-16,5094.13
2016-11-15,5085.05
2016-11-11,5256.97
2016-11-10,5427.32
2016-11-09,5348.47
2016-11-08,5449.5
2016-11-07,5422.93
2016-11-04,5382.8
2016-11-03,5448.4
2016-11-02,5492.89
2016-11-01,5581.76
2016-10-30,5583.92
2016-10-28,5566.86
2016-10-27,5522.17
2016-10-26,5552.1
2016-10-25,5597.29
2016-10-24,5603.17
2016-10-21,5597.93
2016-10-20,5588.1
2016-10-19,5568.06
2016-10-18,5568.57
2016-10-17,5480.68
2016-10-14,5529.5
2016-10-13,5503.85
2016-10-10,5580.74
2016-10-07,5577.38
2016-10-06,5585.47
2016-10-05,5607.22
2016-10-04,5594.69
2016-10-03,5562.06
2016-09-30,5450.56
2016-09-29,5387.74
2016-09-28,5535.76
2016-09-27,5493.22
2016-09-26,5494.02
2016-09-23,5541.23
2016-09-22,5542.96
2016-09-21,5481.69
2016-09-20,5479.98
2016-09-19,5500.89
2016-09-16,5479.23
2016-09-15,5468.74
2016-09-14,5462.25
2016-09-12,5422.03
2016-09-09,5547.91
2016-09-08,5591.37
2016-09-07,5560.67
2016-09-06,5561.35
2016-09-02,5483.46
2016-09-01,5458.4
2016-08-31,5475.04
2016-08-30,5456.71
2016-08-29,5386.02
2016-08-26,5364.5
2016-08-25,5365.31
2016-08-24,5388.62
2016-08-23,5367.69
2016-08-22,5371.73
2016-08-19,5401.24
2016-08-18,5383.5
2016-08-17,5343.62
2016-08-16,5331.86
2016-08-12,5325.29
2016-08-11,5291.59
2016-08-10,5283.5
2016-08-09,5345.96
2016-08-08,5365.59
2016-08-05,5339.55
2016-08-04,5255.54
2016-08-03,5235.95
2016-08-02,5295.49
2016-08-01,5316.75
2016-07-29,5304.32
2016-07-28,5292.87
2016-07-27,5262.39
2016-07-26,5237.19
2016-07-25,5266.75
2016-07-22,5210.98
2016-07-21,5171.67
2016-07-20,5193.52
2016-07-19,5151.16
2016-07-18,5140.16
2016-07-15,5165.24
2016-07-14,5187.23
2016-07-13,5160.2
2016-07-12,5180.64
2016-07-11,5157.41
2016-07-08,5084.95
2016-07-07,5093.35
2016-07-05,5096.94
2016-07-04,5108.48
2016-07-01,5072.97
2016-06-30,5035.12
2016-06-29,4982.9
2016-06-28,4930.03
2016-06-27,4901.8
2016-06-24,4873.32
2016-06-23,4955.15
2016-06-22,4935.74
2016-06-21,4949.28
2016-06-20,4946.36
2016-06-17,4915.26
2016-06-16,4900.27
2016-06-15,4928.54
2016-06-14,4887.06
2016-06-13,4870.93
2016-06-10,4905.02
2016-06-09,4921.24
2016-06-08,4942.83
2016-06-07,4924.15
2016-06-06,4886.33
2016-06-03,4884.74
2016-06-02,4896.8
2016-06-01,4870.8
2016-05-31,4872.12
2016-05-30,4881.48
2016-05-27,4856.04
2016-05-26,4808.83
2016-05-25,4746.85
2016-05-24,4671.16
2016-05-23,4673.32
2016-05-20,4687.17
2016-05-19,4709.58
2016-05-18,4767.6
2016-05-17,4767.74
2016-05-16,4753.5
2016-05-13,4740.51
2016-05-12,4767.13
2016-05-11,4733.73
2016-05-10,4749.27
2016-05-09,4741.94
2016-05-06,4674.69
2016-05-05,4670.42
2016-05-04,4669.6
2016-05-03,4707.0
2016-05-02,4737.15
2016-04-29,4733.2
2016-04-28,4729.73
2016-04-27,4797.21
2016-04-26,4788.49
2016-04-25,4738.97
2016-04-22,4757.82
2016-04-21,4760.92
2016-04-20,4777.01
2016-04-18,4763.2
2016-04-13,4716.87
2016-04-12,4647.84
2016-04-11,4613.03
2016-04-08,4560.46
2016-04-07,4542.72
2016-04-06,4573.74
2016-04-05,4557.88
2016-04-04,4638.83
2016-04-01,4619.35
2016-03-31,4613.85
2016-03-30,4589.14
2016-03-29,4509.39
2016-03-28,4513.76
2016-03-23,4577.15
2016-03-22,4572.64
2016-03-21,4561.47
2016-03-18,4498.77
2016-03-17,4452.03
2016-03-16,4431.8
2016-03-15,4428.84
2016-03-14,4467.03
2016-03-11,4445.7
2016-03-10,4439.99
2016-03-09,4457.53
2016-03-08,4439.44
2016-03-04,4436.44
2016-03-03,4414.36
2016-03-02,4359.24
2016-03-01,4275.82
2016-02-29,4149.62
2016-02-26,4158.44
2016-02-25,4145.09
2016-02-24,4184.95
2016-02-23,4228.08
2016-02-22,4285.6
2016-02-19,4270.02
2016-02-18,4263.45
2016-02-17,4228.18
2016-02-16,4201.12
2016-02-15,4286.13
2016-02-12,4159.17
2016-02-11,4177.11
2016-02-10,4335.24
2016-02-09,4386.04
2016-02-08,4446.18
2016-02-05,4474.58
2016-02-04,4410.22
2016-02-03,4408.88
2016-02-02,4481.95
2016-02-01,4537.87
2016-01-29,4534.97
2016-01-28,4466.28
2016-01-27,4475.89
2016-01-25,4464.86
2016-01-22,4448.33
2016-01-21,4359.72
2016-01-20,4364.71
2016-01-19,4445.96
2016-01-18,4386.23
2016-01-15,4488.84
2016-01-14,4590.03
2016-01-13,4631.14
2016-01-12,4641.87
2016-01-11,4680.49
2016-01-08,4707.84
2016-01-07,4668.49
2016-01-06,4785.2
2016-01-05,4804.56
2016-01-04,4789.23
2016-01-01,4861.8
2015-12-31,4830.0
2015-12-30,4803.22
2015-12-29,4809.71
2015-12-28,4805.15
2015-12-24,4776.53
2015-12-23,4765.11
2015-12-22,4732.86
2015-12-21,4753.92
2015-12-18,4718.52
2015-12-17,4744.72
2015-12-16,4677.14
2015-12-15,4659.25
2015-12-14,4628.79
2015-12-11,4614.64
2015-12-10,4657.92
2015-12-09,4619.59
2015-12-08,4686.93
2015-12-07,4735.87
2015-12-04,4739.67
2015-12-03,4778.51
2015-12-02,4810.91
2015-12-01,4817.52
2015-11-30,4800.22
2015-11-27,4794.74
2015-11-26,4763.06
2015-11-24,4739.51
2015-11-23,4742.37
2015-11-20,4739.34
2015-11-19,4718.25
2015-11-18,4657.89
2015-11-17,4700.57
2015-11-16,4677.9
2015-11-13,4659.13
2015-11-11,4699.01
2015-11-10,4658.6
2015-11-09,4721.08
2015-11-06,4712.96
2015-11-05,4727.69
2015-11-04,4787.56
2015-11-03,4796.75
2015-11-02,4790.22
2015-10-30,4799.99
2015-10-29,4822.34
2015-10-28,4843.78
2015-10-27,4869.23
2015-10-26,4871.99
2015-10-23,4891.38
2015-10-21,4885.51
2015-10-20,4898.22
2015-10-19,4890.3
2015-10-16,4862.36
2015-10-15,4843.31
2015-10-14,4812.36
2015-10-13,4812.36
2015-10-12,4814.76
2015-10-09,4824.51
2015-10-08,4807.33
2015-10-07,4833.86
2015-10-06,4819.51
2015-10-05,4794.98
2015-10-01,4709.34
2015-09-30,4705.14
2015-09-29,4643.23
2015-09-28,4635.58
2015-09-24,4660.06
2015-09-23,4642.14
2015-09-22,4616.67
2015-09-21,4685.53
2015-09-18,4663.75
2015-09-16,4620.02
2015-09-15,4619.26
2015-09-14,4648.32
2015-09-11,4597.18
2015-09-10,4587.37
2015-09-09,4603.38
2015-09-08,4523.01
2015-09-07,4478.31
2015-09-04,4547.84
2015-09-03,4641.45
2015-09-02,4587.1
2015-09-01,4607.39
2015-08-31,4700.39
2015-08-28,4716.81
2015-08-27,4697.31
2015-08-26,4594.82
2015-08-25,4621.05
2015-08-24,4555.29
2015-08-21,4918.12
2015-08-20,4955.79
2015-08-19,5039.21
2015-08-18,5028.93
2015-08-17,5015.29
2015-08-14,5013.62
2015-08-13,4921.1
2015-08-12,4928.24
2015-08-11,5017.38
2015-08-10,5057.46
2015-08-07,5072.27
2015-08-06,5082.06
2015-08-05,5071.59
2015-08-04,5034.5
2015-08-03,5012.89
2015-07-31,4986.02
2015-07-30,4925.29
2015-07-29,4892.96
2015-07-28,4865.98
2015-07-27,4882.77
2015-07-24,4950.68
2015-07-23,4984.11
2015-07-22,4988.75
2015-07-21,4935.7
2015-07-20,4996.6
2015-07-17,4988.34
2015-07-16,4974.72
2015-07-15,4922.62
2015-07-14,4896.92
2015-07-13,4888.02
2015-07-10,4834.3
2015-07-09,4822.87
2015-07-08,4842.17
2015-07-07,4918.35
2015-07-06,4901.88
2015-07-03,4868.73
2015-07-02,4862.67
2015-07-01,4843.48
2015-06-30,4785.26
2015-06-29,4744.8
2015-06-26,4799.35
2015-06-25,4803.04
2015-06-24,4778.37
2015-06-23,4802.93
2015-06-22,4784.3
2015-06-19,4711.65
2015-06-18,4689.55
2015-06-17,4640.38
2015-06-16,4591.6
2015-06-15,4573.63
2015-06-12,4562.23
2015-06-11,4560.91
2015-06-10,4638.68
2015-06-09,4588.22
2015-06-08,4597.78
2015-06-05,4656.29
2015-06-04,4659.74
2015-06-03,4653.59
2015-06-02,4715.91
2015-06-01,4827.82
2015-05-29,4824.47
2015-05-28,4765.73
2015-05-27,4776.3
2015-05-26,4772.22
2015-05-25,4779.29
2015-05-22,4801.84
2015-05-21,4788.07
2015-05-20,4787.06
2015-05-19,4766.02
2015-05-18,4763.64
2015-05-15,4715.06
2015-05-14,4690.99
2015-05-13,4660.94
2015-05-12,4607.16
2015-05-11,4698.76
2015-05-08,4628.37
2015-05-07,4548.88
2015-05-06,4599.7
2015-05-05,4737.36
2015-05-04,4738.11
2015-04-30,4654.12
2015-04-29,4666.51
2015-04-28,4654.09
2015-04-27,4599.24
2015-04-24,4686.42
2015-04-23,4765.16
2015-04-22,4775.6
2015-04-21,4762.64
2015-04-20,4788.73
2015-04-17,4887.52
2015-04-16,4955.57
2015-04-15,4985.74
2015-04-13,5025.19
2015-04-10,5004.93
2015-04-09,4988.8
2015-04-08,4964.45
2015-04-07,4934.83
2015-04-06,4917.7
2015-04-01,4875.68
2015-03-31,4819.92
2015-03-30,4813.17
2015-03-27,4734.84
2015-03-26,4733.29
2015-03-25,4799.68
2015-03-24,4810.36
2015-03-23,4821.78
2015-03-20,4846.54
2015-03-19,4896.8
2015-03-18,4922.45
2015-03-17,4926.56
2015-03-16,4876.97
2015-03-13,4891.8
2015-03-12,4962.59
2015-03-11,4906.32
2015-03-10,4921.04
2015-03-09,4940.48
2015-03-05,5022.22
2015-03-04,4995.44
2015-03-03,5042.66
2015-03-02,4999.56
2015-02-28,4949.61
2015-02-27,4937.79
2015-02-26,4845.87
2015-02-25,4892.21
2015-02-24,4899.59
2015-02-23,4902.47
2015-02-20,4943.82
2015-02-19,4956.49
2015-02-18,4949.09
2015-02-16,4906.42
2015-02-13,4911.7
2015-02-12,4864.25
2015-02-11,4810.16
2015-02-10,4747.15
2015-02-09,4720.7
2015-02-06,4790.87
2015-02-05,4825.81
2015-02-04,4863.63
2015-02-03,4880.94
2015-02-02,4899.51
2015-01-30,4888.18
2015-01-29,4935.31
2015-01-28,4938.34
2015-01-27,4921.79
2015-01-23,4878.02
2015-01-22,4853.34
2015-01-21,4842.12
2015-01-20,4832.62
2015-01-19,4789.87
2015-01-16,4771.71
2015-01-15,4751.55
2015-01-14,4668.92
2015-01-13,4676.69
2015-01-12,4681.48
2015-01-09,4658.69
2015-01-08,4644.74
2015-01-07,4566.53
2015-01-06,4565.19
2015-01-05,4695.81
2015-01-02,4699.04
2015-01-01,4649.94
2014-12-31,4639.02
2014-12-30,4605.09
2014-12-29,4590.05
2014-12-26,4551.82
2014-12-24,4533.64
2014-12-23,4556.29
2014-12-22,4578.55
2014-12-19,4529.44
2014-12-18,4504.62
2014-12-17,4404.42
2014-12-16,4424.9
2014-12-15,4528.9
2014-12-12,4546.32
2014-12-11,4590.43
2014-12-10,4625.14
2014-12-09,4597.95
2014-12-08,4665.03
2014-12-05,4717.71
2014-12-04,4735.18
2014-12-03,4718.47
2014-12-02,4672.62
2014-12-01,4655.53
2014-11-28,4660.57
2014-11-27,4604.77
2014-11-26,4581.61
2014-11-25,4565.2
2014-11-24,4616.03
2014-11-21,4597.15
2014-11-20,4579.33
2014-11-19,4578.59
2014-11-18,4609.32
2014-11-17,4599.35
2014-11-14,4568.14
2014-11-13,4541.9
2014-11-12,4562.33
2014-11-11,4539.96
2014-11-10,4517.21
2014-11-07,4510.88
2014-11-05,4503.32
2014-11-03,4491.72
2014-10-31,4470.64
2014-10-30,4401.64
2014-10-29,4367.59
2014-10-28,4339.3
2014-10-27,4324.15
2014-10-23,4345.53
2014-10-22,4317.86
2014-10-21,4276.39
2014-10-20,4244.7
2014-10-17,4192.79
2014-10-16,4175.92
2014-10-14,4260.02
2014-10-13,4268.39
2014-10-10,4250.1
2014-10-09,4310.86
2014-10-08,4240.35
2014-10-07,4246.0
2014-10-01,4291.79
2014-09-30,4300.83
2014-09-29,4294.39
2014-09-26,4277.55
2014-09-25,4240.79
2014-09-24,4311.13
2014-09-23,4338.95
2014-09-22,4411.83
2014-09-19,4408.14
2014-09-18,4406.74
2014-09-17,4330.76
2014-09-16,4309.68
2014-09-15,4422.85
2014-09-12,4429.25
2014-09-11,4418.3
2014-09-10,4393.23
2014-09-09,4407.87
2014-09-08,4399.7
2014-09-05,4346.47
2014-09-04,4338.68
2014-09-03,4341.26
2014-09-02,4309.17
2014-09-01,4279.69
2014-08-28,4218.1
2014-08-27,4220.59
2014-08-26,4198.33
2014-08-25,4199.36
2014-08-22,4219.33
2014-08-21,4210.56
2014-08-20,4193.98
2014-08-19,4194.63
2014-08-18,4164.45
2014-08-14,4105.64
2014-08-13,4069.97
2014-08-12,4095.88
2014-08-11,4056.06
2014-08-08,4027.23
2014-08-07,4091.98
2014-08-06,4109.6
2014-08-05,4143.81
2014-08-04,4111.0
2014-08-01,4069.37
2014-07-31,4114.2
2014-07-30,4126.32
2014-07-28,4104.37
2014-07-25,4121.22
2014-07-24,4160.28
2014-07-23,4155.0
2014-07-22,4146.72
2014-07-21,4125.56
2014-07-18,4114.91
2014-07-17,4121.73
2014-07-16,4086.59
2014-07-15,4033.94
2014-07-14,3969.4
2014-07-11,3969.61
2014-07-10,4058.76
2014-07-09,4050.24
2014-07-08,4093.79
2014-07-07,4225.89
2014-07-04,4211.44
2014-07-03,4187.57
2014-07-02,4188.92
2014-07-01,4144.36
2014-06-30,4126.4
2014-06-27,4058.55
2014-06-26,4044.36
2014-06-25,4070.25
2014-06-24,4059.15
2014-06-23,4003.4
2014-06-20,3991.43
2014-06-19,4009.53
2014-06-18,4026.67
2014-06-17,4060.53
2014-06-16,4004.62
2014-06-13,4000.76
2014-06-12,4084.59
2014-06-11,4069.9
2014-06-10,4102.61
2014-06-09,4108.06
2014-06-06,4062.96
2014-06-05,3996.96
2014-06-04,3949.33
2014-06-03,3915.13
2014-06-02,3888.27
2014-05-30,3811.36
2014-05-29,3799.34
2014-05-28,3827.08
2014-05-27,3816.21
2014-05-26,3842.04
2014-05-23,3888.57
2014-05-22,3829.99
2014-05-21,3780.89
2014-05-20,3762.8
2014-05-19,3731.58
2014-05-16,3627.64
2014-05-15,3571.1
2014-05-14,3584.52
2014-05-13,3557.69
2014-05-12,3504.74
2014-05-09,3453.47
2014-05-08,3376.55
2014-05-07,3379.53
2014-05-06,3397.0
2014-05-05,3388.24
2014-05-02,3389.86
2014-04-30,3382.17
2014-04-29,3409.07
2014-04-28,3429.69
2014-04-25,3417.23
2014-04-23,3435.7
2014-04-22,3428.32
2014-04-21,3431.13
2014-04-17,3407.69
2014-04-16,3354.63
2014-04-15,3386.7
2014-04-11,3408.0
2014-04-10,3409.18
2014-04-09,3393.78
2014-04-07,3339.09
2014-04-04,3347.63
2014-04-03,3351.61
2014-04-02,3364.96
2014-04-01,3328.18
2014-03-31,3328.28
2014-03-28,3304.42
2014-03-27,3260.6
2014-03-26,3241.26
2014-03-25,3228.23
2014-03-24,3215.09
2014-03-22,3190.12
2014-03-21,3183.44
2014-03-20,3166.14
2014-03-19,3184.12
2014-03-18,3178.57
2014-03-14,3157.83
2014-03-13,3159.17
2014-03-12,3174.85
2014-03-11,3174.21
2014-03-10,3183.94
2014-03-07,3173.72
2014-03-06,3146.03
2014-03-05,3107.68
2014-03-04,3084.97
2014-03-03,3049.68
2014-02-28,3067.11
2014-02-26,3047.59
2014-02-25,3037.04
2014-02-24,3029.88
2014-02-21,3017.51
2014-02-20,2991.0
2014-02-19,3005.97
2014-02-18,2993.6
2014-02-17,2971.18
2014-02-14,2968.33
2014-02-13,2957.65
2014-02-12,2992.41
2014-02-11,2985.59
2014-02-10,2979.36
2014-02-07,2983.42
2014-02-06,2966.2
2014-02-05,2962.05
2014-02-04,2949.8
2014-02-03,2944.53
2014-01-31,2978.86
2014-01-30,2943.12
2014-01-29,2970.19
2014-01-28,2969.39
2014-01-27,2973.48
2014-01-24,3049.23
2014-01-23,3093.49
2014-01-22,3099.0
2014-01-21,3087.9
2014-01-20,3082.99
2014-01-17,3056.18
2014-01-16,3088.86
2014-01-15,3092.83
2014-01-14,3068.49
2014-01-13,3081.64
2014-01-10,3059.92
2014-01-09,3073.0
2014-01-08,3085.4
2014-01-07,3076.1
2014-01-06,3091.86
2014-01-03,3089.06
2014-01-02,3083.3
2014-01-01,3134.85
2013-12-31,3126.3
2013-12-30,3110.94
2013-12-27,3118.45
2013-12-26,3102.02
2013-12-24,3094.44
2013-12-23,3087.8
2013-12-20,3068.86
2013-12-19,3018.19
2013-12-18,3033.97
2013-12-17,2994.36
2013-12-16,2998.86
2013-12-13,2996.65
2013-12-12,3033.01
2013-12-11,3053.6
2013-12-10,3062.73
2013-12-09,3075.39
2013-12-06,3041.36
2013-12-05,3027.91
2013-12-04,3003.93
2013-12-03,3026.02
2013-12-02,3025.25
2013-11-29,3003.28
2013-11-28,2969.9
2013-11-27,2947.95
2013-11-26,2944.93
2013-11-25,2964.44
2013-11-22,2919.93
2013-11-21,2919.49
2013-11-20,2966.93
2013-11-19,2990.87
2013-11-18,2983.28
2013-11-14,2936.18
2013-11-13,2904.58
2013-11-12,2919.29
2013-11-11,2945.85
2013-11-08,2971.93
2013-11-07,2983.01
2013-11-06,3006.81
2013-11-05,3020.52
2013-11-03,3020.65
2013-11-01,3004.7
2013-10-31,2981.56
2013-10-30,2947.97
2013-10-29,2936.31
2013-10-28,2887.59
2013-10-25,2911.62
2013-10-24,2924.84
2013-10-23,2927.59
2013-10-22,2935.71
2013-10-21,2925.49
2013-10-18,2905.6
2013-10-17,2856.51
2013-10-15,2867.09
2013-10-14,2889.95
2013-10-11,2877.67
2013-10-10,2859.38
2013-10-09,2849.11
2013-10-08,2817.81
2013-10-07,2812.84
2013-10-04,2804.99
2013-10-03,2801.42
2013-10-01,2752.55
2013-09-30,2735.49
2013-09-27,2762.06
2013-09-26,2773.12
2013-09-25,2770.17
2013-09-24,2768.9
2013-09-23,2764.18
2013-09-20,2805.78
2013-09-19,2841.11
2013-09-18,2758.93
2013-09-17,2739.99
2013-09-16,2743.66
2013-09-13,2750.09
2013-09-12,2744.15
2013-09-11,2762.54
2013-09-10,2738.93
2013-09-06,2668.13
2013-09-05,2638.47
2013-09-04,2583.32
2013-09-03,2545.55
2013-09-02,2620.08
2013-08-30,2584.97
2013-08-29,2565.77
2013-08-28,2519.43
2013-08-27,2535.8
2013-08-26,2611.42
2013-08-23,2599.62
2013-08-22,2567.69
2013-08-21,2535.39
2013-08-20,2573.51
2013-08-19,2587.28
2013-08-16,2633.07
2013-08-14,2722.08
2013-08-13,2702.17
2013-08-12,2660.55
2013-08-08,2627.57
2013-08-07,2599.65
2013-08-06,2595.99
2013-08-05,2664.6
2013-08-02,2659.1
2013-08-01,2676.86
2013-07-31,2701.02
2013-07-30,2708.96
2013-07-29,2754.79
2013-07-26,2783.71
2013-07-25,2800.5
2013-07-24,2833.91
2013-07-23,2878.72
2013-07-22,2865.41
2013-07-19,2862.05
2013-07-18,2873.39
2013-07-17,2845.82
2013-07-16,2852.92
2013-07-15,2891.25
2013-07-12,2868.8
2013-07-11,2851.14
2013-07-10,2813.84
2013-07-09,2828.76
2013-07-08,2805.75
2013-07-05,2821.58
2013-07-04,2811.3
2013-07-03,2784.4
2013-07-02,2828.83
2013-07-01,2843.84
2013-06-28,2802.36
2013-06-27,2732.09
2013-06-26,2703.33
2013-06-25,2711.92
2013-06-24,2715.46
2013-06-21,2773.2
2013-06-20,2792.05
2013-06-19,2859.84
2013-06-18,2849.99
2013-06-17,2853.45
2013-06-14,2837.61
2013-06-13,2792.64
2013-06-12,2827.44
2013-06-11,2842.27
2013-06-10,2889.21
2013-06-07,2907.28
2013-06-06,2924.72
2013-06-05,2926.03
2013-06-04,2923.34
2013-06-03,2924.84
2013-05-31,2931.83
2013-05-30,2975.62
2013-05-29,2971.92
2013-05-28,2979.63
2013-05-27,2962.35
2013-05-24,2922.64
2013-05-23,2914.38
2013-05-22,2973.43
2013-05-21,2991.42
2013-05-20,3010.05
2013-05-17,3024.57
2013-05-16,3014.85
2013-05-15,3002.54
2013-05-14,2941.3
2013-05-13,2931.15
2013-05-11,2982.9
2013-05-10,2976.29
2013-05-09,2955.66
2013-05-08,2968.11
2013-05-07,2957.33
2013-05-06,2925.82
2013-05-03,2904.4
2013-05-02,2923.5
2013-04-30,2892.67
2013-04-29,2881.98
2013-04-26,2863.25
2013-04-25,2880.52
2013-04-23,2854.43
2013-04-22,2859.67
2013-04-18,2823.68
2013-04-17,2789.39
2013-04-16,2788.01
2013-04-15,2746.39
2013-04-12,2738.39
2013-04-11,2752.81
2013-04-10,2744.53
2013-04-09,2723.44
2013-04-08,2748.26
2013-04-05,2753.23
2013-04-04,2757.44
2013-04-03,2808.0
2013-04-02,2836.6
2013-04-01,2806.42
2013-03-28,2785.48
2013-03-26,2753.22
2013-03-25,2755.26
2013-03-22,2762.84
2013-03-21,2769.78
2013-03-20,2790.45
2013-03-19,2832.88
2013-03-18,2876.49
2013-03-15,2887.97
2013-03-14,2904.55
2013-03-13,2882.1
2013-03-12,2911.97
2013-03-11,2928.26
2013-03-08,2924.01
2013-03-07,2892.2
2013-03-06,2873.84
2013-03-05,2851.33
2013-03-04,2805.89
2013-03-01,2832.29
2013-02-28,2815.96
2013-02-27,2874.91
2013-02-26,2857.41
2013-02-25,2903.88
2013-02-22,2916.59
2013-02-21,2916.42
2013-02-20,2963.01
2013-02-19,2963.14
2013-02-18,2934.94
2013-02-15,2925.01
2013-02-14,2921.61
2013-02-13,2950.17
2013-02-12,2956.84
2013-02-11,2953.39
2013-02-08,2955.04
2013-02-07,2973.42
2013-02-06,2990.02
2013-02-05,2987.17
2013-02-04,3004.84
2013-02-01,3019.47
2013-01-31,3024.19
2013-01-30,3017.02
2013-01-29,3017.23
2013-01-28,3032.68
2013-01-25,3030.71
2013-01-24,2988.82
2013-01-23,3034.74
2013-01-22,3045.95
2013-01-21,3069.64
2013-01-18,3066.05
2013-01-17,3063.19
2013-01-16,3052.5
2013-01-15,3086.28
2013-01-14,3076.33
2013-01-11,3041.01
2013-01-10,3070.51
2013-01-09,3078.68
2013-01-08,3092.54
2013-01-07,3088.68
2013-01-04,3094.22
2013-01-03,3086.34
2013-01-02,3072.6
2013-01-01,3054.32
2012-12-31,3023.92
2012-12-28,3017.72
2012-12-27,2995.18
2012-12-26,3009.7
2012-12-24,2987.13
2012-12-21,2979.82
2012-12-20,3019.55
2012-12-19,3024.59
2012-12-18,3005.92
2012-12-17,2986.05
2012-12-14,2985.47
2012-12-13,2966.63
2012-12-12,2992.66
2012-12-11,2996.07
2012-12-10,3010.44
2012-12-07,3000.02
2012-12-06,3006.61
2012-12-05,2989.75
2012-12-04,2979.14
2012-12-03,2969.12
2012-11-30,2951.95
2012-11-29,2927.98
2012-11-27,2890.94
2012-11-26,2849.3
2012-11-23,2823.64
2012-11-22,2820.67
2012-11-21,2808.22
2012-11-20,2791.83
2012-11-19,2800.9
2012-11-16,2817.85
2012-11-15,2846.55
2012-11-13,2855.14
2012-11-12,2849.52
2012-11-09,2826.41
2012-11-08,2851.48
2012-11-07,2851.96
2012-11-06,2828.54
2012-11-05,2818.22
2012-11-02,2818.18
2012-11-01,2799.12
2012-10-31,2780.17
2012-10-30,2758.31
2012-10-29,2787.63
2012-10-26,2798.0
2012-10-25,2822.43
2012-10-23,2820.7
2012-10-22,2831.93
2012-10-19,2822.36
2012-10-18,2836.52
2012-10-17,2808.02
2012-10-16,2804.51
2012-10-15,2822.75
2012-10-12,2821.69
2012-10-11,2827.66
2012-10-10,2794.88
2012-10-09,2823.72
2012-10-08,2808.19
2012-10-05,2835.04
2012-10-04,2854.39
2012-10-03,2835.0
2012-10-01,2822.76
2012-09-28,2808.16
2012-09-27,2779.54
2012-09-26,2772.5
2012-09-25,2769.61
2012-09-24,2760.15
2012-09-21,2757.62
2012-09-20,2699.21
2012-09-18,2719.17
2012-09-17,2709.15
2012-09-14,2679.91
2012-09-13,2635.44
2012-09-12,2634.84
2012-09-11,2621.13
2012-09-10,2615.09
2012-09-08,2610.49
2012-09-07,2601.2
2012-09-06,2560.78
2012-09-05,2554.07
2012-09-04,2570.48
2012-09-03,2557.17
2012-08-31,2556.62
2012-08-30,2570.84
2012-08-29,2558.13
2012-08-28,2575.19
2012-08-27,2590.9
2012-08-24,2611.32
2012-08-23,2626.51
2012-08-22,2628.01
2012-08-21,2635.11
2012-08-17,2619.96
2012-08-16,2619.81
2012-08-14,2623.78
2012-08-13,2613.5
2012-08-10,2595.78
2012-08-09,2597.06
2012-08-08,2603.02
2012-08-07,2608.23
2012-08-06,2589.89
2012-08-03,2568.48
2012-08-02,2572.72
2012-08-01,2571.98
2012-07-31,2557.84
2012-07-30,2543.86
2012-07-27,2498.24
2012-07-26,2493.26
2012-07-25,2532.13
2012-07-24,2544.25
2012-07-23,2535.6
2012-07-20,2576.32
2012-07-19,2586.04
2012-07-18,2577.38
2012-07-17,2566.05
2012-07-16,2576.71
2012-07-13,2589.25
2012-07-12,2596.01
2012-07-11,2618.21
2012-07-10,2628.76
2012-07-09,2597.6
2012-07-06,2625.46
2012-07-05,2636.49
2012-07-04,2619.32
2012-07-03,2605.57
2012-07-02,2593.9
2012-06-29,2581.48
2012-06-28,2527.18
2012-06-27,2524.56
2012-06-26,2514.23
2012-06-25,2504.72
2012-06-22,2511.44
2012-06-21,2513.81
2012-06-20,2490.4
2012-06-19,2472.92
2012-06-18,2462.0
2012-06-15,2493.92
2012-06-14,2465.57
2012-06-13,2498.11
2012-06-12,2499.47
2012-06-11,2475.33
2012-06-08,2481.25
2012-06-07,2472.27
2012-06-06,2450.81
2012-06-05,2396.84
2012-06-04,2389.4
2012-06-01,2391.95
2012-05-31,2429.4
2012-05-30,2425.94
2012-05-29,2453.28
2012-05-28,2455.59
2012-05-25,2423.02
2012-05-24,2415.48
2012-05-23,2384.24
2012-05-22,2395.45
2012-05-21,2415.16
2012-05-18,2404.51
2012-05-17,2403.22
2012-05-16,2401.34
2012-05-15,2433.48
2012-05-14,2418.79
2012-05-11,2432.4
2012-05-10,2451.38
2012-05-09,2451.89
2012-05-08,2471.29
2012-05-07,2516.93
2012-05-04,2504.34
2012-05-03,2553.94
2012-05-02,2581.11
2012-04-30,2586.87
2012-04-28,2568.51
2012-04-27,2557.15
2012-04-26,2559.37
2012-04-25,2568.3
2012-04-24,2581.21
2012-04-23,2578.28
2012-04-20,2623.09
2012-04-19,2646.36
2012-04-18,2637.41
2012-04-17,2627.94
2012-04-16,2603.67
2012-04-13,2589.62
2012-04-12,2617.49
2012-04-11,2594.56
2012-04-10,2607.78
2012-04-09,2609.95
2012-04-04,2651.83
2012-04-03,2658.27
2012-04-02,2635.13
2012-03-30,2616.22
2012-03-29,2553.57
2012-03-28,2553.18
2012-03-27,2578.01
2012-03-26,2563.27
2012-03-23,2608.75
2012-03-22,2586.83
2012-03-21,2652.14
2012-03-20,2601.78
2012-03-19,2585.27
2012-03-16,2615.97
2012-03-15,2644.29
2012-03-14,2687.1
2012-03-13,2671.97
2012-03-12,2640.25
2012-03-09,2618.39
2012-03-07,2557.35
2012-03-06,2558.97
2012-03-05,2585.19
2012-03-03,2624.67
2012-03-02,2623.3
2012-03-01,2620.98
2012-02-29,2640.63
2012-02-28,2619.02
2012-02-27,2547.07
2012-02-24,2623.22
2012-02-23,2647.59
2012-02-22,2659.39
2012-02-21,2737.69
2012-02-17,2715.95
2012-02-16,2701.87
2012-02-15,2693.29
2012-02-14,2632.64
2012-02-13,2614.94
2012-02-10,2608.52
2012-02-09,2612.11
2012-02-08,2585.37
2012-02-07,2561.56
2012-02-06,2583.87
2012-02-03,2557.62
2012-02-02,2529.36
2012-02-01,2511.08
2012-01-31,2485.91
2012-01-30,2431.32
2012-01-27,2485.34
2012-01-25,2469.85
2012-01-24,2441.72
2012-01-23,2401.48
2012-01-20,2399.38
2012-01-19,2386.37
2012-01-18,2356.11
2012-01-17,2375.01
2012-01-16,2337.65
2012-01-13,2335.29
2012-01-12,2318.78
2012-01-11,2314.8
2012-01-10,2297.38
2012-01-09,2245.47
2012-01-07,2238.39
2012-01-06,2232.75
2012-01-05,2235.09
2012-01-04,2233.18
2012-01-03,2232.97
2012-01-02,2171.8
2011-12-30,2173.36
2011-12-29,2175.22
2011-12-28,2193.46
2011-12-27,2215.82
2011-12-26,2231.8
2011-12-23,2208.21
2011-12-22,2215.09
2011-12-21,2192.08
2011-12-20,2144.87
2011-12-19,2185.02
2011-12-16,2219.42
2011-12-15,2260.23
2011-12-14,2273.83
2011-12-13,2292.48
2011-12-12,2290.23
2011-12-09,2338.26
2011-12-08,2366.14
2011-12-07,2415.26
2011-12-05,2410.46
2011-12-02,2411.85
2011-12-01,2364.04
2011-11-30,2328.67
2011-11-29,2328.31
2011-11-28,2345.97
2011-11-25,2293.47
2011-11-24,2300.94
2011-11-23,2270.38
2011-11-22,2317.08
2011-11-21,2303.83
2011-11-18,2352.36
2011-11-17,2371.42
2011-11-16,2410.06
2011-11-15,2430.59
2011-11-14,2484.17
2011-11-11,2508.54
2011-11-09,2536.62
2011-11-08,2571.41
2011-11-04,2569.1
2011-11-03,2551.79
2011-11-02,2546.51
2011-11-01,2544.5
2011-10-31,2567.6
2011-10-28,2569.08
2011-10-26,2507.36
2011-10-25,2491.62
2011-10-24,2464.46
2011-10-21,2458.22
2011-10-20,2477.77
2011-10-19,2499.67
2011-10-18,2459.17
2011-10-17,2496.23
2011-10-14,2496.36
2011-10-13,2481.16
2011-10-12,2482.66
2011-10-11,2434.18
2011-10-10,2428.32
2011-10-07,2388.59
2011-10-05,2341.1
2011-10-04,2359.19
2011-10-03,2395.03
2011-09-30,2443.82
2011-09-29,2465.53
2011-09-28,2450.45
2011-09-27,2464.72
2011-09-26,2414.31
2011-09-23,2440.96
2011-09-22,2466.11
2011-09-21,2557.6
2011-09-20,2549.84
2011-09-19,2515.13
2011-09-16,2528.43
2011-09-15,2522.69
2011-09-14,2496.85
2011-09-13,2477.22
2011-09-12,2479.06
2011-09-09,2537.68
2011-09-08,2573.1
2011-09-07,2564.29
2011-09-06,2529.58
2011-09-05,2514.99
2011-09-02,2513.55
2011-08-30,2493.13
2011-08-29,2453.13
2011-08-26,2380.88
2011-08-25,2430.92
2011-08-24,2459.39
2011-08-23,2482.53
2011-08-22,2457.01
2011-08-19,2429.16
2011-08-18,2468.9
2011-08-17,2521.36
2011-08-16,2532.23
2011-08-12,2563.79
2011-08-11,2587.91
2011-08-10,2595.83
2011-08-09,2546.09
2011-08-08,2575.96
2011-08-05,2615.28
2011-08-04,2666.25
2011-08-03,2693.43
2011-08-02,2709.71
2011-08-01,2743.51
2011-07-29,2736.95
2011-07-28,2750.95
2011-07-27,2778.34
2011-07-26,2782.33
2011-07-25,2823.38
2011-07-22,2802.28
2011-07-21,2760.75
2011-07-20,2773.57
2011-07-19,2801.4
2011-07-18,2784.85
2011-07-15,2784.13
2011-07-14,2790.15
2011-07-13,2777.66
2011-07-12,2747.07
2011-07-11,2784.52
2011-07-08,2799.34
2011-07-07,2825.97
2011-07-06,2785.02
2011-07-05,2785.06
2011-07-04,2792.0
2011-07-01,2771.16
2011-06-30,2763.71
2011-06-29,2749.94
2011-06-28,2726.92
2011-06-27,2713.18
2011-06-24,2682.87
2011-06-23,2616.11
2011-06-22,2607.55
2011-06-21,2617.51
2011-06-20,2618.45
2011-06-17,2684.2
2011-06-16,2702.03
2011-06-15,2722.23
2011-06-14,2743.08
2011-06-13,2731.21
2011-06-10,2726.66
2011-06-09,2739.19
2011-06-08,2743.14
2011-06-07,2749.75
2011-06-06,2732.35
2011-06-03,2729.83
2011-06-02,2741.19
2011-06-01,2760.06
2011-05-31,2743.58
2011-05-30,2700.09
2011-05-27,2686.77
2011-05-26,2647.97
2011-05-25,2630.69
2011-05-24,2647.53
2011-05-23,2642.04
2011-05-20,2686.57
2011-05-19,2663.06
2011-05-18,2670.47
2011-05-17,2684.37
2011-05-16,2707.94
2011-05-13,2730.0
2011-05-12,2702.1
2011-05-11,2733.24
2011-05-10,2718.19
2011-05-09,2719.88
2011-05-06,2719.86
2011-05-05,2679.95
2011-05-04,2711.35
2011-05-03,2724.07
2011-05-02,2784.25
2011-04-29,2807.41
2011-04-28,2833.35
2011-04-27,2857.62
2011-04-26,2864.4
2011-04-25,2869.15
2011-04-21,2868.76
2011-04-20,2861.05
2011-04-19,2818.94
2011-04-18,2810.08
2011-04-15,2851.76
2011-04-13,2873.43
2011-04-11,2826.28
2011-04-08,2848.37
2011-04-07,2878.9
2011-04-06,2866.5
2011-04-05,2864.85
2011-04-04,2850.95
2011-04-01,2811.16
2011-03-31,2792.41
2011-03-30,2780.33
2011-03-29,2746.28
2011-03-28,2732.12
2011-03-25,2718.69
2011-03-24,2677.39
2011-03-23,2655.81
2011-03-22,2628.31
2011-03-21,2603.94
2011-03-18,2609.77
2011-03-17,2633.82
2011-03-16,2649.98
2011-03-15,2615.92
2011-03-14,2653.83
2011-03-11,2625.85
2011-03-10,2649.93
2011-03-09,2660.1
2011-03-08,2648.63
2011-03-07,2622.31
2011-03-04,2657.78
2011-03-03,2654.64
2011-03-01,2644.77
2011-02-28,2556.12
2011-02-25,2545.73
2011-02-24,2533.91
2011-02-23,2617.24
2011-02-22,2635.03
2011-02-21,2660.34
2011-02-18,2642.69
2011-02-17,2692.78
2011-02-16,2663.73
2011-02-15,2657.66
2011-02-14,2647.06
2011-02-11,2569.32
2011-02-10,2513.29
2011-02-09,2515.79
2011-02-08,2576.39
2011-02-07,2628.35
2011-02-04,2636.61
2011-02-03,2683.6
2011-02-02,2649.04
2011-02-01,2644.43
2011-01-31,2691.31
2011-01-28,2690.25
2011-01-27,2748.34
2011-01-25,2800.9
2011-01-24,2820.12
2011-01-21,2796.59
2011-01-20,2797.1
2011-01-19,2788.06
2011-01-18,2789.68
2011-01-17,2767.97
2011-01-14,2787.54
2011-01-13,2829.51
2011-01-12,2867.63
2011-01-11,2815.69
2011-01-10,2823.89
2011-01-07,2893.73
2011-01-06,2965.48
2011-01-05,2994.22
2011-01-04,3031.28
2011-01-03,3038.46
2010-12-31,3018.79
2010-12-30,2991.05
2010-12-29,2971.02
2010-12-28,2947.17
2010-12-27,2948.62
2010-12-24,2957.57
2010-12-23,2946.8
2010-12-22,2952.93
2010-12-21,2955.36
2010-12-20,2930.22
2010-12-16,2935.22
2010-12-15,2922.61
2010-12-14,2958.84
2010-12-13,2928.63
2010-12-10,2888.42
2010-12-09,2839.76
2010-12-08,2939.02
2010-12-07,2986.17
2010-12-06,3007.79
2010-12-03,3016.29
2010-12-02,3057.33
2010-12-01,3032.91
2010-11-30,2962.06
2010-11-29,2929.84
2010-11-26,2895.94
2010-11-25,2945.83
2010-11-24,3003.28
2010-11-23,3045.4
2010-11-22,3078.37
2010-11-19,3029.14
2010-11-18,3086.15
2010-11-16,3089.68
2010-11-15,3153.79
2010-11-12,3137.69
2010-11-11,3208.55
2010-11-10,3250.01
2010-11-09,3251.86
2010-11-08,3238.08
2010-11-05,3247.27
2010-11-04,3230.22
2010-11-03,3186.13
2010-11-02,3167.65
2010-11-01,3160.34
2010-10-29,3105.84
2010-10-28,3107.38
2010-10-27,3129.49
2010-10-26,3149.79
2010-10-25,3159.71
2010-10-22,3141.5
2010-10-21,3145.26
2010-10-20,3091.77
2010-10-19,3103.61
2010-10-18,3111.38
2010-10-15,3114.02
2010-10-14,3165.74
2010-10-13,3183.63
2010-10-12,3134.9
2010-10-11,3156.29
2010-10-08,3135.05
2010-10-07,3148.31
2010-10-06,3172.29
2010-10-05,3142.58
2010-10-04,3131.9
2010-10-01,3114.33
2010-09-30,3060.13
2010-09-29,3065.4
2010-09-28,3086.42
2010-09-27,3083.06
2010-09-24,3071.79
2010-09-23,3044.93
2010-09-22,3054.09
2010-09-21,3065.51
2010-09-20,3079.41
2010-09-17,3051.35
2010-09-16,3010.78
2010-09-15,3036.1
2010-09-14,3023.87
2010-09-13,3021.28
2010-09-09,2983.14
2010-09-08,2966.99
2010-09-07,2961.15
2010-09-06,2952.69
2010-09-03,2914.12
2010-09-02,2896.8
2010-09-01,2883.25
2010-08-31,2841.21
2010-08-30,2853.19
2010-08-27,2849.84
2010-08-26,2876.29
2010-08-25,2873.07
2010-08-24,2904.64
2010-08-23,2925.3
2010-08-20,2908.18
2010-08-19,2908.5
2010-08-18,2886.66
2010-08-17,2861.06
2010-08-16,2852.31
2010-08-13,2860.35
2010-08-12,2837.93
2010-08-11,2831.96
2010-08-10,2844.59
2010-08-09,2858.4
2010-08-06,2830.16
2010-08-05,2828.69
2010-08-04,2828.44
2010-08-03,2820.57
2010-08-02,2812.15
2010-07-30,2784.04
2010-07-29,2783.19
2010-07-28,2782.8
2010-07-27,2790.38
2010-07-26,2782.43
2010-07-23,2803.63
2010-07-22,2807.71
2010-07-21,2790.24
2010-07-20,2775.2
2010-07-19,2783.0
2010-07-16,2780.96
2010-07-15,2767.93
2010-07-14,2771.15
2010-07-13,2778.01
2010-07-12,2764.36
2010-07-09,2757.81
2010-07-08,2735.78
2010-07-07,2709.17
2010-07-06,2719.79
2010-07-05,2700.18
2010-07-02,2698.43
2010-07-01,2701.09
2010-06-30,2718.18
2010-06-29,2698.83
2010-06-28,2722.08
2010-06-25,2685.19
2010-06-24,2694.39
2010-06-23,2698.43
2010-06-22,2687.54
2010-06-21,2695.66
2010-06-18,2661.08
2010-06-17,2670.82
2010-06-16,2658.14
2010-06-15,2654.52
2010-06-14,2643.31
2010-06-11,2615.3
2010-06-10,2605.37
2010-06-09,2572.2
2010-06-08,2556.41
2010-06-07,2574.33
2010-06-04,2615.17
2010-06-03,2607.61
2010-06-02,2572.22
2010-06-01,2549.09
2010-05-31,2590.37
2010-05-28,2563.66
2010-05-27,2523.96
2010-05-26,2493.14
2010-05-25,2454.47
2010-05-24,2522.97
2010-05-21,2516.48
2010-05-20,2541.52
2010-05-19,2532.71
2010-05-18,2603.52
2010-05-17,2595.94
2010-05-14,2607.22
2010-05-13,2637.8
2010-05-12,2613.51
2010-05-11,2607.02
2010-05-10,2633.53
2010-05-07,2566.94
2010-05-06,2620.3
2010-05-05,2629.36
2010-05-04,2628.26
2010-05-03,2668.27
2010-04-30,2684.06
2010-04-29,2661.5
2010-04-28,2642.05
2010-04-27,2682.64
2010-04-26,2686.33
2010-04-23,2673.59
2010-04-22,2666.88
2010-04-21,2662.18
2010-04-20,2646.44
2010-04-19,2623.44
2010-04-16,2652.15
2010-04-15,2663.62
2010-04-13,2673.95
2010-04-12,2679.62
2010-04-09,2687.88
2010-04-08,2669.75
2010-04-07,2690.96
2010-04-06,2678.47
2010-04-05,2667.73
2010-04-01,2630.06
2010-03-31,2607.64
2010-03-30,2606.38
2010-03-29,2608.37
2010-03-26,2604.53
2010-03-25,2590.04
2010-03-23,2586.17
2010-03-22,2579.69
2010-03-19,2607.8
2010-03-18,2600.42
2010-03-17,2594.69
2010-03-16,2579.05
2010-03-15,2553.79
2010-03-12,2568.31
2010-03-11,2570.43
2010-03-10,2572.57
2010-03-09,2574.77
2010-03-08,2594.75
2010-03-05,2582.72
2010-03-04,2572.79
2010-03-03,2558.47
2010-03-02,2522.61
2010-02-26,2476.18
2010-02-25,2438.04
2010-02-24,2448.16
2010-02-23,2458.66
2010-02-22,2468.49
2010-02-19,2478.72
2010-02-18,2507.3
2010-02-17,2521.89
2010-02-16,2498.9
2010-02-15,2478.15
2010-02-11,2494.35
2010-02-10,2471.67
2010-02-09,2480.44
2010-02-08,2459.89
2010-02-06,2459.14
2010-02-05,2429.62
2010-02-04,2498.3
2010-02-03,2545.81
2010-02-02,2503.72
2010-02-01,2535.66
2010-01-29,2502.56
2010-01-28,2484.73
2010-01-27,2477.8
2010-01-25,2574.05
2010-01-22,2598.88
2010-01-21,2620.17
2010-01-20,2685.2
2010-01-19,2693.07
2010-01-18,2708.68
2010-01-15,2688.93
2010-01-14,2675.22
2010-01-13,2651.14
2010-01-12,2636.95
2010-01-11,2662.22
2010-01-08,2641.79
2010-01-07,2645.33
2010-01-06,2647.67
2010-01-05,2638.74
2010-01-04,2606.61
2009-12-31,2575.63
2009-12-30,2565.19
2009-12-29,2564.12
2009-12-24,2554.29
2009-12-23,2537.79
2009-12-22,2484.18
2009-12-21,2460.32
2009-12-18,2471.96
2009-12-17,2493.36
2009-12-16,2481.0
2009-12-15,2476.36
2009-12-14,2511.85
2009-12-11,2525.15
2009-12-10,2535.61
2009-12-09,2525.61
2009-12-08,2539.44
2009-12-07,2508.26
2009-12-04,2529.88
2009-12-03,2535.55
2009-12-02,2524.6
2009-12-01,2514.1
2009-11-30,2471.1
2009-11-27,2426.98
2009-11-26,2458.06
2009-11-25,2496.91
2009-11-24,2495.86
2009-11-23,2494.1
2009-11-20,2477.82
2009-11-19,2452.06
2009-11-18,2487.83
2009-11-17,2481.57
2009-11-16,2482.91
2009-11-13,2455.97
2009-11-12,2443.12
2009-11-11,2468.75
2009-11-10,2413.66
2009-11-09,2409.65
2009-11-06,2361.42
2009-11-05,2321.86
2009-11-04,2281.91
2009-11-03,2215.31
2009-10-30,2291.84
2009-10-29,2305.94
2009-10-28,2349.93
2009-10-27,2352.58
2009-10-26,2428.6
2009-10-23,2458.31
2009-10-22,2441.25
2009-10-21,2484.38
2009-10-20,2509.62
2009-10-17,2513.1
2009-10-16,2501.78
2009-10-15,2480.21
2009-10-14,2471.58
2009-10-12,2434.37
2009-10-09,2397.14
2009-10-08,2413.68
2009-10-07,2401.0
2009-10-06,2391.13
2009-10-05,2392.12
2009-10-01,2436.18
2009-09-30,2441.35
2009-09-29,2413.97
2009-09-25,2396.44
2009-09-24,2389.52
2009-09-23,2378.79
2009-09-22,2405.16
2009-09-18,2388.41
2009-09-17,2373.74
2009-09-16,2365.86
2009-09-15,2338.02
2009-09-14,2298.5
2009-09-11,2297.53
2009-09-10,2297.79
2009-09-09,2300.58
2009-09-08,2304.22
2009-09-07,2304.39
2009-09-04,2253.96
2009-09-03,2226.58
2009-09-02,2224.94
2009-09-01,2235.69
2009-08-31,2261.03
2009-08-28,2267.25
2009-08-27,2249.36
2009-08-26,2242.59
2009-08-25,2223.78
2009-08-24,2215.05
2009-08-21,2165.4
2009-08-20,2133.97
2009-08-19,2111.99
2009-08-18,2140.72
2009-08-17,2102.7
2009-08-14,2187.67
2009-08-13,2189.11
2009-08-12,2118.14
2009-08-11,2118.19
2009-08-10,2102.74
2009-08-07,2129.31
2009-08-06,2175.67
2009-08-05,2227.09
2009-08-04,2219.95
2009-08-03,2225.1
2009-07-31,2185.02
2009-07-30,2159.56
2009-07-29,2143.27
2009-07-28,2165.5
2009-07-27,2149.75
2009-07-24,2127.97
2009-07-23,2097.78
2009-07-22,2054.4
2009-07-21,2074.72
2009-07-20,2086.64
2009-07-17,2034.05
2009-07-16,1980.1
2009-07-15,1975.83
2009-07-14,1902.6
2009-07-13,1831.39
2009-07-10,1872.83
2009-07-09,1910.32
2009-07-08,1899.87
2009-07-07,1957.29
2009-07-06,1945.87
2009-07-03,2058.27
2009-07-02,2038.27
2009-07-01,2024.74
2009-06-30,2004.6
2009-06-29,2058.22
2009-06-26,2036.26
2009-06-25,1986.38
2009-06-24,2002.74
2009-06-23,1966.85
2009-06-22,1958.74
2009-06-19,1980.15
2009-06-18,1951.63
2009-06-17,2005.16
2009-06-16,2082.36
2009-06-15,2048.65
2009-06-12,2093.01
2009-06-11,2128.24
2009-06-10,2136.87
2009-06-09,2100.48
2009-06-08,2044.38
2009-06-05,2141.41
2009-06-04,2144.83
2009-06-03,2102.94
2009-06-02,2084.59
2009-06-01,2083.83
2009-05-29,2036.07
2009-05-28,1983.68
2009-05-27,1962.42
2009-05-26,1888.51
2009-05-25,1944.55
2009-05-22,1902.29
2009-05-21,1882.43
2009-05-20,1884.74
2009-05-19,1827.07
2009-05-18,1798.82
2009-05-15,1571.03
2009-05-14,1547.19
2009-05-13,1547.23
2009-05-12,1555.76
2009-05-11,1524.26
2009-05-08,1550.1
2009-05-07,1559.24
2009-05-06,1524.65
2009-05-05,1542.02
2009-05-04,1526.25
2009-04-29,1463.13
2009-04-28,1427.64
2009-04-27,1479.18
2009-04-24,1486.78
2009-04-23,1462.91
2009-04-22,1434.78
2009-04-21,1451.49
2009-04-20,1454.96
2009-04-17,1442.15
2009-04-16,1429.97
2009-04-15,1491.25
2009-04-13,1439.73
2009-04-09,1404.39
2009-04-08,1392.18
2009-04-06,1353.28
2009-04-02,1327.38
2009-04-01,1273.24
2009-03-31,1256.0
2009-03-30,1233.34
2009-03-27,1268.22
2009-03-26,1248.97
2009-03-25,1230.27
2009-03-24,1217.54
2009-03-23,1221.38
2009-03-20,1178.89
2009-03-19,1190.47
2009-03-18,1184.08
2009-03-17,1158.51
2009-03-16,1160.57
2009-03-13,1129.03
2009-03-12,1092.3
2009-03-09,1080.91
2009-03-06,1098.58
2009-03-05,1095.18
2009-03-04,1117.89
2009-03-03,1116.36
2009-03-02,1135.64
2009-02-27,1164.49
2009-02-26,1167.18
2009-02-25,1166.47
2009-02-24,1157.6
2009-02-20,1170.34
2009-02-19,1190.39
2009-02-18,1188.8
2009-02-17,1189.85
2009-02-16,1219.42
2009-02-13,1258.13
2009-02-12,1236.75
2009-02-11,1240.03
2009-02-10,1240.83
2009-02-09,1229.98
2009-02-06,1204.83
2009-02-05,1181.84
2009-02-04,1190.44
2009-02-03,1187.01
2009-02-02,1188.71
2009-01-30,1217.48
2009-01-29,1200.44
2009-01-28,1206.32
2009-01-27,1180.12
2009-01-23,1159.03
2009-01-22,1176.86
2009-01-21,1188.47
2009-01-20,1216.71
2009-01-19,1229.75
2009-01-16,1221.56
2009-01-15,1197.85
2009-01-14,1228.08
2009-01-13,1197.75
2009-01-12,1211.59
2009-01-09,1242.5
2009-01-07,1271.43
2009-01-06,1362.87
2009-01-05,1367.34
2009-01-02,1340.2
2009-01-01,1321.8
2008-12-31,1286.89
2008-12-30,1287.57
2008-12-29,1261.77
2008-12-26,1239.39
2008-12-24,1258.99
2008-12-23,1272.45
2008-12-22,1303.66
2008-12-19,1313.36
2008-12-18,1291.96
2008-12-17,1252.4
2008-12-16,1290.76
2008-12-15,1262.03
2008-12-12,1223.92
2008-12-11,1214.45
2008-12-10,1201.96
2008-12-08,1159.92
2008-12-05,1148.85
2008-12-04,1172.01
2008-12-03,1123.23
2008-12-02,1114.99
2008-12-01,1126.75
2008-11-28,1147.51
2008-11-26,1144.28
2008-11-25,1126.71
2008-11-24,1142.11
2008-11-21,1140.16
2008-11-20,1110.05
2008-11-19,1148.54
2008-11-18,1170.72
2008-11-17,1207.41
2008-11-14,1230.09
2008-11-12,1252.3
2008-11-11,1284.24
2008-11-10,1348.39
2008-11-07,1285.77
2008-11-06,1259.27
2008-11-05,1295.7
2008-11-04,1330.02
2008-11-03,1286.52
2008-10-31,1223.71
2008-10-29,1163.5
2008-10-28,1172.75
2008-10-27,1106.56
2008-10-24,1145.61
2008-10-23,1271.34
2008-10-22,1318.98
2008-10-21,1374.29
2008-10-20,1333.96
2008-10-17,1328.46
2008-10-16,1387.64
2008-10-15,1405.84
2008-10-14,1474.55
2008-10-13,1458.23
2008-10-10,1383.44
2008-10-08,1490.45
2008-10-07,1558.58
2008-10-06,1580.07
2008-10-03,1683.73
2008-10-01,1736.23
2008-09-30,1725.73
2008-09-29,1697.5
2008-09-26,1764.8
2008-09-25,1821.27
2008-09-24,1839.38
2008-09-23,1829.51
2008-09-22,1867.46
2008-09-19,1874.66
2008-09-18,1801.87
2008-09-17,1809.88
2008-09-16,1840.31
2008-09-15,1856.28
2008-09-12,1938.55
2008-09-11,1972.74
2008-09-10,2008.71
2008-09-09,2035.38
2008-09-08,2044.93
2008-09-05,2005.37
2008-09-04,2041.41
2008-09-02,2057.46
2008-09-01,2002.03
2008-08-29,2002.93
2008-08-28,1942.99
2008-08-27,1973.05
2008-08-26,1992.77
2008-08-25,1992.93
2008-08-22,1986.8
2008-08-21,1978.18
2008-08-20,2031.1
2008-08-19,2009.62
2008-08-18,2019.19
2008-08-14,2038.35
2008-08-13,2085.4
2008-08-12,2092.44
2008-08-11,2119.72
2008-08-08,2078.03
2008-08-07,2072.89
2008-08-06,2066.74
2008-08-05,2067.11
2008-08-04,2027.55
2008-08-01,2008.01
2008-07-31,1970.31
2008-07-30,1969.71
2008-07-29,1917.41
2008-07-28,1980.5
2008-07-25,1966.07
2008-07-24,1993.7
2008-07-23,2002.29
2008-07-22,1891.51
2008-07-21,1854.29
2008-07-18,1836.33
2008-07-17,1787.8
2008-07-16,1746.79
2008-07-15,1772.25
2008-07-14,1843.9
2008-07-11,1848.65
2008-07-10,1895.84
2008-07-09,1893.31
2008-07-08,1823.05
2008-07-07,1829.45
2008-07-04,1811.82
2008-07-03,1769.02
2008-07-02,1833.82
2008-07-01,1752.73
2008-06-30,1832.82
2008-06-27,1888.86
2008-06-26,1957.45
2008-06-25,1951.86
2008-06-24,1932.77
2008-06-23,1969.29
2008-06-20,2031.85
2008-06-19,2102.77
2008-06-18,2146.61
2008-06-17,2171.0
2008-06-16,2129.8
2008-06-13,2104.95
2008-06-12,2110.87
2008-06-11,2100.71
2008-06-10,2070.95
2008-06-09,2094.83
2008-06-06,2160.75
2008-06-05,2180.18
2008-06-04,2162.73
2008-06-03,2228.02
2008-06-02,2239.5
2008-05-30,2301.53
2008-05-29,2294.75
2008-05-28,2314.59
2008-05-27,2288.0
2008-05-26,2304.01
2008-05-23,2354.17
2008-05-22,2391.72
2008-05-21,2435.38
2008-05-20,2419.84
2008-05-16,2437.73
2008-05-15,2417.6
2008-05-14,2378.92
2008-05-13,2357.0
2008-05-12,2365.78
2008-05-09,2369.44
2008-05-08,2426.1
2008-05-07,2448.54
2008-05-06,2458.38
2008-05-05,2488.24
2008-05-02,2482.64
2008-04-30,2447.74
2008-04-29,2451.8
2008-04-28,2413.09
2008-04-25,2410.79
2008-04-24,2375.28
2008-04-23,2394.12
2008-04-22,2395.75
2008-04-21,2378.43
2008-04-17,2332.79
2008-04-16,2288.46
2008-04-15,2268.88
2008-04-11,2230.13
2008-04-10,2211.75
2008-04-09,2210.65
2008-04-08,2188.46
2008-04-07,2194.29
2008-04-04,2156.39
2008-04-03,2203.44
2008-04-02,2202.46
2008-04-01,2191.38
2008-03-31,2198.09
2008-03-28,2262.9
2008-03-27,2189.29
2008-03-26,2194.33
2008-03-25,2184.56
2008-03-24,2060.3
2008-03-19,2079.34
2008-03-18,2080.92
2008-03-17,2094.01
2008-03-14,2241.65
2008-03-13,2203.88
2008-03-12,2345.16
2008-03-11,2359.41
2008-03-10,2284.24
2008-03-07,2280.27
2008-03-05,2375.58
2008-03-04,2380.97
2008-03-03,2440.59
2008-02-29,2563.32
2008-02-28,2575.09
2008-02-27,2577.88
2008-02-26,2573.16
2008-02-25,2538.75
2008-02-22,2520.92
2008-02-21,2553.46
2008-02-20,2532.36
2008-02-19,2587.09
2008-02-18,2581.12
2008-02-15,2583.8
2008-02-14,2527.79
2008-02-13,2390.46
2008-02-12,2365.0
2008-02-11,2398.1
2008-02-08,2540.87
2008-02-07,2577.56
2008-02-06,2661.9
2008-02-05,2714.29
2008-02-04,2690.83
2008-02-01,2605.95
2008-01-31,2562.31
2008-01-30,2591.77
2008-01-29,2661.62
2008-01-28,2659.07
2008-01-25,2687.08
2008-01-24,2509.54
2008-01-23,2601.67
2008-01-22,2414.87
2008-01-21,2610.83
2008-01-18,2944.92
2008-01-17,3093.7
2008-01-16,3097.52
2008-01-15,3161.05
2008-01-14,3211.63
2008-01-11,3179.34
2008-01-10,3173.65
2008-01-09,3273.16
2008-01-08,3290.44
2008-01-07,3331.79
2008-01-04,3320.69
2008-01-03,3287.19
2008-01-02,3282.58
2008-01-01,3239.27
2007-12-31,3205.76
2007-12-28,3158.01
2007-12-27,3112.84
2007-12-26,3109.15
2007-12-24,3042.49
2007-12-20,2957.62
2007-12-19,2967.49
2007-12-18,2968.79
2007-12-17,2974.54
2007-12-14,3117.47
2007-12-13,3106.29
2007-12-12,3119.58
2007-12-11,3070.08
2007-12-10,3025.67
2007-12-07,3013.25
2007-12-06,3011.55
2007-12-05,3012.61
2007-12-04,2964.61
2007-12-03,2936.91
2007-11-30,2867.59
2007-11-29,2784.46
2007-11-28,2789.5
2007-11-27,2815.8
2007-11-26,2814.27
2007-11-23,2760.83
2007-11-22,2704.93
2007-11-21,2741.23
2007-11-20,2874.94
2007-11-19,2932.18
2007-11-16,2883.84
2007-11-15,2864.06
2007-11-14,2837.31
2007-11-13,2740.14
2007-11-12,2685.34
2007-11-09,2710.49
2007-11-08,2709.38
2007-11-07,2738.48
2007-11-06,2746.33
2007-11-05,2769.74
2007-11-02,2763.64
2007-11-01,2735.76
2007-10-31,2772.21
2007-10-30,2752.37
2007-10-29,2759.0
2007-10-26,2687.09
2007-10-25,2620.76
2007-10-24,2594.77
2007-10-23,2567.08
2007-10-22,2445.01
2007-10-19,2445.17
2007-10-18,2518.49
2007-10-17,2593.43
2007-10-16,2655.12
2007-10-15,2637.71
2007-10-12,2552.15
2007-10-11,2589.28
2007-10-10,2549.2
2007-10-09,2506.13
2007-10-08,2415.38
2007-10-05,2490.14
2007-10-04,2510.57
2007-10-03,2503.69
2007-10-01,2468.47
2007-09-28,2438.6
2007-09-27,2403.16
2007-09-26,2396.19
2007-09-25,2389.02
2007-09-24,2385.35
2007-09-21,2344.73
2007-09-20,2317.77
2007-09-19,2303.5
2007-09-18,2240.31
2007-09-17,2211.49
2007-09-14,2209.67
2007-09-13,2225.01
2007-09-12,2206.76
2007-09-11,2204.65
2007-09-10,2203.75
2007-09-07,2200.02
2007-09-06,2201.57
2007-09-05,2181.74
2007-09-04,2179.27
2007-09-03,2171.32
2007-08-31,2147.25
2007-08-30,2114.76
2007-08-29,2100.55
2007-08-28,2084.89
2007-08-27,2069.2
2007-08-24,2012.69
2007-08-23,1979.44
2007-08-22,1997.31
2007-08-21,1978.29
2007-08-20,2046.57
2007-08-17,2008.88
2007-08-16,2039.33
2007-08-14,2120.76
2007-08-13,2120.12
2007-08-10,2101.91
2007-08-09,2127.95
2007-08-08,2159.88
2007-08-07,2120.44
2007-08-06,2109.57
2007-08-03,2134.86
2007-08-02,2106.8
2007-08-01,2094.48
2007-07-31,2180.57
2007-07-30,2142.62
2007-07-27,2138.15
2007-07-26,2209.73
2007-07-25,2201.93
2007-07-24,2219.86
2007-07-23,2225.28
2007-07-20,2209.86
2007-07-19,2206.13
2007-07-18,2184.53
2007-07-17,2185.96
2007-07-16,2197.28
2007-07-13,2188.79
2007-07-12,2175.56
2007-07-11,2144.06
2007-07-10,2140.41
2007-07-09,2146.36
2007-07-06,2128.18
2007-07-05,2119.74
2007-07-04,2131.21
2007-07-03,2128.86
2007-07-02,2107.99
2007-06-29,2100.57
2007-06-28,2076.14
2007-06-27,2068.06
2007-06-26,2072.24
2007-06-25,2058.32
2007-06-22,2054.97
2007-06-21,2057.09
2007-06-20,2045.05
2007-06-19,2021.7
2007-06-18,1993.48
2007-06-15,1999.96
2007-06-14,1996.46
2007-06-13,1965.06
2007-06-12,1975.85
2007-06-11,1982.41
2007-06-08,1984.93
2007-06-07,1999.51
2007-06-06,2006.55
2007-06-05,2042.29
2007-06-04,2032.85
2007-06-01,2044.17
2007-05-31,2032.23
2007-05-30,2020.3
2007-05-29,2041.58
2007-05-28,2027.4
2007-05-25,2014.57
2007-05-24,2000.84
2007-05-23,2011.89
2007-05-22,2026.22
2007-05-21,2018.25
2007-05-18,1998.79
2007-05-17,2000.35
2007-05-16,1978.84
2007-05-15,1952.51
2007-05-14,1950.24
2007-05-11,1922.99
2007-05-10,1916.12
2007-05-09,1915.99
2007-05-08,1911.02
2007-05-07,1931.47
2007-05-04,1938.77
2007-05-03,1946.43
2007-04-30,1921.0
2007-04-27,1908.68
2007-04-26,1934.06
2007-04-25,1934.17
2007-04-24,1916.99
2007-04-23,1894.3
2007-04-20,1891.62
2007-04-19,1865.67
2007-04-18,1868.33
2007-04-17,1858.36
2007-04-16,1869.7
2007-04-13,1833.77
2007-04-12,1803.33
2007-04-11,1812.41
2007-04-10,1801.85
2007-04-09,1794.09
2007-04-05,1758.1
2007-04-04,1747.22
2007-04-03,1730.87
2007-04-02,1713.68
2007-03-30,1783.51
2007-03-29,1765.1
2007-03-28,1755.99
2007-03-26,1780.63
2007-03-23,1793.34
2007-03-22,1791.68
2007-03-21,1757.83
2007-03-20,1740.59
2007-03-19,1727.19
2007-03-16,1703.4
2007-03-15,1717.23
2007-03-14,1709.07
2007-03-13,1755.16
2007-03-12,1736.56
2007-03-09,1725.02
2007-03-08,1734.79
2007-03-07,1679.49
2007-03-06,1705.85
2007-03-05,1686.89
2007-03-02,1767.76
2007-03-01,1792.67
2007-02-28,1777.72
2007-02-27,1843.94
2007-02-26,1848.6
2007-02-23,1841.14
2007-02-22,1884.42
2007-02-21,1907.92
2007-02-20,1908.72
2007-02-19,1931.53
2007-02-15,1930.27
2007-02-14,1882.2
2007-02-13,1878.64
2007-02-12,1887.09
2007-02-09,1954.89
2007-02-08,1984.76
2007-02-07,1986.1
2007-02-06,1978.42
2007-02-05,1976.06
2007-02-02,1967.54
2007-02-01,1952.2
2007-01-31,1933.86
2007-01-29,1951.82
2007-01-25,1953.2
2007-01-24,1927.81
2007-01-23,1916.96
2007-01-22,1938.82
2007-01-19,1938.72
2007-01-18,1948.07
2007-01-17,1943.7
2007-01-16,1936.99
2007-01-15,1933.0
2007-01-12,1918.47
2007-01-11,1880.91
2007-01-10,1847.29
2007-01-09,1871.9
2007-01-08,1882.77
2007-01-05,1900.31
2007-01-04,1901.54
2007-01-03,1904.75
2007-01-02,1890.32
2006-12-29,1869.28
2006-12-28,1859.64
2006-12-27,1859.35
2006-12-26,1842.74
2006-12-22,1816.6
2006-12-21,1800.31
2006-12-20,1790.65
2006-12-19,1798.95
2006-12-18,1834.02
2006-12-15,1827.81
2006-12-14,1809.59
2006-12-13,1768.13
2006-12-12,1733.4
2006-12-11,1804.2
2006-12-08,1856.72
2006-12-07,1871.89
2006-12-06,1870.46
2006-12-05,1881.48
2006-12-04,1877.59
2006-12-01,1868.56
2006-11-30,1847.86
2006-11-29,1850.01
2006-11-28,1839.19
2006-11-27,1857.23
2006-11-24,1846.44
2006-11-23,1837.32
2006-11-22,1833.02
2006-11-21,1815.92
2006-11-20,1785.94
2006-11-17,1796.63
2006-11-16,1816.8
2006-11-15,1816.61
2006-11-14,1816.66
2006-11-13,1821.18
2006-11-10,1802.78
2006-11-09,1788.56
2006-11-08,1777.56
2006-11-07,1795.04
2006-11-06,1794.1
2006-11-03,1782.16
2006-11-02,1777.18
2006-11-01,1768.78
2006-10-31,1759.78
2006-10-30,1768.74
2006-10-27,1758.87
2006-10-26,1735.79
2006-10-23,1726.11
2006-10-21,1737.34
2006-10-20,1727.55
2006-10-19,1720.1
2006-10-18,1731.54
2006-10-17,1731.02
2006-10-16,1738.36
2006-10-13,1729.84
2006-10-12,1717.88
2006-10-11,1696.6
2006-10-10,1711.71
2006-10-09,1713.16
2006-10-06,1709.42
2006-10-05,1700.98
2006-10-04,1672.67
2006-10-03,1688.31
2006-09-29,1687.38
2006-09-28,1669.27
2006-09-27,1664.55
2006-09-26,1655.58
2006-09-25,1641.92
2006-09-22,1648.79
2006-09-21,1655.63
2006-09-20,1637.82
2006-09-19,1624.09
2006-09-18,1643.15
2006-09-15,1635.94
2006-09-14,1633.53
2006-09-13,1625.16
2006-09-12,1596.53
2006-09-11,1582.52
2006-09-08,1636.19
2006-09-07,1621.39
2006-09-06,1626.47
2006-09-05,1619.78
2006-09-04,1614.32
2006-09-01,1590.11
2006-08-31,1575.16
2006-08-30,1586.14
2006-08-29,1586.14
2006-08-28,1579.96
2006-08-25,1572.04
2006-08-24,1560.03
2006-08-23,1548.94
2006-08-22,1564.56
2006-08-21,1566.21
2006-08-18,1557.53
2006-08-17,1550.31
2006-08-16,1558.71
2006-08-14,1538.37
2006-08-11,1513.13
2006-08-10,1500.64
2006-08-09,1481.63
2006-08-08,1459.34
2006-08-07,1437.02
2006-08-04,1440.38
2006-08-03,1446.61
2006-08-02,1440.28
2006-08-01,1422.25
2006-07-31,1427.53
2006-07-28,1415.83
2006-07-27,1408.07
2006-07-26,1388.23
2006-07-25,1360.45
2006-07-24,1331.43
2006-07-21,1328.75
2006-07-20,1362.77
2006-07-19,1336.13
2006-07-18,1370.94
2006-07-17,1387.37
2006-07-14,1430.02
2006-07-13,1447.18
2006-07-12,1453.38
2006-07-11,1437.06
2006-07-10,1443.78
2006-07-07,1430.54
2006-07-06,1458.73
2006-07-05,1466.18
2006-07-04,1444.84
2006-07-03,1445.52
2006-06-30,1439.01
2006-06-29,1386.04
2006-06-28,1377.9
2006-06-27,1381.21
2006-06-26,1378.96
2006-06-25,1437.33
2006-06-23,1428.36
2006-06-22,1418.64
2006-06-21,1386.18
2006-06-20,1353.06
2006-06-19,1363.08
2006-06-16,1340.42
2006-06-15,1287.97
2006-06-14,1211.38
2006-06-13,1238.54
2006-06-12,1309.98
2006-06-09,1341.03
2006-06-08,1267.91
2006-06-07,1355.57
2006-06-06,1426.05
2006-06-05,1473.81
2006-06-02,1501.78
2006-06-01,1481.03
2006-05-31,1528.96
2006-05-30,1574.99
2006-05-29,1581.21
2006-05-26,1572.48
2006-05-25,1542.74
2006-05-24,1540.83
2006-05-23,1562.32
2006-05-22,1509.34
2006-05-19,1606.5
2006-05-18,1674.57
2006-05-17,1792.46
2006-05-16,1738.97
2006-05-15,1743.94
2006-05-12,1813.16
2006-05-11,1831.59
2006-05-10,1852.94
2006-05-09,1838.21
2006-05-08,1832.0
2006-05-05,1822.31
2006-05-04,1817.66
2006-05-03,1815.44
2006-05-02,1806.25
2006-04-29,1789.4
2006-04-28,1756.53
2006-04-27,1754.74
2006-04-26,1761.65
2006-04-25,1726.03
2006-04-24,1759.24
2006-04-21,1759.1
2006-04-20,1758.42
2006-04-19,1746.19
2006-04-18,1739.84
2006-04-17,1710.21
2006-04-13,1678.42
2006-04-12,1705.07
2006-04-10,1744.16
2006-04-07,1735.24
2006-04-05,1760.0
2006-04-04,1739.97
2006-04-03,1728.37
2006-03-31,1689.24
2006-03-30,1675.73
2006-03-29,1656.1
2006-03-28,1645.76
2006-03-27,1651.06
2006-03-24,1633.49
2006-03-23,1619.6
2006-03-22,1614.4
2006-03-21,1626.6
2006-03-20,1627.06
2006-03-17,1614.13
2006-03-16,1616.54
2006-03-14,1607.41
2006-03-13,1613.38
2006-03-10,1604.18
2006-03-09,1582.03
2006-03-08,1575.14
2006-03-07,1602.76
2006-03-06,1594.8
2006-03-03,1573.26
2006-03-02,1568.24
2006-03-01,1554.04
2006-02-28,1530.34
2006-02-27,1532.74
2006-02-24,1522.34
2006-02-23,1516.54
2006-02-22,1517.32
2006-02-21,1510.8
2006-02-20,1498.83
2006-02-17,1501.94
2006-02-16,1523.44
2006-02-15,1518.82
2006-02-14,1517.49
2006-02-13,1526.57
2006-02-10,1516.22
2006-02-08,1502.57
2006-02-07,1505.11
2006-02-06,1494.55
2006-02-03,1472.8
2006-02-02,1472.89
2006-02-01,1472.38
2006-01-31,1487.51
2006-01-30,1481.52
2006-01-27,1494.68
2006-01-25,1470.85
2006-01-24,1463.22
2006-01-23,1456.43
2006-01-20,1460.75
2006-01-19,1447.27
2006-01-18,1419.54
2006-01-17,1429.03
2006-01-16,1438.56
2006-01-13,1446.28
2006-01-12,1444.67
2006-01-10,1448.69
2006-01-09,1461.81
2006-01-06,1456.03
2006-01-05,1447.41
2006-01-04,1443.6
2006-01-03,1433.76
2006-01-02,1412.2
2005-12-30,1403.62
2005-12-29,1391.55
2005-12-28,1381.63
2005-12-27,1381.8
2005-12-26,1355.2
2005-12-23,1381.27
2005-12-22,1394.65
2005-12-21,1390.57
2005-12-20,1390.91
2005-12-19,1394.12
2005-12-16,1380.75
2005-12-15,1369.84
2005-12-14,1382.55
2005-12-13,1385.59
2005-12-12,1372.59
2005-12-09,1364.07
2005-12-08,1346.58
2005-12-07,1340.72
2005-12-06,1330.33
2005-12-05,1330.26
2005-12-02,1340.67
2005-12-01,1335.99
2005-11-30,1317.04
2005-11-29,1327.91
2005-11-28,1334.35
2005-11-26,1321.93
2005-11-25,1308.49
2005-11-24,1295.06
2005-11-23,1285.67
2005-11-22,1277.12
2005-11-21,1288.71
2005-11-18,1295.79
2005-11-17,1289.8
2005-11-16,1283.52
2005-11-14,1275.84
2005-11-11,1272.29
2005-11-10,1249.64
2005-11-09,1244.46
2005-11-08,1247.0
2005-11-07,1230.8
2005-11-02,1209.61
2005-11-01,1199.57
2005-10-31,1188.19
2005-10-28,1161.42
2005-10-27,1179.12
2005-10-26,1203.83
2005-10-25,1210.04
2005-10-24,1204.65
2005-10-21,1214.22
2005-10-20,1194.42
2005-10-19,1210.09
2005-10-18,1242.03
2005-10-17,1249.68
2005-10-14,1256.29
2005-10-13,1283.11
2005-10-11,1300.44
2005-10-10,1298.64
2005-10-07,1303.97
2005-10-06,1307.63
2005-10-05,1330.75
2005-10-04,1336.99
2005-10-03,1321.71
2005-09-30,1305.78
2005-09-29,1309.61
2005-09-28,1309.39
2005-09-27,1296.79
2005-09-26,1287.21
2005-09-23,1247.13
2005-09-22,1239.17
2005-09-21,1297.37
2005-09-20,1316.41
2005-09-19,1317.33
2005-09-16,1304.62
2005-09-15,1293.81
2005-09-14,1278.37
2005-09-13,1283.62
2005-09-12,1275.28
2005-09-09,1260.38
2005-09-08,1260.61
2005-09-06,1250.62
2005-09-05,1247.96
2005-09-02,1244.87
2005-09-01,1240.22
2005-08-31,1228.91
2005-08-30,1218.5
2005-08-29,1203.12
2005-08-26,1206.99
2005-08-25,1193.58
2005-08-24,1181.43
2005-08-23,1191.65
2005-08-22,1215.5
2005-08-19,1220.52
2005-08-18,1221.27
2005-08-17,1226.6
2005-08-16,1213.55
2005-08-12,1207.12
2005-08-11,1207.67
2005-08-10,1194.3
2005-08-09,1172.41
2005-08-08,1176.44
2005-08-05,1191.5
2005-08-04,1186.25
2005-08-03,1179.91
2005-08-02,1180.68
2005-08-01,1160.61
2005-07-29,1152.62
2005-07-27,1160.2
2005-07-26,1156.14
2005-07-25,1157.4
2005-07-22,1149.08
2005-07-21,1134.27
2005-07-20,1140.36
2005-07-19,1136.3
2005-07-18,1130.61
2005-07-15,1113.26
2005-07-14,1101.0
2005-07-13,1105.25
2005-07-12,1103.84
2005-07-11,1101.89
2005-07-08,1088.73
2005-07-07,1074.86
2005-07-06,1092.92
2005-07-05,1078.37
2005-07-04,1084.24
2005-07-01,1069.89
2005-06-30,1062.92
2005-06-29,1059.22
2005-06-28,1049.15
2005-06-27,1065.13
2005-06-24,1064.3
2005-06-23,1057.2
2005-06-22,1054.57
2005-06-21,1052.19
2005-06-20,1045.27
2005-06-17,1044.02
2005-06-16,1053.12
2005-06-15,1060.81
2005-06-14,1054.89
2005-06-13,1051.79
2005-06-10,1048.64
2005-06-09,1053.2
2005-06-08,1052.93
2005-06-07,1047.6
2005-06-06,1042.97
2005-06-04,1040.92
2005-06-03,1038.58
2005-06-02,1028.03
2005-06-01,1035.86
2005-05-31,1032.18
2005-05-30,1024.04
2005-05-27,1028.47
2005-05-26,1028.69
2005-05-25,1024.11
2005-05-24,1019.26
2005-05-23,1014.01
2005-05-20,1006.16
2005-05-19,1007.24
2005-05-18,1001.82
2005-05-17,1001.19
2005-05-16,1010.91
2005-05-13,1000.78
2005-05-12,998.91
2005-05-11,991.35
2005-05-10,991.88
2005-05-09,993.28
2005-05-06,981.26
2005-05-05,975.89
2005-05-04,965.37
2005-05-03,955.29
2005-05-02,953.46
2005-04-29,953.35
2005-04-28,968.39
2005-04-27,971.91
2005-04-26,981.72
2005-04-25,984.55
2005-04-22,981.0
2005-04-21,971.19
2005-04-20,958.04
2005-04-19,951.98
2005-04-18,956.51
2005-04-15,966.26
2005-04-13,992.65
2005-04-12,991.41
2005-04-11,984.05
2005-04-08,994.84
2005-04-07,1002.36
2005-04-06,1005.27
2005-04-05,997.05
2005-04-04,1003.41
2005-04-01,1000.0
