Date,NIFTY_200
2024-07-26,18477.91
2024-07-25,18163.94
2024-07-24,18159.58
2024-07-23,18147.32
2024-07-22,18205.22
2024-07-19,18144.61
2024-07-18,18404.51
2024-07-16,18369.63
2024-07-15,18378.5
2024-07-12,18282.02
2024-07-11,18193.19
2024-07-10,18176.64
2024-07-09,18238.31
2024-07-08,18154.61
2024-07-05,18163.62
2024-07-04,18107.18
2024-07-03,18068.67
2024-07-02,17934.12
2024-07-01,17978.01
2024-06-28,17860.19
2024-06-27,17853.59
2024-06-26,17748.3
2024-06-25,17688.99
2024-06-24,17617.56
2024-06-21,17570.28
2024-06-20,17626.99
2024-06-19,17566.57
2024-06-18,17643.75
2024-06-14,17562.12
2024-06-13,17454.82
2024-06-12,17372.55
2024-06-11,17297.03
2024-06-10,17272.08
2024-06-07,17266.88
2024-06-06,16951.42
2024-06-05,16739.13
2024-06-04,16144.68
2024-06-03,17313.42
2024-05-31,16734.21
2024-05-30,16677.27
2024-05-29,16845.44
2024-05-28,16965.68
2024-05-27,17040.86
2024-05-24,17035.94
2024-05-23,17036.42
2024-05-22,16814.78
2024-05-21,16764.76
2024-05-18,16717.94
2024-05-17,16666.02
2024-05-16,16582.75
2024-05-15,16431.31
2024-05-14,16397.35
2024-05-13,16275.13
2024-05-10,16236.54
2024-05-09,16127.34
2024-05-08,16399.21
2024-05-07,16343.61
2024-05-06,16507.53
2024-05-03,16572.23
2024-05-02,16676.09
2024-04-30,16600.88
2024-04-29,16603.55
2024-04-26,16466.16
2024-04-25,16504.68
2024-04-24,16395.73
2024-04-23,16345.7
2024-04-22,16297.29
2024-04-19,16145.95
2024-04-18,16089.43
2024-04-16,16179.49
2024-04-15,16239.67
2024-04-12,16451.73
2024-04-10,16599.11
2024-04-09,16499.28
2024-04-08,16525.48
2024-04-05,16440.83
2024-04-04,16406.06
2024-04-03,16364.08
2024-04-02,16352.25
2024-04-01,16304.76
2024-03-28,16150.91
2024-03-27,16005.13
2024-03-26,15945.71
2024-03-22,15939.33
2024-03-21,15867.5
2024-03-20,15671.91
2024-03-19,15652.54
2024-03-18,15840.95
2024-03-15,15822.48
2024-03-14,15910.37
2024-03-13,15728.25
2024-03-12,16101.31
2024-03-11,16169.53
2024-03-07,16263.21
2024-03-06,16229.14
2024-03-05,16189.91
2024-03-04,16223.16
2024-03-02,16200.86
2024-03-01,16150.08
2024-02-29,15926.49
2024-02-28,15872.78
2024-02-27,16079.86
2024-02-26,16050.56
2024-02-23,16099.39
2024-02-22,16085.94
2024-02-21,15953.74
2024-02-20,16067.6
2024-02-19,16028.01
2024-02-16,15972.66
2024-02-15,15873.68
2024-02-14,15790.75
2024-02-13,15686.54
2024-02-12,15595.12
2024-02-09,15780.17
2024-02-08,15774.73
2024-02-07,15865.31
2024-02-06,15807.68
2024-02-05,15665.76
2024-02-02,15719.82
2024-02-01,15615.67
2024-01-31,15636.73
2024-01-30,15474.22
2024-01-29,15599.87
2024-01-25,15336.78
2024-01-24,15395.2
2024-01-23,15208.47
2024-01-20,15508.22
2024-01-19,15516.52
2024-01-18,15364.26
2024-01-17,15432.23
2024-01-16,15717.43
2024-01-15,15764.43
2024-01-12,15640.82
2024-01-11,15502.65
2024-01-10,15457.21
2024-01-09,15408.08
2024-01-08,15377.75
2024-01-05,15524.98
2024-01-04,15496.61
2024-01-03,15359.18
2024-01-02,15407.74
2024-01-01,15453.32
2023-12-29,15428.79
2023-12-28,15417.48
2023-12-27,15335.02
2023-12-26,15207.99
2023-12-22,15128.51
2023-12-21,15048.18
2023-12-20,14929.86
2023-12-19,15217.88
2023-12-18,15204.22
2023-12-15,15205.28
2023-12-14,15064.77
2023-12-13,14876.95
2023-12-12,14832.28
2023-12-11,14902.82
2023-12-08,14853.55
2023-12-07,14840.0
2023-12-06,14825.26
2023-12-05,14745.19
2023-12-04,14620.68
2023-12-01,14343.77
2023-11-30,14237.01
2023-11-29,14183.56
2023-11-28,14048.22
2023-11-24,13961.29
2023-11-23,13963.7
2023-11-22,13963.39
2023-11-21,13948.43
2023-11-20,13901.85
2023-11-17,13924.9
2023-11-16,13927.47
2023-11-15,13856.76
2023-11-13,13703.66
2023-11-12,13742.75
2023-11-10,13670.61
2023-11-09,13641.78
2023-11-08,13670.5
2023-11-07,13618.43
2023-11-06,13601.93
2023-11-03,13477.6
2023-11-02,13393.65
2023-11-01,13265.07
2023-10-31,13325.13
2023-10-30,13344.98
2023-10-27,13292.78
2023-10-26,13134.1
2023-10-25,13308.16
2023-10-23,13405.81
2023-10-20,13626.26
2023-10-19,13703.82
2023-10-18,13733.73
2023-10-17,13840.22
2023-10-16,13786.37
2023-10-13,13788.62
2023-10-12,13812.82
2023-10-11,13814.47
2023-10-10,13732.66
2023-10-09,13593.35
2023-10-06,13713.48
2023-10-05,13636.79
2023-10-04,13577.44
2023-10-03,13675.42
2023-09-29,13721.98
2023-09-28,13625.21
2023-09-27,13773.15
2023-09-26,13728.5
2023-09-25,13732.44
2023-09-22,13722.99
2023-09-21,13761.33
2023-09-20,13873.55
2023-09-18,14012.1
2023-09-15,14051.94
2023-09-14,13996.43
2023-09-13,13944.12
2023-09-12,13897.14
2023-09-11,14002.04
2023-09-08,13869.98
2023-09-07,13791.39
2023-09-06,13708.7
2023-09-05,13679.15
2023-09-04,13630.25
2023-09-01,13549.53
2023-08-31,13426.83
2023-08-30,13485.75
2023-08-29,13461.55
2023-08-28,13426.42
2023-08-25,13387.04
2023-08-24,13480.29
2023-08-23,13498.56
2023-08-22,13468.79
2023-08-21,13433.99
2023-08-18,13358.59
2023-08-17,13393.62
2023-08-16,13444.04
2023-08-14,13426.26
2023-08-11,13444.81
2023-08-10,13510.58
2023-08-09,13566.44
2023-08-08,13519.47
2023-08-07,13529.43
2023-08-04,13476.08
2023-08-03,13378.25
2023-08-02,13452.03
2023-08-01,13599.75
2023-07-31,13610.66
2023-07-28,13533.41
2023-07-27,13512.66
2023-07-26,13562.7
2023-07-25,13497.76
2023-07-24,13474.59
2023-07-21,13514.38
2023-07-20,13644.15
2023-07-19,13565.16
2023-07-18,13502.17
2023-07-17,13492.16
2023-07-14,13408.84
2023-07-13,13296.79
2023-07-12,13304.76
2023-07-11,13320.26
2023-07-10,13247.38
2023-07-07,13250.49
2023-07-06,13360.89
2023-07-05,13284.18
2023-07-04,13254.89
2023-07-03,13230.95
2023-06-30,13152.79
2023-06-28,13022.19
2023-06-27,12921.86
2023-06-26,12842.57
2023-06-23,12803.93
2023-06-22,12901.12
2023-06-21,12982.6
2023-06-20,12948.15
2023-06-19,12902.73
2023-06-16,12938.73
2023-06-15,12839.76
2023-06-14,12863.72
2023-06-13,12837.64
2023-06-12,12743.79
2023-06-09,12708.04
2023-06-08,12745.2
2023-06-07,12812.17
2023-06-06,12715.63
2023-06-05,12706.28
2023-06-02,12670.15
2023-06-01,12623.35
2023-05-31,12639.89
2023-05-30,12674.94
2023-05-29,12654.84
2023-05-26,12590.88
2023-05-25,12471.04
2023-05-24,12438.76
2023-05-23,12464.65
2023-05-22,12431.12
2023-05-19,12349.27
2023-05-18,12305.28
2023-05-17,12357.06
2023-05-16,12421.04
2023-05-15,12454.59
2023-05-12,12397.29
2023-05-11,12399.52
2023-05-10,12392.63
2023-05-09,12358.09
2023-05-08,12360.07
2023-05-05,12237.49
2023-05-04,12343.82
2023-05-03,12240.49
2023-05-02,12264.65
2023-04-28,12198.54
2023-04-27,12079.54
2023-04-26,12014.83
2023-04-25,11985.5
2023-04-24,11965.94
2023-04-21,11895.23
2023-04-20,11904.3
2023-04-19,11901.26
2023-04-18,11935.47
2023-04-17,11942.77
2023-04-13,11990.66
2023-04-12,11981.72
2023-04-11,11920.61
2023-04-10,11856.99
2023-04-06,11832.37
2023-04-05,11798.45
2023-04-03,11710.68
2023-03-31,11681.18
2023-03-29,11509.61
2023-03-28,11414.15
2023-03-27,11451.21
2023-03-24,11447.91
2023-03-23,11540.01
2023-03-22,11586.51
2023-03-21,11549.4
2023-03-20,11470.97
2023-03-17,11552.63
2023-03-16,11481.31
2023-03-15,11463.78
2023-03-14,11499.28
2023-03-13,11572.45
2023-03-10,11749.4
2023-03-09,11852.15
2023-03-08,11952.17
2023-03-06,11916.27
2023-03-03,11831.82
2023-03-02,11669.69
2023-03-01,11738.92
2023-02-28,11623.83
2023-02-27,11655.27
2023-02-24,11716.67
2023-02-23,11745.81
2023-02-22,11776.9
2023-02-21,11953.29
2023-02-20,11972.0
2023-02-17,12026.35
2023-02-16,12093.74
2023-02-15,12066.22
2023-02-14,12000.58
2023-02-13,11929.63
2023-02-10,12018.13
2023-02-09,12036.85
2023-02-08,12033.85
2023-02-07,11929.95
2023-02-06,11954.78
2023-02-03,11984.7
2023-02-02,11870.8
2023-02-01,11883.62
2023-01-31,11948.37
2023-01-30,11906.08
2023-01-27,11922.28
2023-01-25,12169.56
2023-01-24,12352.43
2023-01-23,12360.76
2023-01-20,12304.78
2023-01-19,12361.61
2023-01-18,12399.17
2023-01-17,12337.25
2023-01-16,12255.04
2023-01-13,12289.59
2023-01-12,12233.3
2023-01-11,12253.58
2023-01-10,12274.48
2023-01-09,12381.42
2023-01-06,12227.85
2023-01-05,12320.42
2023-01-04,12326.29
2023-01-03,12464.27
2023-01-02,12435.26
2022-12-30,12376.62
2022-12-29,12418.79
2022-12-28,12374.54
2022-12-27,12368.09
2022-12-26,12276.44
2022-12-23,12089.63
2022-12-22,12379.17
2022-12-21,12442.14
2022-12-20,12591.26
2022-12-19,12614.94
2022-12-16,12512.5
2022-12-15,12632.1
2022-12-14,12786.43
2022-12-13,12743.76
2022-12-12,12681.2
2022-12-09,12673.5
2022-12-08,12747.62
2022-12-07,12709.45
2022-12-06,12758.74
2022-12-05,12793.6
2022-12-02,12791.12
2022-12-01,12837.8
2022-11-30,12793.82
2022-11-29,12680.43
2022-11-28,12651.08
2022-11-25,12613.09
2022-11-24,12583.49
2022-11-23,12462.08
2022-11-22,12442.47
2022-11-21,12390.79
2022-11-18,12479.38
2022-11-17,12515.87
2022-11-16,12571.23
2022-11-15,12593.29
2022-11-14,12553.44
2022-11-11,12555.5
2022-11-10,12373.22
2022-11-09,12473.88
2022-11-07,12510.39
2022-11-04,12445.15
2022-11-03,12411.16
2022-11-02,12420.32
2022-11-01,12457.54
2022-10-31,12359.39
2022-10-28,12203.12
2022-10-27,12194.88
2022-10-25,12118.23
2022-10-24,12149.11
2022-10-21,12057.26
2022-10-20,12079.94
2022-10-19,12040.85
2022-10-18,12026.9
2022-10-17,11903.36
2022-10-14,11824.44
2022-10-13,11748.42
2022-10-12,11830.64
2022-10-11,11739.95
2022-10-10,11924.92
2022-10-07,11991.97
2022-10-06,12008.37
2022-10-04,11945.35
2022-10-03,11669.71
2022-09-30,11835.22
2022-09-29,11651.08
2022-09-28,11675.03
2022-09-27,11765.96
2022-09-26,11768.26
2022-09-23,12020.81
2022-09-22,12243.09
2022-09-21,12272.74
2022-09-20,12361.53
2022-09-19,12222.16
2022-09-16,12170.35
2022-09-15,12440.96
2022-09-14,12485.28
2022-09-13,12519.1
2022-09-12,12437.93
2022-09-09,12350.23
2022-09-08,12327.13
2022-09-07,12230.02
2022-09-06,12235.11
2022-09-05,12219.69
2022-09-02,12151.51
2022-09-01,12162.41
2022-08-30,12270.25
2022-08-29,11975.99
2022-08-26,12122.74
2022-08-25,12086.73
2022-08-24,12128.36
2022-08-23,12093.56
2022-08-22,12024.34
2022-08-19,12220.62
2022-08-18,12355.83
2022-08-17,12330.64
2022-08-16,12247.64
2022-08-12,12135.87
2022-08-11,12098.65
2022-08-10,12004.77
2022-08-08,12005.57
2022-08-05,11919.76
2022-08-04,11914.59
2022-08-03,11900.75
2022-08-02,11895.06
2022-08-01,11877.12
2022-07-29,11734.01
2022-07-28,11577.07
2022-07-27,11400.18
2022-07-26,11290.84
2022-07-25,11402.69
2022-07-22,11449.84
2022-07-21,11398.13
2022-07-20,11308.47
2022-07-19,11212.46
2022-07-18,11162.17
2022-07-15,11006.58
2022-07-14,10934.45
2022-07-13,10945.91
2022-07-12,10993.48
2022-07-11,11082.09
2022-07-08,11043.68
2022-07-07,10989.77
2022-07-06,10886.04
2022-07-05,10745.5
2022-07-04,10758.34
2022-07-01,10692.58
2022-06-30,10687.25
2022-06-29,10709.42
2022-06-28,10748.45
2022-06-27,10733.43
2022-06-24,10642.46
2022-06-23,10533.3
2022-06-22,10429.53
2022-06-21,10590.47
2022-06-20,10360.91
2022-06-17,10370.74
2022-06-16,10443.16
2022-06-15,10669.55
2022-06-14,10674.39
2022-06-13,10695.11
2022-06-10,10980.47
2022-06-09,11145.21
2022-06-08,11063.97
2022-06-07,11105.13
2022-06-06,11202.63
2022-06-03,11215.92
2022-06-02,11283.56
2022-06-01,11211.79
2022-05-31,11256.76
2022-05-30,11286.59
2022-05-27,11064.16
2022-05-26,10942.46
2022-05-25,10826.99
2022-05-24,10930.17
2022-05-23,10996.28
2022-05-20,11040.2
2022-05-19,10759.27
2022-05-18,11058.36
2022-05-17,11068.99
2022-05-16,10785.87
2022-05-13,10714.01
2022-05-12,10720.83
2022-05-11,10964.92
2022-05-10,11008.69
2022-05-09,11103.77
2022-05-06,11216.71
2022-05-05,11410.75
2022-05-04,11401.55
2022-05-02,11675.74
2022-04-29,11707.12
2022-04-28,11812.33
2022-04-27,11675.03
2022-04-26,11792.7
2022-04-25,11606.3
2022-04-22,11776.68
2022-04-21,11913.08
2022-04-20,11748.64
2022-04-19,11640.43
2022-04-18,11799.19
2022-04-13,11972.24
2022-04-12,11997.2
2022-04-11,12119.3
2022-04-08,12141.68
2022-04-07,12027.94
2022-04-06,12134.29
2022-04-05,12193.81
2022-04-04,12205.46
2022-04-01,11960.76
2022-03-31,11810.19
2022-03-30,11818.55
2022-03-29,11711.61
2022-03-28,11646.25
2022-03-25,11618.59
2022-03-24,11654.8
2022-03-23,11655.06
2022-03-22,11677.64
2022-03-21,11571.39
2022-03-17,11680.23
2022-03-16,11481.05
2022-03-15,11263.11
2022-03-14,11393.97
2022-03-11,11275.4
2022-03-10,11241.68
2022-03-09,11075.12
2022-03-08,10856.77
2022-03-07,10743.8
2022-03-04,11007.68
2022-03-03,11200.1
2022-03-02,11260.72
2022-02-28,11354.51
2022-02-25,11256.67
2022-02-24,10939.48
2022-02-23,11515.55
2022-02-22,11507.86
2022-02-21,11582.34
2022-02-18,11652.32
2022-02-17,11696.08
2022-02-16,11702.77
2022-02-15,11722.4
2022-02-14,11389.1
2022-02-11,11761.28
2022-02-10,11930.28
2022-02-09,11846.32
2022-02-08,11711.52
2022-02-07,11703.77
2022-02-04,11880.92
2022-02-03,11915.45
2022-02-02,12046.98
2022-02-01,11910.67
2022-01-31,11748.79
2022-01-28,11589.49
2022-01-27,11559.49
2022-01-25,11684.05
2022-01-24,11590.05
2022-01-21,11942.9
2022-01-20,12077.21
2022-01-19,12170.52
2022-01-18,12258.8
2022-01-17,12415.63
2022-01-14,12379.55
2022-01-13,12378.07
2022-01-12,12337.14
2022-01-11,12226.89
2022-01-10,12198.72
2022-01-07,12083.65
2022-01-06,12035.98
2022-01-05,12127.84
2022-01-04,12057.79
2022-01-03,11962.49
2021-12-31,11796.61
2021-12-30,11676.53
2021-12-29,11698.61
2021-12-28,11709.83
2021-12-27,11604.62
2021-12-24,11552.57
2021-12-23,11619.32
2021-12-22,11531.25
2021-12-21,11392.03
2021-12-20,11267.59
2021-12-17,11552.4
2021-12-16,11756.85
2021-12-15,11760.33
2021-12-14,11834.12
2021-12-13,11852.89
2021-12-10,11936.75
2021-12-09,11921.14
2021-12-08,11884.88
2021-12-07,11693.33
2021-12-06,11516.56
2021-12-03,11710.57
2021-12-02,11815.81
2021-12-01,11664.51
2021-11-30,11547.75
2021-11-29,11580.67
2021-11-26,11602.43
2021-11-25,11956.67
2021-11-24,11872.56
2021-11-23,11930.7
2021-11-22,11836.15
2021-11-18,12085.79
2021-11-17,12197.5
2021-11-16,12259.93
2021-11-15,12322.43
2021-11-12,12310.11
2021-11-11,12167.77
2021-11-10,12257.1
2021-11-09,12274.27
2021-11-08,12260.95
2021-11-04,12145.86
2021-11-03,12081.51
2021-11-02,12105.52
2021-11-01,12110.46
2021-10-29,11934.47
2021-10-28,12021.99
2021-10-27,12263.09
2021-10-26,12282.02
2021-10-25,12156.76
2021-10-22,12191.43
2021-10-21,12257.06
2021-10-20,12316.25
2021-10-19,12455.32
2021-10-18,12543.63
2021-10-14,12451.83
2021-10-13,12337.62
2021-10-12,12211.46
2021-10-11,12167.74
2021-10-08,12124.65
2021-10-07,12069.32
2021-10-06,11951.45
2021-10-05,12068.4
2021-10-04,11988.53
2021-10-01,11860.66
2021-09-30,11898.5
2021-09-29,11939.66
2021-09-28,11950.35
2021-09-27,12025.26
2021-09-24,12027.5
2021-09-23,12037.15
2021-09-22,11858.88
2021-09-21,11833.78
2021-09-20,11729.11
2021-09-17,11883.8
2021-09-16,11938.47
2021-09-15,11865.31
2021-09-14,11773.8
2021-09-13,11735.87
2021-09-09,11730.95
2021-09-08,11711.1
2021-09-07,11695.17
2021-09-06,11711.84
2021-09-03,11680.54
2021-09-02,11619.41
2021-09-01,11510.18
2021-08-31,11516.54
2021-08-30,11386.23
2021-08-27,11223.56
2021-08-26,11157.02
2021-08-25,11147.64
2021-08-24,11130.4
2021-08-23,11032.74
2021-08-20,11026.11
2021-08-18,11133.48
2021-08-17,11144.52
2021-08-16,11106.15
2021-08-13,11092.46
2021-08-12,11011.51
2021-08-11,10950.5
2021-08-10,10953.76
2021-08-09,10963.15
2021-08-06,10968.95
2021-08-05,10993.52
2021-08-04,10977.26
2021-08-03,10939.54
2021-08-02,10803.9
2021-07-30,10707.64
2021-07-29,10695.0
2021-07-28,10647.48
2021-07-27,10667.7
2021-07-26,10720.69
2021-07-23,10735.66
2021-07-22,10716.73
2021-07-20,10579.73
2021-07-19,10669.78
2021-07-16,10776.54
2021-07-15,10764.7
2021-07-14,10716.12
2021-07-13,10691.51
2021-07-12,10631.0
2021-07-09,10622.6
2021-07-08,10630.63
2021-07-07,10711.89
2021-07-06,10666.61
2021-07-05,10673.81
2021-07-02,10602.19
2021-07-01,10578.41
2021-06-30,10600.09
2021-06-29,10615.24
2021-06-28,10655.11
2021-06-25,10666.42
2021-06-24,10607.79
2021-06-23,10565.71
2021-06-22,10622.82
2021-06-21,10600.79
2021-06-18,10546.33
2021-06-17,10572.42
2021-06-16,10637.99
2021-06-15,10714.97
2021-06-14,10673.62
2021-06-11,10678.22
2021-06-10,10638.95
2021-06-09,10543.28
2021-06-08,10618.11
2021-06-07,10610.74
2021-06-04,10552.03
2021-06-03,10546.31
2021-06-02,10462.61
2021-06-01,10419.26
2021-05-31,10425.94
2021-05-28,10325.1
2021-05-27,10275.63
2021-05-26,10244.37
2021-05-25,10199.04
2021-05-24,10198.47
2021-05-21,10168.68
2021-05-20,10017.76
2021-05-19,10081.15
2021-05-18,10113.09
2021-05-17,9980.07
2021-05-14,9818.44
2021-05-12,9866.0
2021-05-11,9951.94
2021-05-10,9985.26
2021-05-07,9901.51
2021-05-06,9852.55
2021-05-05,9780.24
2021-05-04,9687.56
2021-05-03,9765.91
2021-04-30,9750.62
2021-04-29,9893.21
2021-04-28,9877.62
2021-04-27,9750.64
2021-04-26,9638.55
2021-04-23,9551.55
2021-04-22,9579.24
2021-04-20,9517.27
2021-04-19,9540.3
2021-04-16,9715.44
2021-04-15,9672.72
2021-04-13,9626.02
2021-04-12,9496.56
2021-04-09,9886.16
2021-04-08,9902.43
2021-04-07,9859.21
2021-04-06,9763.85
2021-04-05,9717.97
2021-04-01,9859.13
2021-03-31,9730.71
2021-03-30,9800.64
2021-03-26,9605.87
2021-03-25,9482.45
2021-03-24,9644.11
2021-03-23,9819.07
2021-03-22,9754.38
2021-03-19,9736.64
2021-03-18,9615.84
2021-03-17,9727.3
2021-03-16,9875.42
2021-03-15,9874.84
2021-03-12,9939.08
2021-03-10,10027.6
2021-03-09,9971.98
2021-03-08,9915.63
2021-03-05,9903.6
2021-03-04,10019.49
2021-03-03,10094.26
2021-03-02,9890.98
2021-03-01,9771.53
2021-02-26,9622.62
2021-02-25,9953.19
2021-02-24,9869.33
2021-02-23,9713.1
2021-02-22,9677.15
2021-02-19,9859.58
2021-02-18,9963.41
2021-02-17,9997.34
2021-02-16,10041.52
2021-02-15,10032.24
2021-02-12,9927.59
2021-02-11,9932.58
2021-02-10,9886.56
2021-02-09,9874.24
2021-02-08,9878.08
2021-02-05,9752.05
2021-02-04,9757.85
2021-02-03,9674.56
2021-02-02,9581.6
2021-02-01,9349.26
2021-01-29,8958.89
2021-01-28,9080.06
2021-01-27,9165.98
2021-01-25,9333.47
2021-01-22,9419.18
2021-01-21,9551.54
2021-01-20,9601.96
2021-01-19,9521.94
2021-01-18,9357.5
2021-01-15,9478.0
2021-01-14,9588.94
2021-01-13,9566.71
2021-01-12,9579.55
2021-01-11,9535.53
2021-01-08,9464.92
2021-01-07,9333.26
2021-01-06,9317.48
2021-01-05,9340.39
2021-01-04,9281.95
2021-01-01,9192.48
2020-12-31,9152.97
2020-12-30,9146.62
2020-12-29,9115.1
2020-12-28,9086.9
2020-12-24,9003.04
2020-12-23,8922.65
2020-12-22,8813.57
2020-12-21,8721.13
2020-12-18,9025.25
2020-12-17,9016.19
2020-12-16,8991.92
2020-12-15,8916.51
2020-12-14,8909.09
2020-12-11,8876.31
2020-12-10,8853.63
2020-12-09,8883.59
2020-12-08,8808.44
2020-12-07,8789.5
2020-12-04,8719.64
2020-12-03,8649.35
2020-12-02,8622.29
2020-12-01,8606.68
2020-11-27,8513.49
2020-11-26,8491.92
2020-11-25,8410.08
2020-11-24,8540.29
2020-11-23,8463.21
2020-11-20,8407.32
2020-11-19,8343.15
2020-11-18,8440.02
2020-11-17,8390.67
2020-11-14,8325.05
2020-11-13,8285.62
2020-11-12,8253.77
2020-11-11,8272.11
2020-11-10,8198.31
2020-11-09,8116.43
2020-11-06,7995.59
2020-11-05,7913.8
2020-11-04,7776.62
2020-11-03,7714.55
2020-11-02,7630.46
2020-10-30,7610.41
2020-10-29,7620.41
2020-10-28,7647.85
2020-10-27,7742.55
2020-10-26,7657.84
2020-10-23,7766.53
2020-10-22,7734.94
2020-10-21,7750.53
2020-10-20,7729.95
2020-10-19,7710.83
2020-10-16,7641.45
2020-10-15,7583.18
2020-10-14,7758.82
2020-10-13,7733.82
2020-10-12,7739.78
2020-10-09,7739.92
2020-10-08,7705.07
2020-10-07,7651.61
2020-10-06,7619.73
2020-10-05,7530.96
2020-10-01,7486.04
2020-09-30,7386.63
2020-09-29,7368.06
2020-09-28,7375.94
2020-09-25,7242.76
2020-09-24,7073.67
2020-09-23,7277.78
2020-09-22,7293.67
2020-09-21,7365.43
2020-09-18,7553.55
2020-09-17,7557.53
2020-09-16,7608.78
2020-09-15,7559.75
2020-09-14,7500.6
2020-09-11,7491.95
2020-09-10,7470.86
2020-09-09,7366.08
2020-09-08,7391.68
2020-09-07,7428.53
2020-09-04,7428.0
2020-09-03,7556.29
2020-09-02,7547.38
2020-09-01,7491.27
2020-08-31,7432.48
2020-08-28,7636.22
2020-08-27,7583.98
2020-08-26,7574.28
2020-08-25,7528.99
2020-08-24,7522.38
2020-08-21,7468.62
2020-08-20,7431.84
2020-08-19,7474.17
2020-08-18,7455.57
2020-08-17,7365.51
2020-08-14,7324.31
2020-08-13,7401.0
2020-08-12,7385.35
2020-08-11,7392.2
2020-08-10,7373.01
2020-08-07,7321.51
2020-08-06,7302.56
2020-08-05,7236.43
2020-08-04,7228.24
2020-08-03,7111.74
2020-07-31,7207.21
2020-07-30,7208.75
2020-07-29,7259.41
2020-07-28,7300.01
2020-07-27,7203.13
2020-07-24,7251.37
2020-07-23,7274.44
2020-07-22,7217.73
2020-07-21,7236.43
2020-07-20,7164.3
2020-07-17,7091.88
2020-07-16,6986.31
2020-07-15,6917.72
2020-07-14,6921.45
2020-07-13,7035.53
2020-07-10,7017.4
2020-07-09,7047.43
2020-07-08,6987.42
2020-07-07,7040.25
2020-07-06,7014.71
2020-07-03,6919.95
2020-07-02,6880.61
2020-07-01,6801.59
2020-06-30,6733.74
2020-06-29,6740.86
2020-06-26,6795.08
2020-06-25,6744.84
2020-06-24,6746.11
2020-06-23,6848.76
2020-06-22,6742.32
2020-06-19,6681.35
2020-06-18,6587.57
2020-06-17,6470.55
2020-06-16,6485.6
2020-06-15,6430.05
2020-06-12,6525.87
2020-06-11,6473.3
2020-06-10,6602.26
2020-06-09,6559.16
2020-06-08,6627.99
2020-06-05,6611.92
2020-06-04,6527.61
2020-06-03,6540.94
2020-06-02,6491.36
2020-06-01,6400.11
2020-05-29,6243.9
2020-05-28,6168.98
2020-05-27,6057.1
2020-05-26,5908.98
2020-05-22,5904.96
2020-05-21,5951.42
2020-05-20,5917.58
2020-05-19,5799.87
2020-05-18,5764.61
2020-05-15,5974.21
2020-05-14,5982.64
2020-05-13,6110.72
2020-05-12,5993.36
2020-05-11,6020.44
2020-05-08,6015.06
2020-05-07,5984.33
2020-05-06,6031.86
2020-05-05,5987.93
2020-05-04,6046.47
2020-04-30,6392.21
2020-04-29,6209.11
2020-04-28,6105.57
2020-04-27,6049.91
2020-04-24,5960.95
2020-04-23,6067.43
2020-04-22,5994.04
2020-04-21,5876.7
2020-04-20,6049.38
2020-04-17,6052.41
2020-04-16,5891.52
2020-04-15,5841.03
2020-04-13,5861.72
2020-04-09,5930.63
2020-04-08,5703.47
2020-04-07,5700.68
2020-04-03,5272.89
2020-04-01,5374.22
2020-03-31,5572.96
2020-03-30,5373.69
2020-03-27,5584.94
2020-03-26,5579.9
2020-03-25,5364.84
2020-03-24,5065.56
2020-03-23,4956.11
2020-03-20,5682.43
2020-03-19,5388.2
2020-03-18,5537.3
2020-03-17,5858.4
2020-03-16,5996.19
2020-03-13,6457.79
2020-03-12,6236.14
2020-03-11,6802.29
2020-03-09,6811.84
2020-03-06,7154.65
2020-03-05,7332.87
2020-03-04,7316.55
2020-03-03,7361.95
2020-03-02,7240.39
2020-02-28,7282.16
2020-02-27,7556.54
2020-02-26,7588.2
2020-02-25,7669.97
2020-02-24,7695.48
2020-02-20,7857.1
2020-02-19,7872.37
2020-02-18,7774.21
2020-02-17,7808.14
2020-02-14,7858.54
2020-02-13,7906.23
2020-02-12,7922.87
2020-02-11,7878.01
2020-02-10,7842.3
2020-02-07,7887.34
2020-02-06,7895.3
2020-02-05,7853.47
2020-02-04,7774.31
2020-02-03,7609.94
2020-02-01,7571.33
2020-01-31,7776.7
2020-01-30,7827.27
2020-01-29,7898.0
2020-01-28,7853.92
2020-01-27,7890.72
2020-01-24,7964.91
2020-01-23,7914.04
2020-01-22,7853.96
2020-01-21,7887.17
2020-01-20,7920.11
2020-01-17,7998.06
2020-01-16,7993.41
2020-01-15,7979.46
2020-01-14,7975.99
2020-01-13,7951.62
2020-01-10,7900.95
2020-01-09,7874.86
2020-01-08,7755.48
2020-01-07,7766.31
2020-01-06,7723.88
2020-01-03,7878.59
2020-01-02,7913.04
2020-01-01,7843.08
2019-12-31,7834.63
2019-12-30,7882.85
2019-12-27,7873.81
2019-12-26,7800.97
2019-12-24,7847.78
2019-12-23,7873.48
2019-12-20,7879.66
2019-12-19,7868.43
2019-12-18,7844.94
2019-12-17,7815.59
2019-12-16,7751.46
2019-12-13,7777.45
2019-12-12,7702.9
2019-12-11,7658.73
2019-12-10,7621.84
2019-12-09,7681.97
2019-12-06,7677.43
2019-12-05,7747.43
2019-12-04,7768.49
2019-12-03,7738.28
2019-12-02,7781.17
2019-11-29,7791.14
2019-11-28,7845.41
2019-11-27,7802.41
2019-11-26,7758.08
2019-11-25,7789.11
2019-11-22,7687.53
2019-11-21,7716.69
2019-11-20,7741.97
2019-11-19,7705.52
2019-11-18,7678.66
2019-11-15,7678.93
2019-11-14,7663.95
2019-11-13,7649.57
2019-11-11,7696.46
2019-11-08,7686.86
2019-11-07,7752.56
2019-11-06,7718.58
2019-11-05,7691.16
2019-11-04,7718.65
2019-11-01,7695.66
2019-10-31,7686.62
2019-10-30,7655.4
2019-10-29,7615.35
2019-10-27,7514.32
2019-10-25,7481.67
2019-10-24,7485.3
2019-10-23,7501.56
2019-10-22,7488.85
2019-10-18,7520.33
2019-10-17,7454.4
2019-10-16,7361.1
2019-10-15,7337.06
2019-10-14,7284.74
2019-10-11,7258.69
2019-10-10,7219.07
2019-10-09,7272.71
2019-10-07,7157.91
2019-10-04,7196.98
2019-10-03,7284.41
2019-10-01,7314.92
2019-09-30,7395.52
2019-09-27,7436.05
2019-09-26,7473.98
2019-09-25,7391.58
2019-09-24,7495.56
2019-09-23,7505.8
2019-09-20,7306.72
2019-09-19,6930.63
2019-09-18,7017.9
2019-09-17,6998.78
2019-09-16,7121.17
2019-09-13,7159.57
2019-09-12,7103.22
2019-09-11,7132.91
2019-09-09,7103.82
2019-09-06,7063.42
2019-09-05,7004.98
2019-09-04,6996.68
2019-09-03,6970.78
2019-08-30,7115.27
2019-08-29,7059.29
2019-08-28,7110.57
2019-08-27,7151.56
2019-08-26,7111.18
2019-08-23,6970.12
2019-08-22,6910.73
2019-08-21,7024.12
2019-08-20,7093.83
2019-08-19,7124.32
2019-08-16,7117.74
2019-08-14,7103.14
2019-08-13,7032.64
2019-08-09,7158.74
2019-08-08,7106.92
2019-08-07,7001.05
2019-08-06,7056.95
2019-08-05,6991.44
2019-08-02,7076.2
2019-08-01,7064.38
2019-07-31,7150.58
2019-07-30,7116.2
2019-07-29,7194.14
2019-07-26,7260.04
2019-07-25,7231.13
2019-07-24,7231.2
2019-07-23,7283.13
2019-07-22,7298.06
2019-07-19,7337.33
2019-07-18,7453.99
2019-07-17,7521.09
2019-07-16,7508.86
2019-07-15,7455.84
2019-07-12,7439.98
2019-07-11,7449.65
2019-07-10,7393.69
2019-07-09,7437.07
2019-07-08,7430.9
2019-07-05,7596.65
2019-07-04,7690.06
2019-07-03,7671.99
2019-07-02,7660.98
2019-07-01,7632.81
2019-06-28,7588.33
2019-06-27,7619.08
2019-06-26,7614.19
2019-06-25,7573.76
2019-06-24,7517.5
2019-06-21,7531.4
2019-06-20,7588.21
2019-06-19,7485.58
2019-06-18,7499.05
2019-06-17,7489.75
2019-06-14,7588.26
2019-06-13,7650.38
2019-06-12,7643.5
2019-06-11,7686.7
2019-06-10,7654.45
2019-06-07,7625.74
2019-06-06,7613.81
2019-06-04,7734.7
2019-06-03,7771.32
2019-05-31,7670.44
2019-05-30,7677.86
2019-05-29,7628.14
2019-05-28,7674.77
2019-05-27,7669.19
2019-05-24,7610.35
2019-05-23,7479.27
2019-05-22,7518.02
2019-05-21,7498.32
2019-05-20,7574.49
2019-05-17,7305.18
2019-05-16,7213.89
2019-05-15,7161.69
2019-05-14,7203.37
2019-05-13,7160.94
2019-05-10,7258.96
2019-05-09,7268.81
2019-05-08,7300.47
2019-05-07,7387.32
2019-05-06,7451.57
2019-05-03,7525.21
2019-05-02,7534.92
2019-04-30,7556.13
2019-04-26,7570.8
2019-04-25,7516.67
2019-04-24,7566.49
2019-04-23,7482.98
2019-04-22,7492.48
2019-04-18,7602.27
2019-04-16,7631.09
2019-04-15,7578.31
2019-04-12,7546.72
2019-04-11,7516.02
2019-04-10,7505.98
2019-04-09,7554.74
2019-04-08,7516.4
2019-04-05,7557.2
2019-04-04,7512.38
2019-04-03,7537.44
2019-04-02,7584.79
2019-04-01,7568.22
2019-03-29,7540.09
2019-03-28,7492.3
2019-03-27,7413.49
2019-03-26,7429.52
2019-03-25,7347.61
2019-03-22,7415.59
2019-03-20,7457.13
2019-03-19,7469.94
2019-03-18,7426.27
2019-03-15,7408.94
2019-03-14,7361.94
2019-03-13,7361.91
2019-03-12,7350.74
2019-03-11,7276.6
2019-03-08,7173.75
2019-03-07,7186.07
2019-03-06,7189.75
2019-03-05,7145.98
2019-03-01,7049.48
2019-02-28,6992.39
2019-02-27,6987.83
2019-02-26,6995.7
2019-02-25,7019.54
2019-02-22,6969.02
2019-02-21,6958.9
2019-02-20,6915.4
2019-02-19,6831.72
2019-02-18,6845.45
2019-02-15,6900.26
2019-02-14,6931.36
2019-02-13,6946.11
2019-02-12,6975.56
2019-02-11,7007.22
2019-02-08,7055.29
2019-02-07,7143.19
2019-02-06,7124.21
2019-02-05,7050.74
2019-02-04,7051.47
2019-02-01,7056.44
2019-01-31,7012.91
2019-01-30,6913.03
2019-01-29,6909.22
2019-01-28,6910.4
2019-01-25,7001.63
2019-01-24,7059.96
2019-01-23,7052.79
2019-01-22,7104.24
2019-01-21,7121.5
2019-01-18,7103.31
2019-01-17,7117.06
2019-01-16,7111.99
2019-01-15,7110.71
2019-01-14,7024.56
2019-01-11,7062.14
2019-01-10,7079.96
2019-01-09,7089.95
2019-01-08,7064.2
2019-01-07,7050.54
2019-01-04,7027.53
2019-01-03,6993.48
2019-01-02,7066.61
2019-01-01,7142.82
2018-12-31,7120.16
2018-12-28,7111.44
2018-12-27,7053.78
2018-12-26,7024.5
2018-12-24,6989.04
2018-12-21,7051.67
2018-12-20,7173.68
2018-12-19,7185.11
2018-12-18,7133.29
2018-12-17,7115.96
2018-12-14,7063.92
2018-12-13,7051.69
2018-12-12,7010.7
2018-12-11,6877.34
2018-12-10,6821.5
2018-12-07,6955.89
2018-12-06,6905.93
2018-12-05,7022.68
2018-12-04,7089.75
2018-12-03,7101.23
2018-11-30,7089.03
2018-11-29,7068.97
2018-11-28,6993.85
2018-11-27,6982.29
2018-11-26,6950.43
2018-11-22,6894.97
2018-11-21,6944.83
2018-11-20,6962.51
2018-11-19,7034.3
2018-11-16,6985.16
2018-11-15,6952.18
2018-11-14,6923.93
2018-11-13,6926.49
2018-11-12,6871.89
2018-11-09,6940.65
2018-11-07,6933.82
2018-11-06,6887.74
2018-11-05,6893.82
2018-11-02,6908.39
2018-11-01,6805.49
2018-10-31,6795.81
2018-10-30,6672.69
2018-10-29,6689.08
2018-10-26,6537.16
2018-10-25,6584.54
2018-10-24,6645.48
2018-10-23,6593.84
2018-10-22,6658.74
2018-10-19,6701.35
2018-10-17,6795.18
2018-10-16,6896.69
2018-10-15,6837.22
2018-10-12,6806.55
2018-10-11,6649.49
2018-10-10,6795.14
2018-10-09,6659.88
2018-10-08,6690.64
2018-10-05,6694.5
2018-10-04,6875.36
2018-10-03,7033.63
2018-10-01,7128.31
2018-09-28,7082.29
2018-09-27,7133.13
2018-09-26,7204.71
2018-09-25,7206.65
2018-09-24,7148.26
2018-09-21,7285.61
2018-09-19,7370.92
2018-09-18,7404.62
2018-09-17,7479.48
2018-09-14,7561.26
2018-09-12,7456.85
2018-09-11,7407.91
2018-09-10,7511.52
2018-09-07,7617.84
2018-09-06,7569.64
2018-09-05,7528.11
2018-09-04,7558.93
2018-09-03,7643.58
2018-08-31,7701.79
2018-08-30,7690.71
2018-08-29,7693.57
2018-08-28,7705.27
2018-08-27,7685.86
2018-08-24,7599.96
2018-08-23,7615.63
2018-08-21,7606.16
2018-08-20,7590.87
2018-08-17,7531.58
2018-08-16,7465.15
2018-08-14,7497.36
2018-08-13,7438.56
2018-08-10,7490.32
2018-08-09,7522.54
2018-08-08,7503.63
2018-08-07,7471.81
2018-08-06,7473.61
2018-08-03,7454.86
2018-08-02,7382.24
2018-08-01,7432.94
2018-07-31,7433.92
2018-07-30,7408.29
2018-07-27,7377.65
2018-07-26,7306.92
2018-07-25,7274.48
2018-07-24,7276.12
2018-07-23,7218.6
2018-07-20,7157.48
2018-07-19,7118.44
2018-07-18,7135.09
2018-07-17,7166.65
2018-07-16,7102.02
2018-07-13,7183.53
2018-07-12,7199.54
2018-07-11,7166.57
2018-07-10,7176.58
2018-07-09,7114.49
2018-07-06,7053.93
2018-07-05,7033.07
2018-07-04,7050.59
2018-07-03,7015.72
2018-07-02,6983.09
2018-06-29,7024.33
2018-06-28,6930.86
2018-06-27,6997.77
2018-06-26,7068.36
2018-06-25,7065.11
2018-06-22,7111.51
2018-06-21,7062.6
2018-06-20,7086.53
2018-06-19,7051.61
2018-06-18,7113.24
2018-06-15,7129.29
2018-06-14,7136.97
2018-06-13,7154.45
2018-06-12,7152.32
2018-06-11,7110.94
2018-06-08,7101.12
2018-06-07,7093.03
2018-06-06,7026.72
2018-06-05,6956.21
2018-06-04,6993.5
2018-06-01,7044.01
2018-05-31,7084.5
2018-05-30,7025.07
2018-05-29,7037.67
2018-05-28,7068.71
2018-05-25,7000.68
2018-05-24,6918.73
2018-05-23,6879.37
2018-05-22,6941.89
2018-05-21,6918.25
2018-05-18,6985.4
2018-05-17,7052.89
2018-05-16,7078.5
2018-05-15,7109.99
2018-05-14,7123.81
2018-05-11,7138.9
2018-05-10,7090.54
2018-05-09,7128.63
2018-05-08,7126.19
2018-05-07,7129.12
2018-05-04,7067.07
2018-05-03,7105.8
2018-05-02,7146.3
2018-04-30,7182.26
2018-04-27,7145.94
2018-04-26,7097.0
2018-04-25,7072.15
2018-04-24,7099.17
2018-04-23,7083.44
2018-04-20,7063.92
2018-04-19,7071.49
2018-04-18,7039.42
2018-04-17,7052.39
2018-04-16,7039.37
2018-04-13,7004.3
2018-04-12,6988.86
2018-04-11,6972.48
2018-04-10,6963.59
2018-04-09,6951.92
2018-04-06,6924.74
2018-04-05,6906.63
2018-04-04,6775.46
2018-04-03,6853.23
2018-04-02,6818.58
2018-03-28,6737.01
2018-03-27,6787.05
2018-03-26,6741.41
2018-03-23,6651.64
2018-03-22,6727.16
2018-03-21,6756.0
2018-03-20,6733.75
2018-03-19,6705.95
2018-03-16,6783.89
2018-03-15,6879.99
2018-03-14,6901.35
2018-03-13,6904.23
2018-03-12,6882.35
2018-03-09,6771.61
2018-03-08,6781.63
2018-03-07,6732.13
2018-03-06,6802.83
2018-03-05,6874.58
2018-03-01,6942.27
2018-02-28,6971.31
2018-02-27,7004.4
2018-02-26,7026.47
2018-02-23,6964.78
2018-02-22,6880.73
2018-02-21,6899.53
2018-02-20,6883.65
2018-02-19,6889.72
2018-02-16,6945.59
2018-02-15,7010.71
2018-02-14,7002.67
2018-02-12,7021.55
2018-02-09,6953.59
2018-02-08,7015.93
2018-02-07,6931.67
2018-02-06,6931.45
2018-02-05,7043.22
2018-02-02,7095.16
2018-02-01,7290.85
2018-01-31,7301.24
2018-01-30,7332.71
2018-01-29,7384.61
2018-01-25,7365.62
2018-01-24,7394.95
2018-01-23,7407.91
2018-01-22,7333.75
2018-01-19,7284.02
2018-01-18,7228.62
2018-01-17,7244.73
2018-01-16,7186.73
2018-01-15,7241.14
2018-01-12,7213.77
2018-01-11,7200.49
2018-01-10,7187.88
2018-01-09,7197.11
2018-01-08,7196.02
2018-01-05,7147.97
2018-01-04,7099.67
2018-01-03,7051.52
2018-01-02,7039.8
2018-01-01,7047.31
2017-12-29,7097.72
2017-12-28,7058.03
2017-12-27,7062.56
2017-12-26,7086.62
2017-12-22,7058.87
2017-12-21,7026.95
2017-12-20,7015.51
2017-12-19,7018.77
2017-12-18,6956.4
2017-12-15,6913.92
2017-12-14,6856.14
2017-12-13,6825.92
2017-12-12,6866.7
2017-12-11,6923.42
2017-12-08,6889.27
2017-12-07,6824.56
2017-12-06,6737.48
2017-12-05,6790.92
2017-12-04,6792.54
2017-12-01,6789.6
2017-11-30,6859.29
2017-11-29,6937.36
2017-11-28,6944.54
2017-11-27,6957.36
2017-11-24,6944.05
2017-11-23,6913.64
2017-11-22,6908.82
2017-11-21,6901.9
2017-11-20,6885.46
2017-11-17,6870.44
2017-11-16,6816.17
2017-11-15,6748.19
2017-11-14,6802.13
2017-11-13,6825.01
2017-11-10,6881.31
2017-11-09,6875.09
2017-11-08,6854.98
2017-11-07,6893.02
2017-11-06,6968.99
2017-11-03,6960.46
2017-11-02,6943.46
2017-11-01,6945.03
2017-10-31,6879.92
2017-10-30,6889.36
2017-10-27,6847.35
2017-10-26,6850.92
2017-10-25,6820.41
2017-10-24,6760.59
2017-10-23,6747.81
2017-10-19,6719.58
2017-10-18,6760.0
2017-10-17,6774.79
2017-10-16,6764.72
2017-10-13,6725.86
2017-10-12,6690.03
2017-10-11,6615.39
2017-10-10,6645.74
2017-10-09,6619.5
2017-10-06,6613.16
2017-10-05,6552.66
2017-10-04,6558.73
2017-10-03,6526.87
2017-09-29,6477.8
2017-09-28,6452.63
2017-09-27,6428.63
2017-09-26,6528.23
2017-09-25,6519.48
2017-09-22,6589.67
2017-09-21,6714.41
2017-09-20,6732.92
2017-09-19,6741.34
2017-09-18,6741.05
2017-09-15,6697.31
2017-09-14,6696.09
2017-09-13,6681.95
2017-09-12,6696.49
2017-09-11,6636.55
2017-09-08,6587.88
2017-09-07,6593.11
2017-09-06,6575.27
2017-09-05,6589.35
2017-09-04,6555.74
2017-09-01,6596.69
2017-08-31,6552.47
2017-08-30,6532.29
2017-08-29,6463.97
2017-08-28,6539.39
2017-08-24,6493.83
2017-08-23,6480.36
2017-08-22,6417.24
2017-08-21,6422.71
2017-08-18,6487.63
2017-08-17,6524.17
2017-08-16,6521.85
2017-08-14,6451.08
2017-08-11,6370.52
2017-08-10,6426.13
2017-08-09,6518.41
2017-08-08,6582.92
2017-08-07,6639.99
2017-08-04,6623.63
2017-08-03,6584.08
2017-08-02,6624.54
2017-08-01,6643.75
2017-07-31,6626.55
2017-07-28,6588.59
2017-07-27,6581.3
2017-07-26,6586.83
2017-07-25,6556.22
2017-07-24,6550.33
2017-07-21,6521.82
2017-07-20,6500.66
2017-07-19,6516.72
2017-07-18,6462.76
2017-07-17,6515.85
2017-07-14,6499.76
2017-07-13,6498.26
2017-07-12,6446.94
2017-07-11,6417.38
2017-07-10,6422.09
2017-07-07,6359.15
2017-07-06,6362.48
2017-07-05,6337.39
2017-07-04,6309.85
2017-07-03,6314.25
2017-06-30,6251.18
2017-06-29,6228.64
2017-06-28,6214.25
2017-06-27,6219.68
2017-06-23,6265.95
2017-06-22,6314.47
2017-06-21,6325.53
2017-06-20,6334.83
2017-06-19,6333.08
2017-06-16,6298.79
2017-06-15,6291.63
2017-06-14,6308.89
2017-06-13,6301.85
2017-06-12,6303.01
2017-06-09,6336.54
2017-06-08,6320.03
2017-06-07,6323.11
2017-06-06,6300.1
2017-06-05,6328.77
2017-06-02,6302.75
2017-06-01,6274.16
2017-05-31,6263.55
2017-05-30,6253.5
2017-05-29,6231.33
2017-05-26,6246.75
2017-05-25,6175.39
2017-05-24,6082.91
2017-05-23,6116.17
2017-05-22,6166.97
2017-05-19,6176.94
2017-05-18,6187.16
2017-05-17,6272.11
2017-05-16,6272.05
2017-05-15,6236.22
2017-05-12,6200.03
2017-05-11,6221.86
2017-05-10,6211.48
2017-05-09,6152.62
2017-05-08,6143.15
2017-05-05,6120.61
2017-05-04,6174.33
2017-05-03,6145.02
2017-05-02,6149.65
2017-04-28,6136.92
2017-04-27,6147.54
2017-04-26,6154.68
2017-04-25,6137.44
2017-04-24,6075.59
2017-04-21,6014.07
2017-04-20,6021.72
2017-04-19,5994.6
2017-04-18,5985.05
2017-04-17,6012.05
2017-04-13,6017.3
2017-04-12,6046.51
2017-04-11,6066.47
2017-04-10,6026.51
2017-04-07,6025.12
2017-04-06,6060.32
2017-04-05,6060.89
2017-04-03,6033.57
2017-03-31,5992.56
2017-03-30,5984.73
2017-03-29,5963.63
2017-03-28,5938.87
2017-03-27,5902.67
2017-03-24,5936.11
2017-03-23,5920.89
2017-03-22,5878.89
2017-03-21,5938.84
2017-03-20,5946.32
2017-03-17,5959.5
2017-03-16,5955.55
2017-03-15,5898.88
2017-03-14,5888.37
2017-03-10,5788.71
2017-03-09,5788.47
2017-03-08,5787.91
2017-03-07,5806.03
2017-03-06,5815.12
2017-03-03,5776.14
2017-03-02,5773.77
2017-03-01,5819.55
2017-02-28,5784.34
2017-02-27,5784.67
2017-02-23,5804.75
2017-02-22,5798.85
2017-02-21,5798.9
2017-02-20,5774.2
2017-02-17,5734.67
2017-02-16,5705.2
2017-02-15,5654.74
2017-02-14,5706.57
2017-02-13,5720.85
2017-02-10,5719.48
2017-02-09,5713.19
2017-02-08,5702.92
2017-02-07,5695.01
2017-02-06,5714.35
2017-02-03,5671.78
2017-02-02,5659.68
2017-02-01,5639.4
2017-01-31,5535.74
2017-01-30,5591.41
2017-01-27,5592.31
2017-01-25,5565.58
2017-01-24,5486.21
2017-01-23,5430.54
2017-01-20,5400.77
2017-01-19,5464.02
2017-01-18,5450.05
2017-01-17,5431.64
2017-01-16,5437.1
2017-01-13,5423.34
2017-01-12,5427.52
2017-01-11,5412.01
2017-01-10,5349.32
2017-01-09,5313.47
2017-01-06,5314.85
2017-01-05,5332.8
2017-01-04,5274.12
2017-01-03,5274.47
2017-01-02,5258.45
2016-12-30,5249.39
2016-12-29,5199.01
2016-12-28,5147.99
2016-12-27,5139.71
2016-12-26,5056.1
2016-12-23,5120.69
2016-12-22,5121.01
2016-12-21,5180.69
2016-12-20,5190.33
2016-12-19,5215.25
2016-12-16,5240.14
2016-12-15,5249.41
2016-12-14,5262.11
2016-12-13,5291.28
2016-12-12,5272.38
2016-12-09,5333.0
2016-12-08,5324.94
2016-12-07,5233.3
2016-12-06,5255.47
2016-12-05,5242.78
2016-12-02,5213.11
2016-12-01,5284.04
2016-11-30,5312.76
2016-11-29,5257.19
2016-11-28,5243.96
2016-11-25,5229.13
2016-11-24,5134.7
2016-11-23,5172.32
2016-11-22,5141.06
2016-11-21,5085.15
2016-11-18,5190.02
2016-11-17,5188.26
2016-11-16,5204.83
2016-11-15,5195.32
2016-11-11,5341.93
2016-11-10,5502.06
2016-11-09,5431.9
2016-11-08,5514.41
2016-11-07,5486.66
2016-11-04,5444.42
2016-11-03,5490.43
2016-11-02,5522.19
2016-11-01,5604.43
2016-10-30,5601.57
2016-10-28,5601.25
2016-10-27,5571.85
2016-10-26,5587.85
2016-10-25,5638.56
2016-10-24,5646.21
2016-10-21,5640.41
2016-10-20,5636.23
2016-10-19,5613.28
2016-10-18,5619.78
2016-10-17,5520.21
2016-10-14,5563.84
2016-10-13,5550.13
2016-10-10,5636.92
2016-10-07,5632.93
2016-10-06,5641.11
2016-10-05,5661.86
2016-10-04,5668.43
2016-10-03,5642.78
2016-09-30,5544.41
2016-09-29,5506.8
2016-09-28,5633.19
2016-09-27,5601.31
2016-09-26,5610.22
2016-09-23,5669.11
2016-09-22,5683.99
2016-09-21,5620.81
2016-09-20,5621.58
2016-09-19,5640.11
2016-09-16,5620.75
2016-09-15,5600.13
2016-09-14,5593.99
2016-09-12,5570.97
2016-09-09,5685.28
2016-09-08,5738.14
2016-09-07,5712.16
2016-09-06,5720.2
2016-09-02,5634.38
2016-09-01,5610.72
2016-08-31,5621.54
2016-08-30,5597.67
2016-08-29,5518.58
2016-08-26,5498.19
2016-08-25,5504.66
2016-08-24,5539.01
2016-08-23,5519.83
2016-08-22,5522.74
2016-08-19,5550.3
2016-08-18,5546.56
2016-08-17,5511.47
2016-08-16,5510.77
2016-08-12,5518.85
2016-08-11,5470.56
2016-08-10,5459.5
2016-08-09,5528.3
2016-08-08,5550.36
2016-08-05,5524.73
2016-08-04,5436.83
2016-08-03,5425.84
2016-08-02,5485.03
2016-08-01,5500.07
2016-07-29,5496.53
2016-07-28,5504.39
2016-07-27,5471.35
2016-07-26,5451.34
2016-07-25,5477.76
2016-07-22,5417.93
2016-07-21,5387.61
2016-07-20,5417.02
2016-07-19,5386.49
2016-07-18,5373.51
2016-07-15,5397.76
2016-07-14,5408.23
2016-07-13,5379.62
2016-07-12,5388.52
2016-07-11,5355.32
2016-07-08,5266.81
2016-07-07,5273.46
2016-07-05,5273.27
2016-07-04,5290.57
2016-07-01,5258.1
2016-06-30,5223.02
2016-06-29,5168.29
2016-06-28,5116.7
2016-06-27,5092.19
2016-06-24,5077.42
2016-06-23,5181.57
2016-06-22,5147.71
2016-06-21,5157.23
2016-06-20,5163.18
2016-06-17,5123.75
2016-06-16,5108.75
2016-06-15,5139.28
2016-06-14,5084.53
2016-06-13,5079.63
2016-06-10,5116.49
2016-06-09,5137.45
2016-06-08,5170.17
2016-06-07,5160.07
2016-06-06,5121.29
2016-06-03,5131.1
2016-06-02,5132.22
2016-06-01,5106.47
2016-05-31,5099.25
2016-05-30,5111.57
2016-05-27,5088.55
2016-05-26,5032.08
2016-05-25,4954.83
2016-05-24,4853.0
2016-05-23,4848.3
2016-05-20,4861.1
2016-05-19,4883.55
2016-05-18,4940.5
2016-05-17,4948.79
2016-05-16,4932.35
2016-05-13,4910.49
2016-05-12,4958.25
2016-05-11,4923.34
2016-05-10,4943.31
2016-05-09,4932.93
2016-05-06,4857.6
2016-05-05,4854.37
2016-05-04,4840.46
2016-05-03,4876.27
2016-05-02,4914.79
2016-04-29,4923.16
2016-04-28,4918.62
2016-04-27,4997.31
2016-04-26,4985.73
2016-04-25,4924.81
2016-04-22,4951.25
2016-04-21,4955.86
2016-04-20,4960.38
2016-04-18,4956.82
2016-04-13,4912.95
2016-04-12,4831.75
2016-04-11,4805.13
2016-04-08,4738.88
2016-04-07,4728.83
2016-04-06,4767.06
2016-04-05,4754.95
2016-04-04,4848.19
2016-04-01,4823.14
2016-03-31,4832.98
2016-03-30,4821.91
2016-03-29,4735.32
2016-03-28,4745.26
2016-03-23,4811.34
2016-03-22,4809.53
2016-03-21,4799.48
2016-03-18,4734.86
2016-03-17,4680.87
2016-03-16,4665.71
2016-03-15,4651.01
2016-03-14,4696.91
2016-03-11,4675.31
2016-03-10,4662.71
2016-03-09,4689.91
2016-03-08,4665.41
2016-03-04,4663.45
2016-03-03,4648.96
2016-03-02,4588.88
2016-03-01,4498.98
2016-02-29,4356.3
2016-02-26,4374.34
2016-02-25,4342.07
2016-02-24,4374.93
2016-02-23,4429.6
2016-02-22,4502.68
2016-02-19,4483.9
2016-02-18,4474.33
2016-02-17,4427.94
2016-02-16,4394.38
2016-02-15,4476.04
2016-02-12,4353.28
2016-02-11,4355.9
2016-02-10,4508.55
2016-02-09,4562.6
2016-02-08,4626.47
2016-02-05,4676.54
2016-02-04,4611.9
2016-02-03,4593.0
2016-02-02,4653.66
2016-02-01,4720.71
2016-01-29,4720.35
2016-01-28,4635.95
2016-01-27,4646.23
2016-01-25,4641.63
2016-01-22,4630.8
2016-01-21,4537.97
2016-01-20,4558.78
2016-01-19,4639.32
2016-01-18,4583.26
2016-01-15,4656.43
2016-01-14,4738.23
2016-01-13,4763.48
2016-01-12,4745.6
2016-01-11,4780.23
2016-01-08,4809.58
2016-01-07,4780.16
2016-01-06,4899.67
2016-01-05,4924.22
2016-01-04,4919.91
2016-01-01,5015.96
2015-12-31,4995.52
2015-12-30,4966.61
2015-12-29,4984.43
2015-12-28,4978.73
2015-12-24,4945.09
2015-12-23,4943.39
2015-12-22,4898.85
2015-12-21,4924.2
2015-12-18,4881.84
2015-12-17,4922.2
2015-12-16,4859.16
2015-12-15,4830.95
2015-12-14,4798.93
2015-12-11,4774.68
2015-12-10,4819.89
2015-12-09,4775.91
2015-12-08,4839.79
2015-12-07,4883.91
2015-12-04,4890.61
2015-12-03,4940.78
2015-12-02,4980.11
2015-12-01,4991.54
2015-11-30,4971.35
2015-11-27,4975.45
2015-11-26,4943.41
2015-11-24,4915.32
2015-11-23,4922.2
2015-11-20,4923.66
2015-11-19,4908.42
2015-11-18,4841.62
2015-11-17,4898.56
2015-11-16,4875.82
2015-11-13,4857.54
2015-11-11,4901.55
2015-11-10,4869.15
2015-11-09,4949.87
2015-11-06,4960.55
2015-11-05,4966.06
2015-11-04,5023.75
2015-11-03,5034.15
2015-11-02,5024.61
2015-10-30,5031.46
2015-10-29,5055.75
2015-10-28,5091.01
2015-10-27,5124.45
2015-10-26,5134.23
2015-10-23,5156.33
2015-10-21,5140.38
2015-10-20,5150.09
2015-10-19,5152.88
2015-10-16,5125.94
2015-10-15,5093.14
2015-10-14,5056.25
2015-10-13,5066.61
2015-10-12,5072.68
2015-10-09,5094.78
2015-10-08,5066.36
2015-10-07,5100.05
2015-10-06,5088.36
2015-10-05,5066.51
2015-10-01,4962.27
2015-09-30,4956.07
2015-09-29,4885.46
2015-09-28,4860.66
2015-09-24,4899.92
2015-09-23,4886.84
2015-09-22,4869.12
2015-09-21,4962.25
2015-09-18,4956.5
2015-09-16,4908.83
2015-09-15,4883.09
2015-09-14,4912.93
2015-09-11,4856.62
2015-09-10,4853.88
2015-09-09,4867.06
2015-09-08,4781.79
2015-09-07,4714.76
2015-09-04,4785.48
2015-09-03,4888.39
2015-09-02,4823.84
2015-09-01,4862.06
2015-08-31,4971.95
2015-08-28,4992.66
2015-08-27,4963.24
2015-08-26,4856.35
2015-08-25,4902.42
2015-08-24,4844.31
2015-08-21,5184.44
2015-08-20,5226.67
2015-08-19,5305.9
2015-08-18,5292.83
2015-08-17,5291.98
2015-08-14,5305.6
2015-08-13,5202.27
2015-08-12,5204.46
2015-08-11,5287.35
2015-08-10,5328.59
2015-08-07,5349.14
2015-08-06,5363.2
2015-08-05,5351.12
2015-08-04,5315.33
2015-08-03,5313.66
2015-07-31,5298.58
2015-07-30,5232.57
2015-07-29,5199.91
2015-07-28,5172.87
2015-07-27,5188.31
2015-07-24,5280.99
2015-07-23,5322.58
2015-07-22,5340.59
2015-07-21,5279.04
2015-07-20,5335.16
2015-07-17,5336.63
2015-07-16,5330.76
2015-07-15,5275.56
2015-07-14,5237.82
2015-07-13,5237.51
2015-07-10,5175.19
2015-07-09,5159.85
2015-07-08,5177.52
2015-07-07,5262.53
2015-07-06,5260.25
2015-07-03,5232.05
2015-07-02,5214.76
2015-07-01,5206.54
2015-06-30,5151.33
2015-06-29,5114.89
2015-06-26,5160.67
2015-06-25,5169.09
2015-06-24,5144.77
2015-06-23,5163.17
2015-06-22,5148.41
2015-06-19,5069.52
2015-06-18,5038.53
2015-06-17,4990.17
2015-06-16,4951.52
2015-06-15,4929.8
2015-06-12,4908.96
2015-06-11,4900.54
2015-06-10,4994.44
2015-06-09,4934.56
2015-06-08,4948.44
2015-06-05,4999.89
2015-06-04,5003.08
2015-06-03,4999.42
2015-06-02,5063.85
2015-06-01,5185.0
2015-05-29,5185.99
2015-05-28,5115.64
2015-05-27,5127.32
2015-05-26,5132.07
2015-05-25,5146.82
2015-05-22,5188.03
2015-05-21,5168.06
2015-05-20,5172.37
2015-05-19,5145.25
2015-05-18,5147.38
2015-05-15,5082.99
2015-05-14,5059.93
2015-05-13,5049.06
2015-05-12,4978.04
2015-05-11,5092.64
2015-05-08,5006.21
2015-05-07,4919.59
2015-05-06,4964.91
2015-05-05,5113.78
2015-05-04,5109.78
2015-04-30,5017.2
2015-04-29,5042.97
2015-04-28,5058.33
2015-04-27,5007.04
2015-04-24,5078.36
2015-04-23,5143.72
2015-04-22,5157.09
2015-04-21,5131.71
2015-04-20,5171.34
2015-04-17,5272.29
2015-04-16,5339.92
2015-04-15,5369.42
2015-04-13,5418.44
2015-04-10,5386.64
2015-04-09,5378.7
2015-04-08,5346.53
2015-04-07,5311.44
2015-04-06,5299.95
2015-04-01,5251.48
2015-03-31,5192.52
2015-03-30,5188.6
2015-03-27,5100.02
2015-03-26,5100.18
2015-03-25,5199.45
2015-03-24,5205.65
2015-03-23,5213.3
2015-03-20,5233.3
2015-03-19,5277.51
2015-03-18,5307.56
2015-03-17,5323.09
2015-03-16,5265.1
2015-03-13,5278.29
2015-03-12,5357.01
2015-03-11,5301.19
2015-03-10,5312.01
2015-03-09,5335.17
2015-03-05,5437.96
2015-03-04,5421.14
2015-03-03,5468.92
2015-03-02,5436.34
2015-02-28,5392.69
2015-02-27,5367.74
2015-02-26,5266.68
2015-02-25,5317.83
2015-02-24,5318.09
2015-02-23,5316.53
2015-02-20,5363.58
2015-02-19,5390.65
2015-02-18,5380.19
2015-02-16,5340.13
2015-02-13,5341.89
2015-02-12,5289.6
2015-02-11,5232.81
2015-02-10,5182.3
2015-02-09,5153.56
2015-02-06,5236.08
2015-02-05,5268.84
2015-02-04,5290.82
2015-02-03,5311.87
2015-02-02,5341.37
2015-01-30,5338.56
2015-01-29,5410.79
2015-01-28,5396.17
2015-01-27,5387.61
2015-01-23,5342.12
2015-01-22,5301.09
2015-01-21,5284.3
2015-01-20,5267.45
2015-01-19,5198.04
2015-01-16,5176.27
2015-01-15,5157.32
2015-01-14,5039.4
2015-01-13,5049.69
2015-01-12,5060.94
2015-01-09,5037.15
2015-01-08,5015.16
2015-01-07,4933.16
2015-01-06,4942.16
2015-01-05,5092.98
2015-01-02,5101.51
2015-01-01,5039.45
2014-12-31,5033.46
2014-12-30,5005.76
2014-12-29,4995.9
2014-12-26,4964.19
2014-12-24,4944.84
2014-12-23,4988.95
2014-12-22,5021.79
2014-12-19,4965.33
2014-12-18,4931.89
2014-12-17,4834.13
2014-12-16,4855.63
2014-12-15,4957.85
2014-12-12,4965.61
2014-12-11,5011.74
2014-12-10,5050.72
2014-12-09,5031.26
2014-12-08,5097.54
2014-12-05,5158.9
2014-12-04,5178.76
2014-12-03,5161.31
2014-12-02,5136.03
2014-12-01,5140.89
2014-11-28,5155.75
2014-11-27,5098.82
2014-11-26,5083.38
2014-11-25,5074.25
2014-11-24,5124.51
2014-11-21,5096.74
2014-11-20,5061.93
2014-11-19,5054.63
2014-11-18,5084.16
2014-11-17,5076.64
2014-11-14,5048.72
2014-11-13,5024.4
2014-11-12,5041.42
2014-11-11,5022.31
2014-11-10,5003.36
2014-11-07,4998.19
2014-11-05,4993.61
2014-11-03,4987.01
2014-10-31,4975.54
2014-10-30,4886.29
2014-10-29,4842.31
2014-10-28,4806.2
2014-10-27,4785.64
2014-10-23,4803.74
2014-10-22,4787.61
2014-10-21,4744.09
2014-10-20,4710.52
2014-10-17,4648.65
2014-10-16,4624.11
2014-10-14,4704.4
2014-10-13,4714.66
2014-10-10,4697.87
2014-10-09,4762.08
2014-10-08,4687.59
2014-10-07,4693.26
2014-10-01,4748.73
2014-09-30,4761.98
2014-09-29,4758.78
2014-09-26,4756.53
2014-09-25,4714.61
2014-09-24,4780.42
2014-09-23,4796.25
2014-09-22,4879.28
2014-09-19,4867.51
2014-09-18,4869.47
2014-09-17,4783.0
2014-09-16,4757.47
2014-09-15,4846.23
2014-09-12,4875.13
2014-09-11,4862.65
2014-09-10,4856.78
2014-09-09,4888.2
2014-09-08,4890.67
2014-09-05,4836.34
2014-09-04,4838.44
2014-09-03,4849.49
2014-09-02,4825.42
2014-09-01,4791.9
2014-08-28,4734.94
2014-08-27,4730.69
2014-08-26,4711.51
2014-08-25,4712.11
2014-08-22,4726.18
2014-08-21,4715.69
2014-08-20,4702.34
2014-08-19,4709.73
2014-08-18,4686.85
2014-08-14,4631.44
2014-08-13,4596.33
2014-08-12,4602.22
2014-08-11,4548.29
2014-08-08,4513.7
2014-08-07,4569.57
2014-08-06,4583.86
2014-08-05,4624.21
2014-08-04,4586.85
2014-08-01,4538.71
2014-07-31,4601.59
2014-07-30,4632.87
2014-07-28,4605.81
2014-07-25,4624.82
2014-07-24,4656.28
2014-07-23,4641.26
2014-07-22,4631.42
2014-07-21,4591.18
2014-07-18,4581.03
2014-07-17,4576.03
2014-07-16,4554.65
2014-07-15,4496.88
2014-07-14,4442.41
2014-07-11,4440.66
2014-07-10,4520.02
2014-07-09,4521.61
2014-07-08,4553.18
2014-07-07,4674.0
2014-07-04,4655.63
2014-07-03,4631.18
2014-07-02,4635.42
2014-07-01,4577.38
2014-06-30,4560.15
2014-06-27,4492.87
2014-06-26,4480.97
2014-06-25,4519.11
2014-06-24,4520.43
2014-06-23,4465.81
2014-06-20,4468.01
2014-06-19,4486.46
2014-06-18,4500.93
2014-06-17,4542.97
2014-06-16,4483.84
2014-06-13,4485.93
2014-06-12,4563.86
2014-06-11,4550.81
2014-06-10,4577.34
2014-06-09,4579.95
2014-06-06,4534.72
2014-06-05,4465.12
2014-06-04,4413.61
2014-06-03,4407.7
2014-06-02,4371.09
2014-05-30,4291.75
2014-05-29,4288.86
2014-05-28,4335.91
2014-05-27,4325.52
2014-05-26,4355.32
2014-05-23,4378.42
2014-05-22,4319.16
2014-05-21,4290.67
2014-05-20,4295.36
2014-05-19,4281.81
2014-05-16,4215.01
2014-05-15,4157.18
2014-05-14,4157.4
2014-05-13,4143.53
2014-05-12,4082.38
2014-05-09,4000.96
2014-05-08,3892.89
2014-05-07,3891.28
2014-05-06,3923.73
2014-05-05,3914.65
2014-05-02,3913.46
2014-04-30,3910.0
2014-04-29,3930.57
2014-04-28,3958.45
2014-04-25,3964.94
2014-04-23,3990.47
2014-04-22,3978.49
2014-04-21,3979.42
2014-04-17,3953.9
2014-04-16,3894.14
2014-04-15,3928.74
2014-04-11,3959.16
2014-04-10,3969.71
2014-04-09,3960.74
2014-04-07,3901.06
2014-04-04,3901.58
2014-04-03,3919.4
2014-04-02,3932.67
2014-04-01,3905.37
2014-03-31,3900.02
2014-03-28,3885.56
2014-03-27,3844.78
2014-03-26,3820.62
2014-03-25,3811.97
2014-03-24,3804.09
2014-03-22,3761.83
2014-03-21,3758.1
2014-03-20,3747.63
2014-03-19,3771.39
2014-03-18,3765.39
2014-03-14,3748.82
2014-03-13,3743.85
2014-03-12,3759.51
2014-03-11,3757.83
2014-03-10,3773.29
2014-03-07,3764.03
2014-03-06,3703.34
2014-03-05,3660.26
2014-03-04,3639.85
2014-03-03,3597.18
2014-02-28,3622.25
2014-02-26,3596.19
2014-02-25,3578.23
2014-02-24,3570.01
2014-02-21,3555.29
2014-02-20,3520.38
2014-02-19,3548.88
2014-02-18,3533.87
2014-02-17,3503.09
2014-02-14,3491.35
2014-02-13,3468.75
2014-02-12,3515.54
2014-02-11,3505.81
2014-02-10,3500.66
2014-02-07,3507.76
2014-02-06,3491.64
2014-02-05,3483.47
2014-02-04,3469.22
2014-02-03,3466.87
2014-01-31,3514.38
2014-01-30,3489.25
2014-01-29,3523.0
2014-01-28,3523.17
2014-01-27,3527.72
2014-01-24,3609.93
2014-01-23,3658.83
2014-01-22,3658.03
2014-01-21,3645.02
2014-01-20,3639.11
2014-01-17,3611.02
2014-01-16,3647.53
2014-01-15,3653.9
2014-01-14,3615.45
2014-01-13,3630.33
2014-01-10,3586.38
2014-01-09,3589.85
2014-01-08,3599.16
2014-01-07,3589.48
2014-01-06,3609.58
2014-01-03,3616.23
2014-01-02,3616.4
2014-01-01,3668.61
2013-12-31,3665.73
2013-12-30,3655.58
2013-12-27,3667.53
2013-12-26,3646.67
2013-12-24,3639.41
2013-12-23,3643.35
2013-12-20,3632.64
2013-12-19,3570.91
2013-12-18,3594.63
2013-12-17,3548.2
2013-12-16,3554.23
2013-12-13,3555.05
2013-12-12,3595.88
2013-12-11,3631.12
2013-12-10,3645.99
2013-12-09,3662.95
2013-12-06,3609.67
2013-12-05,3598.45
2013-12-04,3558.36
2013-12-03,3583.42
2013-12-02,3591.5
2013-11-29,3566.43
2013-11-28,3519.94
2013-11-27,3498.74
2013-11-26,3498.59
2013-11-25,3527.14
2013-11-22,3462.76
2013-11-21,3462.92
2013-11-20,3530.86
2013-11-19,3573.07
2013-11-18,3565.02
2013-11-14,3494.57
2013-11-13,3452.75
2013-11-12,3470.24
2013-11-11,3502.7
2013-11-08,3536.49
2013-11-07,3556.49
2013-11-06,3580.58
2013-11-05,3600.41
2013-11-03,3627.87
2013-11-01,3617.88
2013-10-31,3606.28
2013-10-30,3574.78
2013-10-29,3557.2
2013-10-28,3491.89
2013-10-25,3520.01
2013-10-24,3533.94
2013-10-23,3542.41
2013-10-22,3553.7
2013-10-21,3550.38
2013-10-18,3533.37
2013-10-17,3459.31
2013-10-15,3480.55
2013-10-14,3499.36
2013-10-11,3488.77
2013-10-10,3453.83
2013-10-09,3443.26
2013-10-08,3399.78
2013-10-07,3389.58
2013-10-04,3385.91
2013-10-03,3384.18
2013-10-01,3314.32
2013-09-30,3290.02
2013-09-27,3340.89
2013-09-26,3362.01
2013-09-25,3358.66
2013-09-24,3364.69
2013-09-23,3362.41
2013-09-20,3425.13
2013-09-19,3478.23
2013-09-18,3358.06
2013-09-17,3331.42
2013-09-16,3329.73
2013-09-13,3335.93
2013-09-12,3331.71
2013-09-11,3366.81
2013-09-10,3348.49
2013-09-06,3234.82
2013-09-05,3190.31
2013-09-04,3110.21
2013-09-03,3053.89
2013-09-02,3165.56
2013-08-30,3119.29
2013-08-29,3085.25
2013-08-28,3018.38
2013-08-27,3028.03
2013-08-26,3132.7
2013-08-23,3126.07
2013-08-22,3089.73
2013-08-21,3036.57
2013-08-20,3090.15
2013-08-19,3100.77
2013-08-16,3157.02
2013-08-14,3288.38
2013-08-13,3263.92
2013-08-12,3211.35
2013-08-08,3179.95
2013-08-07,3152.78
2013-08-06,3154.83
2013-08-05,3237.51
2013-08-02,3230.11
2013-08-01,3259.59
2013-07-31,3277.86
2013-07-30,3283.89
2013-07-29,3333.95
2013-07-26,3368.71
2013-07-25,3386.44
2013-07-24,3429.86
2013-07-23,3484.9
2013-07-22,3461.15
2013-07-19,3461.48
2013-07-18,3472.16
2013-07-17,3432.24
2013-07-16,3429.55
2013-07-15,3474.85
2013-07-12,3455.38
2013-07-11,3419.3
2013-07-10,3360.23
2013-07-09,3382.02
2013-07-08,3352.1
2013-07-05,3378.83
2013-07-04,3364.1
2013-07-03,3328.26
2013-07-02,3379.67
2013-07-01,3402.9
2013-06-28,3358.02
2013-06-27,3268.85
2013-06-26,3219.93
2013-06-25,3229.97
2013-06-24,3224.72
2013-06-21,3278.85
2013-06-20,3284.75
2013-06-19,3377.7
2013-06-18,3368.88
2013-06-17,3382.23
2013-06-14,3356.98
2013-06-13,3296.35
2013-06-12,3334.75
2013-06-11,3355.04
2013-06-10,3409.45
2013-06-07,3420.81
2013-06-06,3446.12
2013-06-05,3447.45
2013-06-04,3444.11
2013-06-03,3449.28
2013-05-31,3468.04
2013-05-30,3534.55
2013-05-29,3523.8
2013-05-28,3531.15
2013-05-27,3514.59
2013-05-24,3460.53
2013-05-23,3447.74
2013-05-22,3520.16
2013-05-21,3534.98
2013-05-20,3560.33
2013-05-17,3579.74
2013-05-16,3567.27
2013-05-15,3552.47
2013-05-14,3469.58
2013-05-13,3459.43
2013-05-11,3527.71
2013-05-10,3520.27
2013-05-09,3494.15
2013-05-08,3506.98
2013-05-07,3495.19
2013-05-06,3455.12
2013-05-03,3437.02
2013-05-02,3464.38
2013-04-30,3423.4
2013-04-29,3407.12
2013-04-26,3384.74
2013-04-25,3408.98
2013-04-23,3368.16
2013-04-22,3369.99
2013-04-18,3334.69
2013-04-17,3284.49
2013-04-16,3281.63
2013-04-15,3217.38
2013-04-12,3200.05
2013-04-11,3226.69
2013-04-10,3210.13
2013-04-09,3176.49
2013-04-08,3204.32
2013-04-05,3208.77
2013-04-04,3218.27
2013-04-03,3275.53
2013-04-02,3315.76
2013-04-01,3286.19
2013-03-28,3268.34
2013-03-26,3236.73
2013-03-25,3233.47
2013-03-22,3244.21
2013-03-21,3248.04
2013-03-20,3270.99
2013-03-19,3309.67
2013-03-18,3363.64
2013-03-15,3381.56
2013-03-14,3402.19
2013-03-13,3369.78
2013-03-12,3408.41
2013-03-11,3426.5
2013-03-08,3426.7
2013-03-07,3381.98
2013-03-06,3358.62
2013-03-05,3337.37
2013-03-04,3286.57
2013-03-01,3305.81
2013-02-28,3287.66
2013-02-27,3354.82
2013-02-26,3331.91
2013-02-25,3385.35
2013-02-22,3390.47
2013-02-21,3389.61
2013-02-20,3446.21
2013-02-19,3445.85
2013-02-18,3418.93
2013-02-15,3409.69
2013-02-14,3410.88
2013-02-13,3438.13
2013-02-12,3440.01
2013-02-11,3429.73
2013-02-08,3432.59
2013-02-07,3454.01
2013-02-06,3470.05
2013-02-05,3466.47
2013-02-04,3484.62
2013-02-01,3495.24
2013-01-31,3510.52
2013-01-30,3513.08
2013-01-29,3510.97
2013-01-28,3528.81
2013-01-25,3527.29
2013-01-24,3488.64
2013-01-23,3523.36
2013-01-22,3525.93
2013-01-21,3550.03
2013-01-18,3540.2
2013-01-17,3530.5
2013-01-16,3511.87
2013-01-15,3549.13
2013-01-14,3532.09
2013-01-11,3487.71
2013-01-10,3508.25
2013-01-09,3512.26
2013-01-08,3528.98
2013-01-07,3523.0
2013-01-04,3533.75
2013-01-03,3528.53
2013-01-02,3516.44
2013-01-01,3492.36
2012-12-31,3461.63
2012-12-28,3459.3
2012-12-27,3435.43
2012-12-26,3454.49
2012-12-24,3426.81
2012-12-21,3420.25
2012-12-20,3463.81
2012-12-19,3469.97
2012-12-18,3449.5
2012-12-17,3423.71
2012-12-14,3429.76
2012-12-13,3411.17
2012-12-12,3437.0
2012-12-11,3441.6
2012-12-10,3451.77
2012-12-07,3446.64
2012-12-06,3459.59
2012-12-05,3438.94
2012-12-04,3431.75
2012-12-03,3418.92
2012-11-30,3414.46
2012-11-29,3382.6
2012-11-27,3329.8
2012-11-26,3276.95
2012-11-23,3263.63
2012-11-22,3262.0
2012-11-21,3251.62
2012-11-20,3228.23
2012-11-19,3233.43
2012-11-16,3242.24
2012-11-15,3276.32
2012-11-13,3292.08
2012-11-12,3296.68
2012-11-09,3289.37
2012-11-08,3318.99
2012-11-07,3327.34
2012-11-06,3303.94
2012-11-05,3292.11
2012-11-02,3290.73
2012-11-01,3262.74
2012-10-31,3242.57
2012-10-30,3224.44
2012-10-29,3261.68
2012-10-26,3264.04
2012-10-25,3292.28
2012-10-23,3285.8
2012-10-22,3299.97
2012-10-19,3284.86
2012-10-18,3304.21
2012-10-17,3268.92
2012-10-16,3263.33
2012-10-15,3287.43
2012-10-12,3283.33
2012-10-11,3297.56
2012-10-10,3262.91
2012-10-09,3295.65
2012-10-08,3278.29
2012-10-05,3315.18
2012-10-04,3338.34
2012-10-03,3308.38
2012-10-01,3297.49
2012-09-28,3285.21
2012-09-27,3251.69
2012-09-26,3252.08
2012-09-25,3254.64
2012-09-24,3248.62
2012-09-21,3255.25
2012-09-20,3181.35
2012-09-18,3204.27
2012-09-17,3199.29
2012-09-14,3173.99
2012-09-13,3104.07
2012-09-12,3104.21
2012-09-11,3084.87
2012-09-10,3072.13
2012-09-08,3068.27
2012-09-07,3057.39
2012-09-06,3003.95
2012-09-05,2996.07
2012-09-04,3021.25
2012-09-03,3006.42
2012-08-31,3008.26
2012-08-30,3033.68
2012-08-29,3018.56
2012-08-28,3042.55
2012-08-27,3054.76
2012-08-24,3077.63
2012-08-23,3093.66
2012-08-22,3094.59
2012-08-21,3101.19
2012-08-17,3075.02
2012-08-16,3074.27
2012-08-14,3083.41
2012-08-13,3066.2
2012-08-10,3046.8
2012-08-09,3048.86
2012-08-08,3057.04
2012-08-07,3059.92
2012-08-06,3033.69
2012-08-03,3000.46
2012-08-02,3007.87
2012-08-01,3010.3
2012-07-31,3000.05
2012-07-30,2984.25
2012-07-27,2926.5
2012-07-26,2905.05
2012-07-25,2946.45
2012-07-24,2958.14
2012-07-23,2950.26
2012-07-20,2999.42
2012-07-19,3016.89
2012-07-18,3003.61
2012-07-17,2989.95
2012-07-16,2996.71
2012-07-13,3012.07
2012-07-12,3018.15
2012-07-11,3052.25
2012-07-10,3071.09
2012-07-09,3032.01
2012-07-06,3060.3
2012-07-05,3069.1
2012-07-04,3052.1
2012-07-03,3040.8
2012-07-02,3029.89
2012-06-29,3024.28
2012-06-28,2953.08
2012-06-27,2946.98
2012-06-26,2934.6
2012-06-25,2928.02
2012-06-22,2943.24
2012-06-21,2949.88
2012-06-20,2922.29
2012-06-19,2907.38
2012-06-18,2887.92
2012-06-15,2930.32
2012-06-14,2887.26
2012-06-13,2924.36
2012-06-12,2921.62
2012-06-11,2888.29
2012-06-08,2894.99
2012-06-07,2884.03
2012-06-06,2854.34
2012-06-05,2781.45
2012-06-04,2772.72
2012-06-01,2772.56
2012-05-31,2818.15
2012-05-30,2822.67
2012-05-29,2849.59
2012-05-28,2849.07
2012-05-25,2811.09
2012-05-24,2807.4
2012-05-23,2761.28
2012-05-22,2776.3
2012-05-21,2802.59
2012-05-18,2791.97
2012-05-17,2784.2
2012-05-16,2778.79
2012-05-15,2824.28
2012-05-14,2805.12
2012-05-11,2819.41
2012-05-10,2841.91
2012-05-09,2845.8
2012-05-08,2865.51
2012-05-07,2927.32
2012-05-04,2909.83
2012-05-03,2966.41
2012-05-02,2996.82
2012-04-30,3001.92
2012-04-28,2979.33
2012-04-27,2967.65
2012-04-26,2969.16
2012-04-25,2978.87
2012-04-24,2991.48
2012-04-23,2984.01
2012-04-20,3035.86
2012-04-19,3060.49
2012-04-18,3047.45
2012-04-17,3041.18
2012-04-16,3007.4
2012-04-13,2995.57
2012-04-12,3031.32
2012-04-11,3003.83
2012-04-10,3016.07
2012-04-09,3013.2
2012-04-04,3063.68
2012-04-03,3079.8
2012-04-02,3054.35
2012-03-30,3038.29
2012-03-29,2968.29
2012-03-28,2972.13
2012-03-27,3000.86
2012-03-26,2971.26
2012-03-23,3024.1
2012-03-22,2996.42
2012-03-21,3075.1
2012-03-20,3020.22
2012-03-19,3005.9
2012-03-16,3042.73
2012-03-15,3079.23
2012-03-14,3128.98
2012-03-13,3108.14
2012-03-12,3070.3
2012-03-09,3051.15
2012-03-07,2983.3
2012-03-06,2985.43
2012-03-05,3017.53
2012-03-03,3062.76
2012-03-02,3062.62
2012-03-01,3054.06
2012-02-29,3077.82
2012-02-28,3067.28
2012-02-27,3000.79
2012-02-24,3087.37
2012-02-23,3116.54
2012-02-22,3128.78
2012-02-21,3204.18
2012-02-17,3179.46
2012-02-16,3156.75
2012-02-15,3155.5
2012-02-14,3087.73
2012-02-13,3070.49
2012-02-10,3065.43
2012-02-09,3077.79
2012-02-08,3049.6
2012-02-07,3026.13
2012-02-06,3046.49
2012-02-03,3019.44
2012-02-02,2988.78
2012-02-01,2968.73
2012-01-31,2943.94
2012-01-30,2878.74
2012-01-27,2944.13
2012-01-25,2919.86
2012-01-24,2895.76
2012-01-23,2846.93
2012-01-20,2846.96
2012-01-19,2829.82
2012-01-18,2793.15
2012-01-17,2805.07
2012-01-16,2755.89
2012-01-13,2751.03
2012-01-12,2730.81
2012-01-11,2737.97
2012-01-10,2725.82
2012-01-09,2664.79
2012-01-07,2663.3
2012-01-06,2663.49
2012-01-05,2663.01
2012-01-04,2662.01
2012-01-03,2667.92
2012-01-02,2595.26
2011-12-30,2590.51
2011-12-29,2599.49
2011-12-28,2627.84
2011-12-27,2653.72
2011-12-26,2671.5
2011-12-23,2638.83
2011-12-22,2651.23
2011-12-21,2626.96
2011-12-20,2553.24
2011-12-19,2596.52
2011-12-16,2625.22
2011-12-15,2677.76
2011-12-14,2687.44
2011-12-13,2709.42
2011-12-12,2695.23
2011-12-09,2753.83
2011-12-08,2793.71
2011-12-07,2858.35
2011-12-05,2847.85
2011-12-02,2851.33
2011-12-01,2787.76
2011-11-30,2736.15
2011-11-29,2728.01
2011-11-28,2754.89
2011-11-25,2681.21
2011-11-24,2700.32
2011-11-23,2668.31
2011-11-22,2726.74
2011-11-21,2709.23
2011-11-18,2776.23
2011-11-17,2793.29
2011-11-16,2845.74
2011-11-15,2867.91
2011-11-14,2921.82
2011-11-11,2938.58
2011-11-09,2971.17
2011-11-08,3011.66
2011-11-04,3010.35
2011-11-03,2995.02
2011-11-02,2988.1
2011-11-01,2987.34
2011-10-31,3022.3
2011-10-28,3033.75
2011-10-26,2949.07
2011-10-25,2938.72
2011-10-24,2895.04
2011-10-21,2876.27
2011-10-20,2900.92
2011-10-19,2926.85
2011-10-18,2874.56
2011-10-17,2919.64
2011-10-14,2925.56
2011-10-13,2901.35
2011-10-12,2909.98
2011-10-11,2844.56
2011-10-10,2842.33
2011-10-07,2793.84
2011-10-05,2724.79
2011-10-04,2739.36
2011-10-03,2784.41
2011-09-30,2839.84
2011-09-29,2876.78
2011-09-28,2847.49
2011-09-27,2863.87
2011-09-26,2792.63
2011-09-23,2817.49
2011-09-22,2847.63
2011-09-21,2963.39
2011-09-20,2960.03
2011-09-19,2906.24
2011-09-16,2931.83
2011-09-15,2926.91
2011-09-14,2891.1
2011-09-13,2857.02
2011-09-12,2860.29
2011-09-09,2924.65
2011-09-08,2974.75
2011-09-07,2960.86
2011-09-06,2922.59
2011-09-05,2900.42
2011-09-02,2907.24
2011-08-30,2882.75
2011-08-29,2837.98
2011-08-26,2744.73
2011-08-25,2800.45
2011-08-24,2828.62
2011-08-23,2860.0
2011-08-22,2831.99
2011-08-19,2800.02
2011-08-18,2850.61
2011-08-17,2914.02
2011-08-16,2909.07
2011-08-12,2936.48
2011-08-11,2970.21
2011-08-10,2982.63
2011-08-09,2929.04
2011-08-08,2957.73
2011-08-05,3007.56
2011-08-04,3073.09
2011-08-03,3108.96
2011-08-02,3134.56
2011-08-01,3168.58
2011-07-29,3154.7
2011-07-28,3169.17
2011-07-27,3202.86
2011-07-26,3214.57
2011-07-25,3269.31
2011-07-22,3244.2
2011-07-21,3193.83
2011-07-20,3210.62
2011-07-19,3241.19
2011-07-18,3219.37
2011-07-15,3223.8
2011-07-14,3232.0
2011-07-13,3217.9
2011-07-12,3182.97
2011-07-11,3230.36
2011-07-08,3254.1
2011-07-07,3292.74
2011-07-06,3238.48
2011-07-05,3240.55
2011-07-04,3250.29
2011-07-01,3230.48
2011-06-30,3233.66
2011-06-29,3210.7
2011-06-28,3182.49
2011-06-27,3172.29
2011-06-24,3137.31
2011-06-23,3056.74
2011-06-22,3038.7
2011-06-21,3042.87
2011-06-20,3038.22
2011-06-17,3102.59
2011-06-16,3121.23
2011-06-15,3147.85
2011-06-14,3175.61
2011-06-13,3164.34
2011-06-10,3163.59
2011-06-09,3178.85
2011-06-08,3182.42
2011-06-07,3194.79
2011-06-06,3177.64
2011-06-03,3171.85
2011-06-02,3190.05
2011-06-01,3212.67
2011-05-31,3194.88
2011-05-30,3144.1
2011-05-27,3137.28
2011-05-26,3098.58
2011-05-25,3068.49
2011-05-24,3090.21
2011-05-23,3082.92
2011-05-20,3135.41
2011-05-19,3105.57
2011-05-18,3106.72
2011-05-17,3120.5
2011-05-16,3149.86
2011-05-13,3173.93
2011-05-12,3140.57
2011-05-11,3180.44
2011-05-10,3164.8
2011-05-09,3169.29
2011-05-06,3167.22
2011-05-05,3115.68
2011-05-04,3156.4
2011-05-03,3172.81
2011-05-02,3246.45
2011-04-29,3275.7
2011-04-28,3299.84
2011-04-27,3327.4
2011-04-26,3340.27
2011-04-25,3343.16
2011-04-21,3345.89
2011-04-20,3332.65
2011-04-19,3276.55
2011-04-18,3270.88
2011-04-15,3321.5
2011-04-13,3360.99
2011-04-11,3295.85
2011-04-08,3326.07
2011-04-07,3355.88
2011-04-06,3352.29
2011-04-05,3358.02
2011-04-04,3348.68
2011-04-01,3302.61
2011-03-31,3297.63
2011-03-30,3277.0
2011-03-29,3243.03
2011-03-28,3219.44
2011-03-25,3201.05
2011-03-24,3137.23
2011-03-23,3113.43
2011-03-22,3079.17
2011-03-21,3051.62
2011-03-18,3058.17
2011-03-17,3094.24
2011-03-16,3123.06
2011-03-15,3087.48
2011-03-14,3133.42
2011-03-11,3091.28
2011-03-10,3119.05
2011-03-09,3136.05
2011-03-08,3127.23
2011-03-07,3095.58
2011-03-04,3136.66
2011-03-03,3133.97
2011-03-01,3126.5
2011-02-28,3022.68
2011-02-25,3007.79
2011-02-24,2987.57
2011-02-23,3085.5
2011-02-22,3103.47
2011-02-21,3132.37
2011-02-18,3103.55
2011-02-17,3155.58
2011-02-16,3119.47
2011-02-15,3115.41
2011-02-14,3102.18
2011-02-11,3014.67
2011-02-10,2962.42
2011-02-09,2971.98
2011-02-08,3020.75
2011-02-07,3072.94
2011-02-04,3077.18
2011-02-03,3142.32
2011-02-02,3093.29
2011-02-01,3085.7
2011-01-31,3137.97
2011-01-28,3138.43
2011-01-27,3198.31
2011-01-25,3252.29
2011-01-24,3280.69
2011-01-21,3253.91
2011-01-20,3258.71
2011-01-19,3248.14
2011-01-18,3259.22
2011-01-17,3226.07
2011-01-14,3233.8
2011-01-13,3287.6
2011-01-12,3339.19
2011-01-11,3279.04
2011-01-10,3285.49
2011-01-07,3366.84
2011-01-06,3447.34
2011-01-05,3472.87
2011-01-04,3511.5
2011-01-03,3519.48
2010-12-31,3503.92
2010-12-30,3479.84
2010-12-29,3456.88
2010-12-28,3423.33
2010-12-27,3424.65
2010-12-24,3434.68
2010-12-23,3421.06
2010-12-22,3426.08
2010-12-21,3432.65
2010-12-20,3403.15
2010-12-16,3404.2
2010-12-15,3379.53
2010-12-14,3414.25
2010-12-13,3386.18
2010-12-10,3351.06
2010-12-09,3299.92
2010-12-08,3391.51
2010-12-07,3438.12
2010-12-06,3452.83
2010-12-03,3458.17
2010-12-02,3482.58
2010-12-01,3455.11
2010-11-30,3390.93
2010-11-29,3360.77
2010-11-26,3316.73
2010-11-25,3357.57
2010-11-24,3410.25
2010-11-23,3452.89
2010-11-22,3494.03
2010-11-19,3431.09
2010-11-18,3493.58
2010-11-16,3488.85
2010-11-15,3563.1
2010-11-12,3539.12
2010-11-11,3613.46
2010-11-10,3662.22
2010-11-09,3673.14
2010-11-08,3656.86
2010-11-05,3673.78
2010-11-04,3656.59
2010-11-03,3597.02
2010-11-02,3575.24
2010-11-01,3569.61
2010-10-29,3511.29
2010-10-28,3500.38
2010-10-27,3518.71
2010-10-26,3551.33
2010-10-25,3563.97
2010-10-22,3545.37
2010-10-21,3558.88
2010-10-20,3490.53
2010-10-19,3512.12
2010-10-18,3532.45
2010-10-15,3527.41
2010-10-14,3591.19
2010-10-13,3618.4
2010-10-12,3549.4
2010-10-11,3577.63
2010-10-08,3557.0
2010-10-07,3569.0
2010-10-06,3601.48
2010-10-05,3573.05
2010-10-04,3573.24
2010-10-01,3558.75
2010-09-30,3494.15
2010-09-29,3484.53
2010-09-28,3504.58
2010-09-27,3505.73
2010-09-24,3495.38
2010-09-23,3462.62
2010-09-22,3477.75
2010-09-21,3490.44
2010-09-20,3484.89
2010-09-17,3438.01
2010-09-16,3400.94
2010-09-15,3425.11
2010-09-14,3397.01
2010-09-13,3386.02
2010-09-09,3324.47
2010-09-08,3304.92
2010-09-07,3302.83
2010-09-06,3290.59
2010-09-03,3237.12
2010-09-02,3231.82
2010-09-01,3222.18
2010-08-31,3170.85
2010-08-30,3180.95
2010-08-27,3177.94
2010-08-26,3216.3
2010-08-25,3210.07
2010-08-24,3240.23
2010-08-23,3262.01
2010-08-20,3251.1
2010-08-19,3255.32
2010-08-18,3220.92
2010-08-17,3186.01
2010-08-16,3183.59
2010-08-13,3199.59
2010-08-12,3176.68
2010-08-11,3175.27
2010-08-10,3198.1
2010-08-09,3211.99
2010-08-06,3182.12
2010-08-05,3185.28
2010-08-04,3193.1
2010-08-03,3182.36
2010-08-02,3174.03
2010-07-30,3137.3
2010-07-29,3153.96
2010-07-28,3148.55
2010-07-27,3161.68
2010-07-26,3154.49
2010-07-23,3174.31
2010-07-22,3174.78
2010-07-21,3154.09
2010-07-20,3137.01
2010-07-19,3148.12
2010-07-16,3148.18
2010-07-15,3136.53
2010-07-14,3140.88
2010-07-13,3148.16
2010-07-12,3136.83
2010-07-09,3122.64
2010-07-08,3095.02
2010-07-07,3062.51
2010-07-06,3084.28
2010-07-05,3056.26
2010-07-02,3054.33
2010-07-01,3062.24
2010-06-30,3089.02
2010-06-29,3060.9
2010-06-28,3097.51
2010-06-25,3059.81
2010-06-24,3085.86
2010-06-23,3085.31
2010-06-22,3077.29
2010-06-21,3094.56
2010-06-18,3045.19
2010-06-17,3054.09
2010-06-16,3036.93
2010-06-15,3030.88
2010-06-14,3011.28
2010-06-11,2974.94
2010-06-10,2956.96
2010-06-09,2913.37
2010-06-08,2897.11
2010-06-07,2918.65
2010-06-04,2973.63
2010-06-03,2963.0
2010-06-02,2913.97
2010-06-01,2885.59
2010-05-31,2947.92
2010-05-28,2919.64
2010-05-27,2877.27
2010-05-26,2834.79
2010-05-25,2780.92
2010-05-24,2861.95
2010-05-21,2857.94
2010-05-20,2877.12
2010-05-19,2865.03
2010-05-18,2949.53
2010-05-17,2946.6
2010-05-14,2960.72
2010-05-13,3004.43
2010-05-12,2984.6
2010-05-11,2971.54
2010-05-10,3005.51
2010-05-07,2911.43
2010-05-06,2961.3
2010-05-05,2972.8
2010-05-04,2977.13
2010-05-03,3020.88
2010-04-30,3040.04
2010-04-29,3019.27
2010-04-28,3004.56
2010-04-27,3048.2
2010-04-26,3052.14
2010-04-23,3041.46
2010-04-22,3033.36
2010-04-21,3023.77
2010-04-20,3008.01
2010-04-19,2989.29
2010-04-16,3023.99
2010-04-15,3036.1
2010-04-13,3054.08
2010-04-12,3060.85
2010-04-09,3073.7
2010-04-08,3054.6
2010-04-07,3086.75
2010-04-06,3076.59
2010-04-05,3072.22
2010-04-01,3031.22
2010-03-31,3010.95
2010-03-30,3011.39
2010-03-29,3019.49
2010-03-26,3013.4
2010-03-25,2999.29
2010-03-23,2994.42
2010-03-22,2988.68
2010-03-19,3020.69
2010-03-18,3008.81
2010-03-17,3005.54
2010-03-16,2984.64
2010-03-15,2957.17
2010-03-12,2969.29
2010-03-11,2968.5
2010-03-10,2968.36
2010-03-09,2967.07
2010-03-08,2991.39
2010-03-05,2980.86
2010-03-04,2976.86
2010-03-03,2969.67
2010-03-02,2929.05
2010-02-26,2885.63
2010-02-25,2846.92
2010-02-24,2852.5
2010-02-23,2858.15
2010-02-22,2859.44
2010-02-19,2864.22
2010-02-18,2893.18
2010-02-17,2911.45
2010-02-16,2885.74
2010-02-15,2857.85
2010-02-11,2877.21
2010-02-10,2845.91
2010-02-09,2864.61
2010-02-08,2837.31
2010-02-06,2836.45
2010-02-05,2808.13
2010-02-04,2887.69
2010-02-03,2937.9
2010-02-02,2884.11
2010-02-01,2925.18
2010-01-29,2898.51
2010-01-28,2888.19
2010-01-27,2878.93
2010-01-25,2982.68
2010-01-22,3004.04
2010-01-21,3026.3
2010-01-20,3103.71
2010-01-19,3115.33
2010-01-18,3137.85
2010-01-15,3117.12
2010-01-14,3106.55
2010-01-13,3083.79
2010-01-12,3067.75
2010-01-11,3096.67
2010-01-08,3080.12
2010-01-07,3084.76
2010-01-06,3095.34
2010-01-05,3091.25
2010-01-04,3056.24
2009-12-31,3030.53
2009-12-30,3014.77
2009-12-29,3019.55
2009-12-24,3013.74
2009-12-23,2996.25
2009-12-22,2918.77
2009-12-21,2890.84
2009-12-18,2905.34
2009-12-17,2932.42
2009-12-16,2925.64
2009-12-15,2923.42
2009-12-14,2964.26
2009-12-11,2971.96
2009-12-10,2981.87
2009-12-09,2969.56
2009-12-08,2981.73
2009-12-07,2942.51
2009-12-04,2970.5
2009-12-03,2977.01
2009-12-02,2961.53
2009-12-01,2957.92
2009-11-30,2908.62
2009-11-27,2854.96
2009-11-26,2890.53
2009-11-25,2935.67
2009-11-24,2931.63
2009-11-23,2934.22
2009-11-20,2910.64
2009-11-19,2883.06
2009-11-18,2921.1
2009-11-17,2919.68
2009-11-16,2920.33
2009-11-13,2885.8
2009-11-12,2863.49
2009-11-11,2897.92
2009-11-10,2828.76
2009-11-09,2822.58
2009-11-06,2768.09
2009-11-05,2734.86
2009-11-04,2690.12
2009-11-03,2613.04
2009-10-30,2699.68
2009-10-29,2720.8
2009-10-28,2768.11
2009-10-27,2776.08
2009-10-26,2848.57
2009-10-23,2874.16
2009-10-22,2864.89
2009-10-21,2908.73
2009-10-20,2938.02
2009-10-17,2948.15
2009-10-16,2941.2
2009-10-15,2920.08
2009-10-14,2916.18
2009-10-12,2875.15
2009-10-09,2824.66
2009-10-08,2845.74
2009-10-07,2833.95
2009-10-06,2838.64
2009-10-05,2837.26
2009-10-01,2888.36
2009-09-30,2887.64
2009-09-29,2854.82
2009-09-25,2832.56
2009-09-24,2834.23
2009-09-23,2826.14
2009-09-22,2854.17
2009-09-18,2837.36
2009-09-17,2821.88
2009-09-16,2819.86
2009-09-15,2786.42
2009-09-14,2740.8
2009-09-11,2744.48
2009-09-10,2748.69
2009-09-09,2751.12
2009-09-08,2753.77
2009-09-07,2748.73
2009-09-04,2689.0
2009-09-03,2650.38
2009-09-02,2654.03
2009-09-01,2663.79
2009-08-31,2689.37
2009-08-28,2708.78
2009-08-27,2685.45
2009-08-26,2678.32
2009-08-25,2662.06
2009-08-24,2652.39
2009-08-21,2598.5
2009-08-20,2562.42
2009-08-19,2530.78
2009-08-18,2573.72
2009-08-17,2531.33
2009-08-14,2633.29
2009-08-13,2639.78
2009-08-12,2557.7
2009-08-11,2563.65
2009-08-10,2547.57
2009-08-07,2573.48
2009-08-06,2629.48
2009-08-05,2690.06
2009-08-04,2675.8
2009-08-03,2689.64
2009-07-31,2647.1
2009-07-30,2616.03
2009-07-29,2590.13
2009-07-28,2619.55
2009-07-27,2608.68
2009-07-24,2597.0
2009-07-23,2567.53
2009-07-22,2509.6
2009-07-21,2537.04
2009-07-20,2558.59
2009-07-17,2495.88
2009-07-16,2424.81
2009-07-15,2420.1
2009-07-14,2333.61
2009-07-13,2253.59
2009-07-10,2283.27
2009-07-09,2326.69
2009-07-08,2317.45
2009-07-07,2378.03
2009-07-06,2370.55
2009-07-03,2508.5
2009-07-02,2478.6
2009-07-01,2461.42
2009-06-30,2436.28
2009-06-29,2496.96
2009-06-26,2473.2
2009-06-25,2408.86
2009-06-24,2434.33
2009-06-23,2402.5
2009-06-22,2392.21
2009-06-19,2429.57
2009-06-18,2396.87
2009-06-17,2460.21
2009-06-16,2556.21
2009-06-15,2524.25
2009-06-12,2574.04
2009-06-11,2604.45
2009-06-10,2619.03
2009-06-09,2565.11
2009-06-08,2494.55
2009-06-05,2596.51
2009-06-04,2594.32
2009-06-03,2558.06
2009-06-02,2549.51
2009-06-01,2560.69
2009-05-29,2510.54
2009-05-28,2445.67
2009-05-27,2412.04
2009-05-26,2318.31
2009-05-25,2381.1
2009-05-22,2352.46
2009-05-21,2335.64
2009-05-20,2349.21
2009-05-19,2335.12
2009-05-18,2326.34
2009-05-15,1992.65
2009-05-14,1958.13
2009-05-13,1967.9
2009-05-12,1986.88
2009-05-11,1931.09
2009-05-08,1964.75
2009-05-07,1991.39
2009-05-06,1955.15
2009-05-05,1977.04
2009-05-04,1964.0
2009-04-29,1874.5
2009-04-28,1820.63
2009-04-27,1882.02
2009-04-24,1892.19
2009-04-23,1860.84
2009-04-22,1816.1
2009-04-21,1834.76
2009-04-20,1842.0
2009-04-17,1836.72
2009-04-16,1823.15
2009-04-15,1890.98
2009-04-13,1826.73
2009-04-09,1791.12
2009-04-08,1786.03
2009-04-06,1741.48
2009-04-02,1711.3
2009-04-01,1636.23
2009-03-31,1615.6
2009-03-30,1591.4
2009-03-27,1653.45
2009-03-26,1633.4
2009-03-25,1591.15
2009-03-24,1568.41
2009-03-23,1573.03
2009-03-20,1507.45
2009-03-19,1512.07
2009-03-18,1505.55
2009-03-17,1483.77
2009-03-16,1491.96
2009-03-13,1456.51
2009-03-12,1405.73
2009-03-09,1385.81
2009-03-06,1410.97
2009-03-05,1396.02
2009-03-04,1429.05
2009-03-03,1420.63
2009-03-02,1446.93
2009-02-27,1490.43
2009-02-26,1497.43
2009-02-25,1490.03
2009-02-24,1477.36
2009-02-20,1483.89
2009-02-19,1512.55
2009-02-18,1506.57
2009-02-17,1505.13
2009-02-16,1545.02
2009-02-13,1595.84
2009-02-12,1568.62
2009-02-11,1580.88
2009-02-10,1584.93
2009-02-09,1576.63
2009-02-06,1535.96
2009-02-05,1504.69
2009-02-04,1516.54
2009-02-03,1508.86
2009-02-02,1505.7
2009-01-30,1554.45
2009-01-29,1526.62
2009-01-28,1537.03
2009-01-27,1494.23
2009-01-23,1453.27
2009-01-22,1476.38
2009-01-21,1479.29
2009-01-20,1524.65
2009-01-19,1546.71
2009-01-16,1536.64
2009-01-15,1494.9
2009-01-14,1543.53
2009-01-13,1497.7
2009-01-12,1514.33
2009-01-09,1561.66
2009-01-07,1593.14
2009-01-06,1699.03
2009-01-05,1701.94
2009-01-02,1663.28
2009-01-01,1650.73
2008-12-31,1605.06
2008-12-30,1612.35
2008-12-29,1581.31
2008-12-26,1546.25
2008-12-24,1577.19
2008-12-23,1598.82
2008-12-22,1637.12
2008-12-19,1655.8
2008-12-18,1640.47
2008-12-17,1584.44
2008-12-16,1632.78
2008-12-15,1594.23
2008-12-12,1557.16
2008-12-11,1552.69
2008-12-10,1549.42
2008-12-08,1482.02
2008-12-05,1453.2
2008-12-04,1489.8
2008-12-03,1424.46
2008-12-02,1416.42
2008-12-01,1429.53
2008-11-28,1461.5
2008-11-26,1459.49
2008-11-25,1421.76
2008-11-24,1446.55
2008-11-21,1441.02
2008-11-20,1382.53
2008-11-19,1429.65
2008-11-18,1456.21
2008-11-17,1514.15
2008-11-14,1532.16
2008-11-12,1556.94
2008-11-11,1601.73
2008-11-10,1699.97
2008-11-07,1608.35
2008-11-06,1567.16
2008-11-05,1618.28
2008-11-04,1683.36
2008-11-03,1626.06
2008-10-31,1543.59
2008-10-29,1452.0
2008-10-28,1448.83
2008-10-27,1364.7
2008-10-24,1407.03
2008-10-23,1585.75
2008-10-22,1651.33
2008-10-21,1733.6
2008-10-20,1675.96
2008-10-17,1656.8
2008-10-16,1747.64
2008-10-15,1775.89
2008-10-14,1869.17
2008-10-13,1848.56
2008-10-10,1742.97
2008-10-08,1872.58
2008-10-07,1937.23
2008-10-06,1948.46
2008-10-03,2070.04
2008-10-01,2140.71
2008-09-30,2123.46
2008-09-29,2087.88
2008-09-26,2168.16
2008-09-25,2236.3
2008-09-24,2260.68
2008-09-23,2244.8
2008-09-22,2291.26
2008-09-19,2299.74
2008-09-18,2195.51
2008-09-17,2192.33
2008-09-16,2234.13
2008-09-15,2243.37
2008-09-12,2337.63
2008-09-11,2375.22
2008-09-10,2428.59
2008-09-09,2466.45
2008-09-08,2475.98
2008-09-05,2415.41
2008-09-04,2468.05
2008-09-02,2493.6
2008-09-01,2414.31
2008-08-29,2416.72
2008-08-28,2337.13
2008-08-27,2378.52
2008-08-26,2402.89
2008-08-25,2402.57
2008-08-22,2400.82
2008-08-21,2383.15
2008-08-20,2455.94
2008-08-19,2426.9
2008-08-18,2443.21
2008-08-14,2467.13
2008-08-13,2526.37
2008-08-12,2538.66
2008-08-11,2573.18
2008-08-08,2519.9
2008-08-07,2511.89
2008-08-06,2512.07
2008-08-05,2516.06
2008-08-04,2460.04
2008-08-01,2449.57
2008-07-31,2398.94
2008-07-30,2387.64
2008-07-29,2313.86
2008-07-28,2393.33
2008-07-25,2378.14
2008-07-24,2427.09
2008-07-23,2441.98
2008-07-22,2303.76
2008-07-21,2252.85
2008-07-18,2225.74
2008-07-17,2152.22
2008-07-16,2089.36
2008-07-15,2118.24
2008-07-14,2214.45
2008-07-11,2218.44
2008-07-10,2282.94
2008-07-09,2276.56
2008-07-08,2181.26
2008-07-07,2193.38
2008-07-04,2180.29
2008-07-03,2130.75
2008-07-02,2220.4
2008-07-01,2120.21
2008-06-30,2208.92
2008-06-27,2269.56
2008-06-26,2361.54
2008-06-25,2340.99
2008-06-24,2307.47
2008-06-23,2349.44
2008-06-20,2411.55
2008-06-19,2499.01
2008-06-18,2545.77
2008-06-17,2583.58
2008-06-16,2532.74
2008-06-13,2503.2
2008-06-12,2512.84
2008-06-11,2503.16
2008-06-10,2462.77
2008-06-09,2491.74
2008-06-06,2568.2
2008-06-05,2596.43
2008-06-04,2554.35
2008-06-03,2632.84
2008-06-02,2643.98
2008-05-30,2717.14
2008-05-29,2702.03
2008-05-28,2738.63
2008-05-27,2705.48
2008-05-26,2718.14
2008-05-23,2783.46
2008-05-22,2827.29
2008-05-21,2880.27
2008-05-20,2868.92
2008-05-16,2897.82
2008-05-15,2870.25
2008-05-14,2815.72
2008-05-13,2785.8
2008-05-12,2808.32
2008-05-09,2801.55
2008-05-08,2866.95
2008-05-07,2897.85
2008-05-06,2907.41
2008-05-05,2941.0
2008-05-02,2949.76
2008-04-30,2908.53
2008-04-29,2918.48
2008-04-28,2863.06
2008-04-25,2868.02
2008-04-24,2814.03
2008-04-23,2828.01
2008-04-22,2839.13
2008-04-21,2825.25
2008-04-17,2775.75
2008-04-16,2730.17
2008-04-15,2717.31
2008-04-11,2663.18
2008-04-10,2639.16
2008-04-09,2646.07
2008-04-08,2622.11
2008-04-07,2640.61
2008-04-04,2581.07
2008-04-03,2646.23
2008-04-02,2638.87
2008-04-01,2626.74
2008-03-31,2628.75
2008-03-28,2734.49
2008-03-27,2658.47
2008-03-26,2663.01
2008-03-25,2675.28
2008-03-24,2518.84
2008-03-19,2518.84
2008-03-18,2506.49
2008-03-17,2504.72
2008-03-14,2659.88
2008-03-13,2593.38
2008-03-12,2751.84
2008-03-11,2759.05
2008-03-10,2693.51
2008-03-07,2681.03
2008-03-05,2779.91
2008-03-04,2766.22
2008-03-03,2830.59
2008-02-29,2986.23
2008-02-28,3013.5
2008-02-27,3017.47
2008-02-26,3014.88
2008-02-25,2975.23
2008-02-22,2937.44
2008-02-21,2981.08
2008-02-20,2960.66
2008-02-19,3034.43
2008-02-18,3031.51
2008-02-15,3041.86
2008-02-14,2981.11
2008-02-13,2817.51
2008-02-12,2773.17
2008-02-11,2791.12
2008-02-08,2950.16
2008-02-07,2975.7
2008-02-06,3082.42
2008-02-05,3164.61
2008-02-04,3141.86
2008-02-01,3045.19
2008-01-31,2969.68
2008-01-30,2997.18
2008-01-29,3072.03
2008-01-28,3075.2
2008-01-25,3124.86
2008-01-24,2916.21
2008-01-23,3020.15
2008-01-22,2821.44
2008-01-21,3021.53
2008-01-18,3369.38
2008-01-17,3524.52
2008-01-16,3537.54
2008-01-15,3617.24
2008-01-14,3689.71
2008-01-11,3663.08
2008-01-10,3640.7
2008-01-09,3730.56
2008-01-08,3736.04
2008-01-07,3755.72
2008-01-04,3756.46
2008-01-03,3709.54
2008-01-02,3701.59
2008-01-01,3666.3
2007-12-31,3655.32
2007-12-28,3612.01
2007-12-27,3586.38
2007-12-26,3585.75
2007-12-24,3516.01
2007-12-20,3403.39
2007-12-19,3402.52
2007-12-18,3401.59
2007-12-17,3412.99
2007-12-14,3580.89
2007-12-13,3580.6
2007-12-12,3619.32
2007-12-11,3571.73
2007-12-10,3507.44
2007-12-07,3502.88
2007-12-06,3497.01
2007-12-05,3496.41
2007-12-04,3444.35
2007-12-03,3427.18
2007-11-30,3358.16
2007-11-29,3268.25
2007-11-28,3268.99
2007-11-27,3307.72
2007-11-26,3315.46
2007-11-23,3242.64
2007-11-22,3184.35
2007-11-21,3211.91
2007-11-20,3358.63
2007-11-19,3431.08
2007-11-16,3406.08
2007-11-15,3398.93
2007-11-14,3389.76
2007-11-13,3260.86
2007-11-12,3208.17
2007-11-09,3233.67
2007-11-08,3247.56
2007-11-07,3288.09
2007-11-06,3291.59
2007-11-05,3321.82
2007-11-02,3348.31
2007-11-01,3308.94
2007-10-31,3335.72
2007-10-30,3308.64
2007-10-29,3311.91
2007-10-26,3213.83
2007-10-25,3138.56
2007-10-24,3103.12
2007-10-23,3082.77
2007-10-22,2919.58
2007-10-19,2929.27
2007-10-18,3017.0
2007-10-17,3129.14
2007-10-16,3199.61
2007-10-15,3190.0
2007-10-12,3068.97
2007-10-11,3121.5
2007-10-10,3072.7
2007-10-09,3009.42
2007-10-08,2885.45
2007-10-05,2958.12
2007-10-04,2981.17
2007-10-03,2976.2
2007-10-01,2909.77
2007-09-28,2873.2
2007-09-27,2846.29
2007-09-26,2827.9
2007-09-25,2823.39
2007-09-24,2820.83
2007-09-21,2768.15
2007-09-20,2728.33
2007-09-19,2709.99
2007-09-18,2620.24
2007-09-17,2591.76
2007-09-14,2599.33
2007-09-13,2614.01
2007-09-12,2590.88
2007-09-11,2590.97
2007-09-10,2590.42
2007-09-07,2583.13
2007-09-06,2589.03
2007-09-05,2565.28
2007-09-04,2565.04
2007-09-03,2559.98
2007-08-31,2534.74
2007-08-30,2496.73
2007-08-29,2475.93
2007-08-28,2458.22
2007-08-27,2442.8
2007-08-24,2374.86
2007-08-23,2334.95
2007-08-22,2354.56
2007-08-21,2322.35
2007-08-20,2401.03
2007-08-17,2350.12
2007-08-16,2390.87
2007-08-14,2498.17
2007-08-13,2496.83
2007-08-10,2475.45
2007-08-09,2513.88
2007-08-08,2552.66
2007-08-07,2496.34
2007-08-06,2481.49
2007-08-03,2514.95
2007-08-02,2482.73
2007-08-01,2472.36
2007-07-31,2579.78
2007-07-30,2527.42
2007-07-27,2528.49
2007-07-26,2624.97
2007-07-25,2612.18
2007-07-24,2631.44
2007-07-23,2632.59
2007-07-20,2602.77
2007-07-19,2601.4
2007-07-18,2571.39
2007-07-17,2571.43
2007-07-16,2581.72
2007-07-13,2573.11
2007-07-12,2547.07
2007-07-11,2509.27
2007-07-10,2510.89
2007-07-09,2518.73
2007-07-06,2497.81
2007-07-05,2484.85
2007-07-04,2495.05
2007-07-03,2493.86
2007-07-02,2469.64
2007-06-29,2464.9
2007-06-28,2438.22
2007-06-27,2429.84
2007-06-26,2441.76
2007-06-25,2425.69
2007-06-22,2422.0
2007-06-21,2425.67
2007-06-20,2412.36
2007-06-19,2389.66
2007-06-18,2352.22
2007-06-15,2365.56
2007-06-14,2364.26
2007-06-13,2326.67
2007-06-12,2344.24
2007-06-11,2345.64
2007-06-08,2345.38
2007-06-07,2365.91
2007-06-06,2376.03
2007-06-05,2424.41
2007-06-04,2413.45
2007-06-01,2427.58
2007-05-31,2419.87
2007-05-30,2399.49
2007-05-29,2426.47
2007-05-28,2409.32
2007-05-25,2397.18
2007-05-24,2377.83
2007-05-23,2392.28
2007-05-22,2410.05
2007-05-21,2400.98
2007-05-18,2378.12
2007-05-17,2381.33
2007-05-16,2350.5
2007-05-15,2320.2
2007-05-14,2322.39
2007-05-11,2289.53
2007-05-10,2281.46
2007-05-09,2288.36
2007-05-08,2282.41
2007-05-07,2302.85
2007-05-04,2308.94
2007-05-03,2322.06
2007-04-30,2289.27
2007-04-27,2279.97
2007-04-26,2320.19
2007-04-25,2315.39
2007-04-24,2300.24
2007-04-23,2270.05
2007-04-20,2268.68
2007-04-19,2227.93
2007-04-18,2234.66
2007-04-17,2219.74
2007-04-16,2233.43
2007-04-13,2185.21
2007-04-12,2142.21
2007-04-11,2157.56
2007-04-10,2150.62
2007-04-09,2145.1
2007-04-05,2096.02
2007-04-04,2084.59
2007-04-03,2060.06
2007-04-02,2033.35
2007-03-30,2129.13
2007-03-29,2111.95
2007-03-28,2097.25
2007-03-26,2128.41
2007-03-23,2146.98
2007-03-22,2149.67
2007-03-21,2097.26
2007-03-20,2066.54
2007-03-19,2052.27
2007-03-16,2017.62
2007-03-15,2034.85
2007-03-14,2028.87
2007-03-13,2092.25
2007-03-12,2069.0
2007-03-09,2056.74
2007-03-08,2074.6
2007-03-07,2002.51
2007-03-06,2024.63
2007-03-05,1992.23
2007-03-02,2080.15
2007-03-01,2119.63
2007-02-28,2091.51
2007-02-27,2171.22
2007-02-26,2185.97
2007-02-23,2183.62
2007-02-22,2237.61
2007-02-21,2266.62
2007-02-20,2272.68
2007-02-19,2299.36
2007-02-15,2292.07
2007-02-14,2238.27
2007-02-13,2238.92
2007-02-12,2247.65
2007-02-09,2321.07
2007-02-08,2346.93
2007-02-07,2347.04
2007-02-06,2332.85
2007-02-05,2337.13
2007-02-02,2324.97
2007-02-01,2303.19
2007-01-31,2275.25
2007-01-29,2296.74
2007-01-25,2301.95
2007-01-24,2271.96
2007-01-23,2257.58
2007-01-22,2283.26
2007-01-19,2279.06
2007-01-18,2291.08
2007-01-17,2278.06
2007-01-16,2269.93
2007-01-15,2269.13
2007-01-12,2253.41
2007-01-11,2199.36
2007-01-10,2151.4
2007-01-09,2184.45
2007-01-08,2199.77
2007-01-05,2227.72
2007-01-04,2230.34
2007-01-03,2242.01
2007-01-02,2230.33
2006-12-29,2207.83
2006-12-28,2203.74
2006-12-27,2204.81
2006-12-26,2182.92
2006-12-22,2146.07
2006-12-21,2124.97
2006-12-20,2116.96
2006-12-19,2127.01
2006-12-18,2177.59
2006-12-15,2162.5
2006-12-14,2140.16
2006-12-13,2090.9
2006-12-12,2052.59
2006-12-11,2135.4
2006-12-08,2203.48
2006-12-07,2227.35
2006-12-06,2223.92
2006-12-05,2231.2
2006-12-04,2225.85
2006-12-01,2217.78
2006-11-30,2191.74
2006-11-29,2187.46
2006-11-28,2184.23
2006-11-27,2212.18
2006-11-24,2202.43
2006-11-23,2193.59
2006-11-22,2190.98
2006-11-21,2171.59
2006-11-20,2135.76
2006-11-17,2141.03
2006-11-16,2156.71
2006-11-15,2155.26
2006-11-14,2148.91
2006-11-13,2146.37
2006-11-10,2126.99
2006-11-09,2106.51
2006-11-08,2096.9
2006-11-07,2113.47
2006-11-06,2118.04
2006-11-03,2110.59
2006-11-02,2103.15
2006-11-01,2088.97
2006-10-31,2078.38
2006-10-30,2089.0
2006-10-27,2074.96
2006-10-26,2042.09
2006-10-23,2031.04
2006-10-21,2045.38
2006-10-20,2037.86
2006-10-19,2034.19
2006-10-18,2051.26
2006-10-17,2053.04
2006-10-16,2060.94
2006-10-13,2043.21
2006-10-12,2020.65
2006-10-11,1989.16
2006-10-10,2001.87
2006-10-09,1999.11
2006-10-06,1999.7
2006-10-05,1994.18
2006-10-04,1964.9
2006-10-03,1989.84
2006-09-29,1992.65
2006-09-28,1978.24
2006-09-27,1977.58
2006-09-26,1969.13
2006-09-25,1947.14
2006-09-22,1957.37
2006-09-21,1963.68
2006-09-20,1939.79
2006-09-19,1917.35
2006-09-18,1939.22
2006-09-15,1931.85
2006-09-14,1929.38
2006-09-13,1918.21
2006-09-12,1879.16
2006-09-11,1861.65
2006-09-08,1921.37
2006-09-07,1909.69
2006-09-06,1920.54
2006-09-05,1911.83
2006-09-04,1907.94
2006-09-01,1882.81
2006-08-31,1869.07
2006-08-30,1880.45
2006-08-29,1879.88
2006-08-28,1865.95
2006-08-25,1857.1
2006-08-24,1845.5
2006-08-23,1827.47
2006-08-22,1844.21
2006-08-21,1847.28
2006-08-18,1839.79
2006-08-17,1835.87
2006-08-16,1840.1
2006-08-14,1814.63
2006-08-11,1790.49
2006-08-10,1779.6
2006-08-09,1768.12
2006-08-08,1744.22
2006-08-07,1713.79
2006-08-04,1722.34
2006-08-03,1731.0
2006-08-02,1726.27
2006-08-01,1704.19
2006-07-31,1705.84
2006-07-28,1694.87
2006-07-27,1698.4
2006-07-26,1675.63
2006-07-25,1639.38
2006-07-24,1604.64
2006-07-21,1590.28
2006-07-20,1633.0
2006-07-19,1589.66
2006-07-18,1627.21
2006-07-17,1640.53
2006-07-14,1701.24
2006-07-13,1722.1
2006-07-12,1733.43
2006-07-11,1700.54
2006-07-10,1710.8
2006-07-07,1681.93
2006-07-06,1720.79
2006-07-05,1737.08
2006-07-04,1706.82
2006-07-03,1709.27
2006-06-30,1698.83
2006-06-29,1632.27
2006-06-28,1626.7
2006-06-27,1628.86
2006-06-26,1618.28
2006-06-25,1681.96
2006-06-23,1676.49
2006-06-22,1658.35
2006-06-21,1618.84
2006-06-20,1584.86
2006-06-19,1606.78
2006-06-16,1586.47
2006-06-15,1529.16
2006-06-14,1436.73
2006-06-13,1459.45
2006-06-12,1529.72
2006-06-09,1573.97
2006-06-08,1488.98
2006-06-07,1574.72
2006-06-06,1638.5
2006-06-05,1685.53
2006-06-02,1723.55
2006-06-01,1672.62
2006-05-31,1728.56
2006-05-30,1785.68
2006-05-29,1797.77
2006-05-26,1792.12
2006-05-25,1765.68
2006-05-24,1747.68
2006-05-23,1783.57
2006-05-22,1716.79
2006-05-19,1817.82
2006-05-18,1897.88
2006-05-17,2035.07
2006-05-16,1977.68
2006-05-15,1971.88
2006-05-12,2055.03
2006-05-11,2080.82
2006-05-10,2108.32
2006-05-09,2090.1
2006-05-08,2080.3
2006-05-05,2066.94
2006-05-04,2058.57
2006-05-03,2052.48
2006-05-02,2037.67
2006-04-29,2013.45
2006-04-28,1981.64
2006-04-27,1974.21
2006-04-26,1993.88
2006-04-25,1946.87
2006-04-24,1990.03
2006-04-21,1998.53
2006-04-20,2001.2
2006-04-19,1987.88
2006-04-18,1979.59
2006-04-17,1937.26
2006-04-13,1896.55
2006-04-12,1921.93
2006-04-10,1969.92
2006-04-07,1958.56
2006-04-05,1987.77
2006-04-04,1969.44
2006-04-03,1958.74
2006-03-31,1917.98
2006-03-30,1913.73
2006-03-29,1887.94
2006-03-28,1874.75
2006-03-27,1878.26
2006-03-24,1858.8
2006-03-23,1841.31
2006-03-22,1837.4
2006-03-21,1850.15
2006-03-20,1852.29
2006-03-17,1837.18
2006-03-16,1835.76
2006-03-14,1823.17
2006-03-13,1828.79
2006-03-10,1819.27
2006-03-09,1793.79
2006-03-08,1785.51
2006-03-07,1821.09
2006-03-06,1818.11
2006-03-03,1793.6
2006-03-02,1792.68
2006-03-01,1776.76
2006-02-28,1749.96
2006-02-27,1751.37
2006-02-24,1741.69
2006-02-23,1738.41
2006-02-22,1735.1
2006-02-21,1724.15
2006-02-20,1709.81
2006-02-17,1704.71
2006-02-16,1728.79
2006-02-15,1725.14
2006-02-14,1720.99
2006-02-13,1731.8
2006-02-10,1722.96
2006-02-08,1711.65
2006-02-07,1713.28
2006-02-06,1701.15
2006-02-03,1675.17
2006-02-02,1681.91
2006-02-01,1682.9
2006-01-31,1698.71
2006-01-30,1687.64
2006-01-27,1697.66
2006-01-25,1671.0
2006-01-24,1658.54
2006-01-23,1649.1
2006-01-20,1657.28
2006-01-19,1642.23
2006-01-18,1609.92
2006-01-17,1621.64
2006-01-16,1628.85
2006-01-13,1639.95
2006-01-12,1639.85
2006-01-10,1647.37
2006-01-09,1666.74
2006-01-06,1665.56
2006-01-05,1657.3
2006-01-04,1655.21
2006-01-03,1640.93
2006-01-02,1616.18
2005-12-30,1614.7
2005-12-29,1602.82
2005-12-28,1591.12
2005-12-27,1593.29
2005-12-26,1558.86
2005-12-23,1590.82
2005-12-22,1609.7
2005-12-21,1603.47
2005-12-20,1604.96
2005-12-19,1608.37
2005-12-16,1589.81
2005-12-15,1573.17
2005-12-14,1589.29
2005-12-13,1590.22
2005-12-12,1572.39
2005-12-09,1561.32
2005-12-08,1538.11
2005-12-07,1531.26
2005-12-06,1517.12
2005-12-05,1518.3
2005-12-02,1536.51
2005-12-01,1535.38
2005-11-30,1510.87
2005-11-29,1532.19
2005-11-28,1538.75
2005-11-26,1522.29
2005-11-25,1508.54
2005-11-24,1490.99
2005-11-23,1478.25
2005-11-22,1463.86
2005-11-21,1478.47
2005-11-18,1487.13
2005-11-17,1480.57
2005-11-16,1470.91
2005-11-14,1458.82
2005-11-11,1454.39
2005-11-10,1425.78
2005-11-09,1418.57
2005-11-08,1422.96
2005-11-07,1402.34
2005-11-02,1379.34
2005-11-01,1364.05
2005-10-31,1354.1
2005-10-28,1323.33
2005-10-27,1342.32
2005-10-26,1373.31
2005-10-25,1380.52
2005-10-24,1368.88
2005-10-21,1388.58
2005-10-20,1365.74
2005-10-19,1377.67
2005-10-18,1410.49
2005-10-17,1420.42
2005-10-14,1424.6
2005-10-13,1453.38
2005-10-11,1479.01
2005-10-10,1470.57
2005-10-07,1477.05
2005-10-06,1481.27
2005-10-05,1510.18
2005-10-04,1519.96
2005-10-03,1501.53
2005-09-30,1485.34
2005-09-29,1489.64
2005-09-28,1487.03
2005-09-27,1473.11
2005-09-26,1464.34
2005-09-23,1418.91
2005-09-22,1414.64
2005-09-21,1472.33
2005-09-20,1481.75
2005-09-19,1478.98
2005-09-16,1467.91
2005-09-15,1453.58
2005-09-14,1437.74
2005-09-13,1442.92
2005-09-12,1433.1
2005-09-09,1416.06
2005-09-08,1415.44
2005-09-06,1401.78
2005-09-05,1399.14
2005-09-02,1394.91
2005-09-01,1389.38
2005-08-31,1375.82
2005-08-30,1366.21
2005-08-29,1348.46
2005-08-26,1357.39
2005-08-25,1348.68
2005-08-24,1333.96
2005-08-23,1339.86
2005-08-22,1363.33
2005-08-19,1371.88
2005-08-18,1374.72
2005-08-17,1381.38
2005-08-16,1364.85
2005-08-12,1359.49
2005-08-11,1367.12
2005-08-10,1355.87
2005-08-09,1333.38
2005-08-08,1336.41
2005-08-05,1356.58
2005-08-04,1356.31
2005-08-03,1349.75
2005-08-02,1349.91
2005-08-01,1328.4
2005-07-29,1320.15
2005-07-27,1326.68
2005-07-26,1319.58
2005-07-25,1318.36
2005-07-22,1304.18
2005-07-21,1285.64
2005-07-20,1292.1
2005-07-19,1286.78
2005-07-18,1283.31
2005-07-15,1269.18
2005-07-14,1255.45
2005-07-13,1261.9
2005-07-12,1266.69
2005-07-11,1264.52
2005-07-08,1251.54
2005-07-07,1238.26
2005-07-06,1262.28
2005-07-05,1248.5
2005-07-04,1258.75
2005-07-01,1245.61
2005-06-30,1242.68
2005-06-29,1232.8
2005-06-28,1220.3
2005-06-27,1237.31
2005-06-24,1235.14
2005-06-23,1229.71
2005-06-22,1228.52
2005-06-21,1220.94
2005-06-20,1209.75
2005-06-17,1203.22
2005-06-16,1206.84
2005-06-15,1212.93
2005-06-14,1205.4
2005-06-13,1201.01
2005-06-10,1195.6
2005-06-09,1203.41
2005-06-08,1207.15
2005-06-07,1200.13
2005-06-06,1194.18
2005-06-04,1193.32
2005-06-03,1192.6
2005-06-02,1178.13
2005-06-01,1189.18
2005-05-31,1187.59
2005-05-30,1177.54
2005-05-27,1180.12
2005-05-26,1177.84
2005-05-25,1166.37
2005-05-24,1159.45
2005-05-23,1152.13
2005-05-20,1140.88
2005-05-19,1140.12
2005-05-18,1134.24
2005-05-17,1138.49
2005-05-16,1150.77
2005-05-13,1139.46
2005-05-12,1141.04
2005-05-11,1135.14
2005-05-10,1139.8
2005-05-09,1143.18
2005-05-06,1130.12
2005-05-05,1122.97
2005-05-04,1109.55
2005-05-03,1096.86
2005-05-02,1095.08
2005-04-29,1089.58
2005-04-28,1109.86
2005-04-27,1111.31
2005-04-26,1122.87
2005-04-25,1128.51
2005-04-22,1125.02
2005-04-21,1115.48
2005-04-20,1102.7
2005-04-19,1094.07
2005-04-18,1103.8
2005-04-15,1117.44
2005-04-13,1152.08
2005-04-12,1151.83
2005-04-11,1142.6
2005-04-08,1155.03
2005-04-07,1165.81
2005-04-06,1172.33
2005-04-05,1162.65
2005-04-04,1170.33
2005-04-01,1171.5
2005-03-31,1151.69
2005-03-30,1128.16
2005-03-29,1120.67
2005-03-28,1145.35
2005-03-24,1137.36
2005-03-23,1143.84
2005-03-22,1161.67
2005-03-21,1184.54
2005-03-18,1190.85
2005-03-17,1188.69
2005-03-16,1204.14
2005-03-15,1205.1
2005-03-14,1212.95
2005-03-11,1218.36
2005-03-10,1224.28
2005-03-09,1220.26
2005-03-08,1226.84
2005-03-07,1221.1
2005-03-04,1213.71
2005-03-03,1202.17
2005-03-02,1183.46
2005-03-01,1175.33
2005-02-28,1186.0
2005-02-25,1165.17
2005-02-24,1163.14
2005-02-23,1163.43
2005-02-22,1162.74
2005-02-21,1154.62
2005-02-18,1162.51
2005-02-17,1165.01
2005-02-16,1169.22
2005-02-15,1179.34
2005-02-14,1185.26
2005-02-11,1177.5
2005-02-10,1167.94
2005-02-09,1169.52
2005-02-08,1159.79
2005-02-07,1158.41
2005-02-04,1166.73
2005-02-03,1168.14
2005-02-02,1152.5
2005-02-01,1152.74
2005-01-31,1148.59
2005-01-28,1124.58
2005-01-27,1098.03
2005-01-25,1085.47
2005-01-24,1072.94
2005-01-20,1082.75
2005-01-19,1087.44
2005-01-18,1092.83
2005-01-17,1090.92
2005-01-14,1092.71
2005-01-13,1104.06
2005-01-12,1080.13
2005-01-11,1107.11
2005-01-10,1127.91
2005-01-07,1142.17
2005-01-06,1131.9
2005-01-05,1150.11
2005-01-04,1190.28
2005-01-03,1193.02
2004-12-31,1174.14
2004-12-30,1159.95
2004-12-29,1165.04
2004-12-28,1167.33
2004-12-27,1156.54
2004-12-24,1154.09
2004-12-23,1146.03
2004-12-22,1138.08
2004-12-21,1142.71
2004-12-20,1131.87
2004-12-17,1121.97
2004-12-16,1129.46
2004-12-15,1125.69
2004-12-14,1115.57
2004-12-13,1102.31
2004-12-10,1093.65
2004-12-09,1103.47
2004-12-08,1096.81
2004-12-07,1102.87
2004-12-06,1102.35
2004-12-03,1103.32
2004-12-02,1104.29
2004-12-01,1080.27
2004-11-30,1076.43
2004-11-29,1070.53
2004-11-25,1051.32
2004-11-24,1052.09
2004-11-23,1046.03
2004-11-22,1033.99
2004-11-19,1033.24
2004-11-18,1044.27
2004-11-17,1040.68
2004-11-16,1033.15
2004-11-12,1029.75
2004-11-11,1027.18
2004-11-10,1031.08
2004-11-09,1021.07
2004-11-08,1024.67
2004-11-05,1020.87
2004-11-04,1011.07
2004-11-03,1010.48
2004-11-02,996.62
2004-11-01,986.59
2004-10-29,981.05
2004-10-28,987.24
2004-10-27,979.35
2004-10-26,975.19
2004-10-25,964.2
2004-10-21,979.04
2004-10-20,983.78
2004-10-19,993.24
2004-10-18,981.93
2004-10-15,986.49
2004-10-14,985.95
2004-10-12,982.04
2004-10-11,996.33
2004-10-09,1003.67
2004-10-08,1002.89
2004-10-07,1000.38
2004-10-06,992.16
2004-10-05,1000.54
2004-10-04,994.39
2004-10-01,979.35
2004-09-30,966.06
2004-09-29,957.85
2004-09-28,944.61
2004-09-27,953.34
2004-09-24,954.43
2004-09-23,954.48
2004-09-22,967.78
2004-09-21,963.41
2004-09-20,952.25
2004-09-17,953.78
2004-09-16,940.66
2004-09-15,928.18
2004-09-14,929.69
2004-09-13,925.15
2004-09-10,921.42
2004-09-09,911.8
2004-09-08,917.38
2004-09-07,913.28
2004-09-06,909.39
2004-09-03,902.67
2004-09-02,899.11
2004-09-01,900.35
2004-08-31,896.92
2004-08-30,894.57
2004-08-27,882.63
2004-08-26,880.04
2004-08-25,869.73
2004-08-24,866.35
2004-08-23,858.79
2004-08-20,865.36
2004-08-19,873.86
2004-08-18,861.35
2004-08-17,871.42
2004-08-16,867.9
2004-08-13,869.24
2004-08-12,870.98
2004-08-11,878.61
2004-08-10,894.73
2004-08-09,890.11
2004-08-06,886.57
2004-08-05,898.06
2004-08-04,882.97
2004-08-03,883.72
2004-08-02,887.73
2004-07-30,882.01
2004-07-29,874.95
2004-07-28,861.38
2004-07-27,864.85
2004-07-26,874.67
2004-07-23,865.64
2004-07-22,863.75
2004-07-21,854.13
2004-07-20,845.94
2004-07-19,848.88
2004-07-16,841.69
2004-07-15,828.87
2004-07-14,818.61
2004-07-13,825.35
2004-07-12,832.58
2004-07-09,828.75
2004-07-08,812.01
2004-07-07,838.59
2004-07-06,834.37
2004-07-05,820.37
2004-07-02,826.99
2004-07-01,826.53
2004-06-30,811.39
2004-06-29,816.58
2004-06-28,813.22
2004-06-25,796.94
2004-06-24,784.85
2004-06-23,774.74
2004-06-22,791.8
2004-06-21,796.66
2004-06-18,802.56
2004-06-17,812.42
2004-06-16,805.06
2004-06-15,808.03
2004-06-14,797.83
2004-06-11,815.24
2004-06-10,833.73
2004-06-09,834.26
2004-06-08,832.62
2004-06-07,827.63
2004-06-04,816.58
2004-06-03,804.57
2004-06-02,823.98
2004-06-01,808.97
2004-05-31,794.56
2004-05-28,814.05
2004-05-27,856.11
2004-05-26,864.52
2004-05-25,864.21
2004-05-24,865.56
2004-05-21,842.89
2004-05-20,838.51
2004-05-19,846.89
2004-05-18,805.25
2004-05-17,744.94
2004-05-14,848.5
2004-05-13,930.42
2004-05-12,931.95
2004-05-11,924.77
2004-05-10,968.11
2004-05-07,987.18
2004-05-06,1001.04
2004-05-05,985.77
2004-05-04,976.79
2004-05-03,959.5
2004-04-30,977.27
2004-04-29,984.8
2004-04-28,985.61
2004-04-27,987.8
2004-04-23,1031.49
2004-04-22,1029.41
2004-04-21,1017.66
2004-04-20,1000.76
2004-04-19,1001.6
2004-04-17,1017.26
2004-04-16,1015.36
2004-04-15,1010.62
2004-04-13,1012.98
2004-04-12,992.55
2004-04-08,996.09
2004-04-07,986.42
2004-04-06,987.0
2004-04-05,991.26
2004-04-02,984.5
2004-04-01,970.0
2004-03-31,948.57
2004-03-30,937.98
2004-03-29,940.12
2004-03-26,930.64
2004-03-25,909.85
2004-03-24,902.47
2004-03-23,901.99
2004-03-22,901.12
2004-03-19,924.0
2004-03-18,920.96
2004-03-17,935.66
2004-03-16,930.51
2004-03-15,933.78
2004-03-12,959.56
2004-03-11,960.12
2004-03-10,978.53
2004-03-09,988.01
2004-03-08,999.08
2004-03-05,979.62
2004-03-04,961.66
2004-03-03,966.67
2004-03-01,964.44
2004-02-27,936.79
2004-02-26,921.13
2004-02-25,928.09
2004-02-24,948.22
2004-02-23,945.06
2004-02-20,969.93
2004-02-19,973.81
2004-02-18,1001.13
2004-02-17,996.56
2004-02-16,995.26
2004-02-13,994.24
2004-02-12,980.21
2004-02-11,980.65
2004-02-10,973.1
2004-02-09,973.19
2004-02-06,950.53
2004-02-05,930.14
2004-02-04,935.82
2004-02-03,907.62
2004-01-30,941.3
2004-01-29,964.04
2004-01-28,972.39
2004-01-27,997.14
2004-01-23,962.52
2004-01-22,916.8
2004-01-21,943.55
2004-01-20,994.01
2004-01-19,1014.11
2004-01-16,998.45
2004-01-15,1025.82
2004-01-14,1041.26
2004-01-13,1033.31
2004-01-12,1030.54
2004-01-09,1047.12
2004-01-08,1047.63
2004-01-07,1013.46
2004-01-06,1017.52
2004-01-05,1035.53
2004-01-02,1030.19
2004-01-01,1000.0
