Date,NIFTY_SMALLCAP250_MOMENTUM_QUALITY_100
2024-07-26,69995.18
2024-07-25,69225.4
2024-07-24,69647.91
2024-07-23,68287.65
2024-07-22,69047.83
2024-07-19,68173.76
2024-07-18,70049.22
2024-07-16,71148.22
2024-07-15,71080.92
2024-07-12,70562.91
2024-07-11,70715.24
2024-07-10,70066.56
2024-07-09,70809.26
2024-07-08,70941.29
2024-07-05,70721.74
2024-07-04,70056.84
2024-07-03,69187.03
2024-07-02,68210.74
2024-07-01,68374.51
2024-06-28,67327.06
2024-06-27,66761.2
2024-06-26,66997.78
2024-06-25,67070.52
2024-06-24,66901.3
2024-06-21,67112.75
2024-06-20,67186.2
2024-06-19,66858.73
2024-06-18,67313.12
2024-06-14,66699.7
2024-06-13,66206.08
2024-06-12,65481.07
2024-06-11,64772.71
2024-06-10,64570.23
2024-06-07,63616.71
2024-06-06,62084.26
2024-06-05,60006.8
2024-06-04,58002.62
2024-06-03,62436.03
2024-05-31,61244.15
2024-05-30,61175.18
2024-05-29,62118.93
2024-05-28,62109.76
2024-05-27,62697.4
2024-05-24,62352.32
2024-05-23,62225.5
2024-05-22,61876.05
2024-05-21,62006.37
2024-05-18,62348.76
2024-05-17,61817.76
2024-05-16,61146.54
2024-05-15,60621.83
2024-05-14,60139.57
2024-05-13,58899.58
2024-05-10,59193.64
2024-05-09,58907.4
2024-05-08,60523.33
2024-05-07,60377.4
2024-05-06,61428.27
2024-05-03,62287.12
2024-05-02,62609.5
2024-04-30,62497.93
2024-04-29,62532.98
2024-04-26,62778.92
2024-04-25,62483.19
2024-04-24,61807.38
2024-04-23,61389.11
2024-04-22,60345.09
2024-04-19,59632.08
2024-04-18,59769.35
2024-04-16,59979.57
2024-04-15,59789.07
2024-04-12,60769.78
2024-04-10,60832.08
2024-04-09,60475.85
2024-04-08,60331.91
2024-04-05,60318.49
2024-04-04,59999.39
2024-04-03,59631.76
2024-04-02,58839.21
2024-04-01,58278.19
2024-03-28,56391.03
2024-03-27,56263.82
2024-03-26,55870.57
2024-03-22,55463.35
2024-03-21,55117.69
2024-03-20,53853.31
2024-03-19,53763.39
2024-03-18,54427.62
2024-03-15,54722.24
2024-03-14,54564.03
2024-03-13,52685.29
2024-03-12,55831.37
2024-03-11,56890.4
2024-03-07,57974.41
2024-03-06,57638.53
2024-03-05,58805.71
2024-03-04,59205.84
2024-03-02,59436.46
2024-03-01,58968.17
2024-02-29,58427.16
2024-02-28,58255.88
2024-02-27,59468.53
2024-02-26,59216.19
2024-02-23,59189.25
2024-02-22,58827.78
2024-02-21,58366.69
2024-02-20,59000.84
2024-02-19,59247.88
2024-02-16,58719.2
2024-02-15,58278.93
2024-02-14,57723.99
2024-02-13,57194.16
2024-02-12,56870.56
2024-02-09,59103.99
2024-02-08,59858.94
2024-02-07,60191.44
2024-02-06,60033.52
2024-02-05,59309.3
2024-02-02,59292.82
2024-02-01,58769.98
2024-01-31,58785.64
2024-01-30,57699.85
2024-01-29,57612.77
2024-01-25,56781.5
2024-01-24,56474.47
2024-01-23,55380.61
2024-01-20,57109.08
2024-01-19,56838.32
2024-01-18,56068.15
2024-01-17,56047.77
2024-01-16,56508.85
2024-01-15,56440.63
2024-01-12,56164.61
2024-01-11,55950.66
2024-01-10,55641.68
2024-01-09,55462.04
2024-01-08,55285.26
2024-01-05,55696.8
2024-01-04,55485.08
2024-01-03,54830.16
2024-01-02,54730.35
2024-01-01,54865.64
2023-12-29,54640.34
2023-12-28,54424.43
2023-12-27,54178.95
2023-12-26,54081.4
2023-12-22,53747.49
2023-12-21,53059.64
2023-12-20,52226.39
2023-12-19,53952.18
2023-12-18,53877.38
2023-12-15,53797.19
2023-12-14,53534.99
2023-12-13,53020.87
2023-12-12,52591.07
2023-12-11,52623.31
2023-12-08,52127.41
2023-12-07,52631.91
2023-12-06,52494.69
2023-12-05,52461.81
2023-12-04,52321.21
2023-12-01,51602.16
2023-11-30,51271.91
2023-11-29,50691.39
2023-11-28,50213.04
2023-11-24,50179.39
2023-11-23,50190.16
2023-11-22,49963.42
2023-11-21,50482.59
2023-11-20,50373.42
2023-11-17,50005.47
2023-11-16,49744.7
2023-11-15,49376.25
2023-11-13,48847.38
2023-11-12,48674.72
2023-11-10,48168.65
2023-11-09,48063.04
2023-11-08,47940.66
2023-11-07,47599.22
2023-11-06,47531.99
2023-11-03,47061.36
2023-11-02,46658.65
2023-11-01,46015.06
2023-10-31,46124.61
2023-10-30,46083.24
2023-10-27,45898.8
2023-10-26,45085.96
2023-10-25,45141.61
2023-10-23,45566.02
2023-10-20,47467.25
2023-10-19,48129.79
2023-10-18,48042.1
2023-10-17,48378.72
2023-10-16,48147.35
2023-10-13,48014.97
2023-10-12,48199.47
2023-10-11,47747.56
2023-10-10,47410.66
2023-10-09,46841.23
2023-10-06,47646.78
2023-10-05,47421.88
2023-10-04,47158.06
2023-10-03,47905.57
2023-09-29,47698.69
2023-09-28,47398.54
2023-09-27,47599.17
2023-09-26,47228.35
2023-09-25,46936.15
2023-09-22,46883.01
2023-09-21,46980.39
2023-09-20,47533.27
2023-09-18,47797.92
2023-09-15,48021.55
2023-09-14,47824.75
2023-09-13,47110.29
2023-09-12,46781.03
2023-09-11,48629.42
2023-09-08,48098.59
2023-09-07,47917.25
2023-09-06,47906.56
2023-09-05,48051.88
2023-09-04,47420.57
2023-09-01,46995.14
2023-08-31,46724.19
2023-08-30,46199.01
2023-08-29,45924.3
2023-08-28,45715.61
2023-08-25,45523.8
2023-08-24,45679.52
2023-08-23,45654.29
2023-08-22,45424.98
2023-08-21,45163.03
2023-08-18,44778.08
2023-08-17,44955.56
2023-08-16,44698.24
2023-08-14,44515.21
2023-08-11,44910.13
2023-08-10,44941.55
2023-08-09,45183.09
2023-08-08,45065.16
2023-08-07,44885.94
2023-08-04,44606.9
2023-08-03,44326.55
2023-08-02,44331.12
2023-08-01,44872.96
2023-07-31,44868.33
2023-07-28,44317.15
2023-07-27,44105.58
2023-07-26,44183.45
2023-07-25,44249.39
2023-07-24,44214.23
2023-07-21,43895.64
2023-07-20,43779.23
2023-07-19,43734.95
2023-07-18,43297.38
2023-07-17,43510.5
2023-07-14,43222.87
2023-07-13,42557.94
2023-07-12,42863.13
2023-07-11,42615.84
2023-07-10,42247.58
2023-07-07,42478.37
2023-07-06,42681.75
2023-07-05,42412.95
2023-07-04,42079.56
2023-07-03,42097.31
2023-06-30,41870.67
2023-06-28,41618.2
2023-06-27,41578.32
2023-06-26,41318.43
2023-06-23,40997.73
2023-06-22,41455.45
2023-06-21,41786.54
2023-06-20,41765.44
2023-06-19,41769.38
2023-06-16,41722.76
2023-06-15,41449.01
2023-06-14,41365.46
2023-06-13,41267.83
2023-06-12,41018.23
2023-06-09,40895.26
2023-06-08,40931.57
2023-06-07,41216.12
2023-06-06,40718.83
2023-06-05,40372.2
2023-06-02,40392.62
2023-06-01,40123.28
2023-05-31,39709.3
2023-05-30,39401.06
2023-05-29,39451.96
2023-05-26,39303.89
2023-05-25,39310.04
2023-05-24,39218.07
2023-05-23,38980.59
2023-05-22,39090.16
2023-05-19,38823.32
2023-05-18,38898.44
2023-05-17,39082.21
2023-05-16,38876.15
2023-05-15,38810.55
2023-05-12,38550.82
2023-05-11,38729.42
2023-05-10,38377.55
2023-05-09,38338.06
2023-05-08,38512.98
2023-05-05,38235.6
2023-05-04,38317.05
2023-05-03,38042.78
2023-05-02,37829.89
2023-04-28,37560.03
2023-04-27,37166.48
2023-04-26,37007.88
2023-04-25,36566.15
2023-04-24,36356.69
2023-04-21,36076.29
2023-04-20,36168.09
2023-04-19,36170.47
2023-04-18,36069.73
2023-04-17,35879.7
2023-04-13,35957.18
2023-04-12,35882.67
2023-04-11,35703.64
2023-04-10,35567.66
2023-04-06,35539.32
2023-04-05,35397.34
2023-04-03,35090.67
2023-03-31,34948.49
2023-03-29,34447.99
2023-03-28,33669.79
2023-03-27,33806.18
2023-03-24,34368.9
2023-03-23,34889.21
2023-03-22,34952.53
2023-03-21,34699.55
2023-03-20,34577.82
2023-03-17,34843.04
2023-03-16,34553.27
2023-03-15,34730.37
2023-03-14,34524.63
2023-03-13,34827.06
2023-03-10,35655.57
2023-03-09,35956.77
2023-03-08,36065.9
2023-03-06,35948.13
2023-03-03,35576.43
2023-03-02,35398.61
2023-03-01,35443.1
2023-02-28,34937.11
2023-02-27,34822.74
2023-02-24,35307.79
2023-02-23,35282.57
2023-02-22,35195.85
2023-02-21,35669.72
2023-02-20,35854.15
2023-02-17,35920.56
2023-02-16,36017.19
2023-02-15,35626.96
2023-02-14,35543.05
2023-02-13,35762.37
2023-02-10,36119.4
2023-02-09,35926.63
2023-02-08,36006.45
2023-02-07,35678.1
2023-02-06,35845.23
2023-02-03,35757.24
2023-02-02,35975.87
2023-02-01,35753.17
2023-01-31,36154.49
2023-01-30,35069.93
2023-01-27,35038.73
2023-01-25,35725.76
2023-01-24,36015.41
2023-01-23,36259.21
2023-01-20,36272.88
2023-01-19,36464.83
2023-01-18,36628.46
2023-01-17,36559.87
2023-01-16,36560.3
2023-01-13,36610.88
2023-01-12,36432.1
2023-01-11,36391.02
2023-01-10,36344.21
2023-01-09,36497.66
2023-01-06,36347.11
2023-01-05,36499.56
2023-01-04,36522.37
2023-01-03,36817.52
2023-01-02,36796.27
2022-12-30,36406.21
2022-12-29,36125.97
2022-12-28,36133.08
2022-12-27,36017.79
2022-12-26,35609.34
2022-12-23,34492.84
2022-12-22,36080.96
2022-12-21,36704.22
2022-12-20,37415.83
2022-12-19,37427.2
2022-12-16,37419.06
2022-12-15,37691.57
2022-12-14,37891.96
2022-12-13,37723.35
2022-12-12,37742.85
2022-12-09,37607.68
2022-12-08,38031.79
2022-12-07,37839.53
2022-12-06,37941.94
2022-12-05,38041.44
2022-12-02,38004.96
2022-12-01,37808.1
2022-11-30,37533.14
2022-11-29,37498.34
2022-11-28,37746.36
2022-11-25,37384.96
2022-11-24,37264.3
2022-11-23,37073.77
2022-11-22,36708.52
2022-11-21,36805.52
2022-11-18,36645.93
2022-11-17,36697.75
2022-11-16,36531.01
2022-11-15,36652.95
2022-11-14,36673.35
2022-11-11,36534.92
2022-11-10,36436.94
2022-11-09,36803.19
2022-11-07,36844.45
2022-11-04,36789.35
2022-11-03,36724.84
2022-11-02,36655.12
2022-11-01,36684.42
2022-10-31,36655.17
2022-10-28,36510.28
2022-10-27,36962.6
2022-10-25,36864.03
2022-10-24,36884.85
2022-10-21,36550.84
2022-10-20,36458.54
2022-10-19,36405.73
2022-10-18,36337.13
2022-10-17,36067.13
2022-10-14,36054.36
2022-10-13,36038.95
2022-10-12,36201.13
2022-10-11,36068.61
2022-10-10,36638.66
2022-10-07,36901.75
2022-10-06,36820.02
2022-10-04,36352.84
2022-10-03,35961.86
2022-09-30,36107.91
2022-09-29,35617.87
2022-09-28,35415.62
2022-09-27,35658.16
2022-09-26,35515.45
2022-09-23,36670.15
2022-09-22,37357.21
2022-09-21,37100.75
2022-09-20,37333.54
2022-09-19,36932.46
2022-09-16,37208.36
2022-09-15,38241.77
2022-09-14,38327.88
2022-09-13,38357.52
2022-09-12,38395.34
2022-09-09,37829.33
2022-09-08,37968.72
2022-09-07,37737.51
2022-09-06,37446.07
2022-09-05,37225.28
2022-09-02,36853.06
2022-09-01,36724.86
2022-08-30,36642.04
2022-08-29,36190.18
2022-08-26,36440.29
2022-08-25,36157.08
2022-08-24,36168.03
2022-08-23,35823.59
2022-08-22,35449.62
2022-08-19,35859.22
2022-08-18,36349.47
2022-08-17,36246.93
2022-08-16,36170.37
2022-08-12,35897.01
2022-08-11,35926.32
2022-08-10,35770.15
2022-08-08,35661.24
2022-08-05,35407.27
2022-08-04,35477.74
2022-08-03,35515.88
2022-08-02,35643.35
2022-08-01,35487.89
2022-07-29,34899.35
2022-07-28,34463.53
2022-07-27,34102.18
2022-07-26,33919.58
2022-07-25,34278.71
2022-07-22,34329.26
2022-07-21,34213.79
2022-07-20,33967.95
2022-07-19,33664.58
2022-07-18,33357.46
2022-07-15,33000.67
2022-07-14,32780.8
2022-07-13,32984.64
2022-07-12,32962.84
2022-07-11,33095.62
2022-07-08,32795.18
2022-07-07,32676.35
2022-07-06,32321.6
2022-07-05,32181.96
2022-07-04,32124.58
2022-07-01,31938.07
2022-06-30,31892.35
2022-06-29,32086.29
2022-06-28,32165.56
2022-06-27,32225.45
2022-06-24,31646.64
2022-06-23,31236.2
2022-06-22,30830.87
2022-06-21,31089.7
2022-06-20,30261.21
2022-06-17,31056.46
2022-06-16,31267.75
2022-06-15,32172.98
2022-06-14,31939.21
2022-06-13,32023.79
2022-06-10,33166.8
2022-06-09,33550.03
2022-06-08,33629.29
2022-06-07,33769.79
2022-06-06,34030.89
2022-06-03,34185.33
2022-06-02,34453.26
2022-06-01,34166.56
2022-05-31,34021.88
2022-05-30,33772.99
2022-05-27,32877.04
2022-05-26,32393.3
2022-05-25,31965.27
2022-05-24,33151.54
2022-05-23,33534.76
2022-05-20,33778.58
2022-05-19,32948.5
2022-05-18,33564.74
2022-05-17,33412.19
2022-05-16,32589.6
2022-05-13,32322.39
2022-05-12,32139.12
2022-05-11,32584.43
2022-05-10,33560.98
2022-05-09,34168.28
2022-05-06,34857.83
2022-05-05,35764.01
2022-05-04,35975.42
2022-05-02,36679.7
2022-04-29,36926.27
2022-04-28,37436.51
2022-04-27,37261.08
2022-04-26,37412.34
2022-04-25,37003.96
2022-04-22,37795.55
2022-04-21,37915.79
2022-04-20,37508.41
2022-04-19,37457.54
2022-04-18,38138.7
2022-04-13,38451.69
2022-04-12,38437.16
2022-04-11,39201.44
2022-04-08,39022.49
2022-04-07,38648.06
2022-04-06,38879.54
2022-04-05,38866.72
2022-04-04,38656.75
2022-04-01,38085.17
2022-03-31,37438.34
2022-03-30,37140.25
2022-03-29,36812.77
2022-03-28,36484.0
2022-03-25,36573.06
2022-03-24,36810.02
2022-03-23,36630.81
2022-03-22,36747.07
2022-03-21,36587.87
2022-03-17,36369.28
2022-03-16,35669.68
2022-03-15,35178.52
2022-03-14,35483.96
2022-03-11,35354.74
2022-03-10,34984.82
2022-03-09,34578.49
2022-03-08,33984.96
2022-03-07,33513.08
2022-03-04,34109.42
2022-03-03,34620.76
2022-03-02,34494.45
2022-02-28,34454.7
2022-02-25,34252.81
2022-02-24,32736.75
2022-02-23,34645.94
2022-02-22,34120.43
2022-02-21,34622.5
2022-02-18,35521.01
2022-02-17,35862.99
2022-02-16,36118.31
2022-02-15,35940.17
2022-02-14,35166.15
2022-02-11,36809.39
2022-02-10,37591.03
2022-02-09,37457.42
2022-02-08,37423.18
2022-02-07,37925.57
2022-02-04,38263.28
2022-02-03,38607.45
2022-02-02,38691.88
2022-02-01,38084.33
2022-01-31,37866.87
2022-01-28,37440.54
2022-01-27,37203.9
2022-01-25,37540.17
2022-01-24,37165.48
2022-01-21,39038.23
2022-01-20,39780.81
2022-01-19,40024.68
2022-01-18,39893.38
2022-01-17,40605.35
2022-01-14,40269.44
2022-01-13,40153.04
2022-01-12,40137.9
2022-01-11,39810.85
2022-01-10,39827.61
2022-01-07,39310.53
2022-01-06,39173.03
2022-01-05,39351.15
2022-01-04,39369.3
2022-01-03,39132.45
2021-12-31,38775.63
2021-12-30,38376.95
2021-12-29,38197.29
2021-12-28,38042.23
2021-12-27,37374.08
2021-12-24,37429.08
2021-12-23,37714.83
2021-12-22,37226.23
2021-12-21,36477.81
2021-12-20,35994.09
2021-12-17,37401.38
2021-12-16,38154.62
2021-12-15,38491.87
2021-12-14,38558.41
2021-12-13,38487.77
2021-12-10,38335.49
2021-12-09,38314.43
2021-12-08,37932.73
2021-12-07,37162.29
2021-12-06,36635.22
2021-12-03,36972.54
2021-12-02,36779.82
2021-12-01,36528.97
2021-11-30,36512.93
2021-11-29,35861.89
2021-11-26,36657.31
2021-11-25,37668.26
2021-11-24,37296.36
2021-11-23,37238.56
2021-11-22,36528.05
2021-11-18,37500.93
2021-11-17,37987.23
2021-11-16,37882.8
2021-11-15,37498.22
2021-11-12,37636.96
2021-11-11,37522.13
2021-11-10,37798.27
2021-11-09,38074.71
2021-11-08,37796.08
2021-11-04,37703.63
2021-11-03,37164.63
2021-11-02,37348.1
2021-11-01,37001.32
2021-10-29,36656.57
2021-10-28,36895.83
2021-10-27,37440.2
2021-10-26,37088.03
2021-10-25,36169.23
2021-10-22,36711.35
2021-10-21,37093.91
2021-10-20,37735.01
2021-10-19,38592.71
2021-10-18,39224.3
2021-10-14,38910.5
2021-10-13,38564.85
2021-10-12,38552.31
2021-10-11,38422.81
2021-10-08,38188.5
2021-10-07,37958.86
2021-10-06,37529.93
2021-10-05,37683.65
2021-10-04,37399.46
2021-10-01,36896.72
2021-09-30,36772.83
2021-09-29,36593.93
2021-09-28,36472.47
2021-09-27,36734.44
2021-09-24,36806.31
2021-09-23,36758.16
2021-09-22,36556.14
2021-09-21,35924.13
2021-09-20,35954.24
2021-09-17,36670.09
2021-09-16,36875.13
2021-09-15,37056.1
2021-09-14,36669.96
2021-09-13,36468.34
2021-09-09,35848.01
2021-09-08,35659.92
2021-09-07,35484.94
2021-09-06,35545.57
2021-09-03,35274.03
2021-09-02,35102.49
2021-09-01,34694.04
2021-08-31,34680.7
2021-08-30,34578.76
2021-08-27,34197.22
2021-08-26,33975.93
2021-08-25,33943.33
2021-08-24,33735.68
2021-08-23,32887.74
2021-08-20,33571.05
2021-08-18,34383.04
2021-08-17,34560.17
2021-08-16,34682.76
2021-08-13,35043.14
2021-08-12,35241.61
2021-08-11,34426.73
2021-08-10,34696.88
2021-08-09,35627.35
2021-08-06,35901.33
2021-08-05,35812.93
2021-08-04,35952.38
2021-08-03,36318.72
2021-08-02,36373.37
2021-07-30,36071.06
2021-07-29,35900.88
2021-07-28,35630.25
2021-07-27,35846.25
2021-07-26,35903.68
2021-07-23,35680.26
2021-07-22,35775.26
2021-07-20,35223.12
2021-07-19,35825.87
2021-07-16,35912.29
2021-07-15,35465.43
2021-07-14,35120.51
2021-07-13,35096.05
2021-07-12,34729.42
2021-07-09,34423.66
2021-07-08,34208.41
2021-07-07,34145.28
2021-07-06,34112.23
2021-07-05,34398.87
2021-07-02,33958.4
2021-07-01,33603.06
2021-06-30,33314.54
2021-06-29,33130.91
2021-06-28,32955.09
2021-06-25,32610.73
2021-06-24,32442.25
2021-06-23,32501.82
2021-06-22,32646.79
2021-06-21,32326.81
2021-06-18,32196.82
2021-06-17,32401.98
2021-06-16,32533.42
2021-06-15,32602.85
2021-06-14,32443.52
2021-06-11,32555.9
2021-06-10,32400.73
2021-06-09,32000.37
2021-06-08,32332.37
2021-06-07,31965.25
2021-06-04,31602.31
2021-06-03,31485.96
2021-06-02,31192.76
2021-06-01,30811.52
2021-05-31,30985.36
2021-05-28,30887.2
2021-05-27,31013.69
2021-05-26,30877.33
2021-05-25,30650.99
2021-05-24,30607.54
2021-05-21,30394.87
2021-05-20,30265.45
2021-05-19,30166.79
2021-05-18,29994.23
2021-05-17,29505.88
2021-05-14,29078.06
2021-05-12,29256.79
2021-05-11,29486.22
2021-05-10,29260.25
2021-05-07,28969.76
2021-05-06,28919.72
2021-05-05,28902.02
2021-05-04,28685.93
2021-05-03,28720.98
2021-04-30,28259.35
2021-04-29,28152.09
2021-04-28,28038.73
2021-04-27,27700.35
2021-04-26,27205.3
2021-04-23,27000.67
2021-04-22,26817.64
2021-04-20,26622.81
2021-04-19,26442.53
2021-04-16,26884.11
2021-04-15,26594.07
2021-04-13,26605.29
2021-04-12,26339.21
2021-04-09,27805.55
2021-04-08,27605.71
2021-04-07,27342.73
2021-04-06,26941.95
2021-04-05,26594.57
2021-04-01,26866.77
2021-03-31,26419.46
2021-03-30,26305.47
2021-03-26,25844.09
2021-03-25,25509.2
2021-03-24,26007.03
2021-03-23,26469.88
2021-03-22,26217.33
2021-03-19,26045.57
2021-03-18,25939.58
2021-03-17,26465.73
2021-03-16,27073.75
2021-03-15,26873.36
2021-03-12,27052.67
2021-03-10,26901.38
2021-03-09,26618.41
2021-03-08,26874.68
2021-03-05,26773.35
2021-03-04,27207.77
2021-03-03,27031.86
2021-03-02,26720.87
2021-03-01,26383.86
2021-02-26,25867.9
2021-02-25,26154.02
2021-02-24,25773.12
2021-02-23,25441.93
2021-02-22,25294.0
2021-02-19,25509.32
2021-02-18,25645.52
2021-02-17,25545.66
2021-02-16,25424.3
2021-02-15,25405.08
2021-02-12,25191.94
2021-02-11,25164.46
2021-02-10,24784.03
2021-02-09,24652.12
2021-02-08,24762.13
2021-02-05,24428.04
2021-02-04,24474.5
2021-02-03,24176.17
2021-02-02,23701.32
2021-02-01,23523.1
2021-01-29,23172.93
2021-01-28,23317.05
2021-01-27,23422.18
2021-01-25,23373.41
2021-01-22,23581.2
2021-01-21,23636.94
2021-01-20,23789.92
2021-01-19,23651.86
2021-01-18,23156.74
2021-01-15,23563.72
2021-01-14,23822.01
2021-01-13,23798.59
2021-01-12,23686.05
2021-01-11,23688.48
2021-01-08,23713.91
2021-01-07,23530.14
2021-01-06,23287.62
2021-01-05,23276.48
2021-01-04,23039.6
2021-01-01,22762.4
2020-12-31,22502.52
2020-12-30,22540.66
2020-12-29,22381.1
2020-12-28,22306.37
2020-12-24,21980.09
2020-12-23,21744.86
2020-12-22,21128.08
2020-12-21,20888.19
2020-12-18,21847.35
2020-12-17,21900.05
2020-12-16,21891.19
2020-12-15,21813.26
2020-12-14,21777.59
2020-12-11,21665.22
2020-12-10,21615.05
2020-12-09,21789.18
2020-12-08,21658.33
2020-12-07,21813.13
2020-12-04,21546.5
2020-12-03,21475.03
2020-12-02,21319.54
2020-12-01,21365.06
2020-11-27,21162.64
2020-11-26,20652.61
2020-11-25,20527.43
2020-11-24,20726.52
2020-11-23,20462.93
2020-11-20,20157.84
2020-11-19,20055.4
2020-11-18,20050.8
2020-11-17,19958.79
2020-11-14,19893.77
2020-11-13,19689.01
2020-11-12,19568.91
2020-11-11,19352.06
2020-11-10,19288.28
2020-11-09,19434.96
2020-11-06,19347.07
2020-11-05,19264.68
2020-11-04,18943.13
2020-11-03,18856.4
2020-11-02,18773.28
2020-10-30,19069.5
2020-10-29,19078.85
2020-10-28,19310.56
2020-10-27,19459.15
2020-10-26,19411.12
2020-10-23,19538.29
2020-10-22,19512.28
2020-10-21,19318.87
2020-10-20,19263.35
2020-10-19,19238.2
2020-10-16,19210.4
2020-10-15,18967.43
2020-10-14,19283.12
2020-10-13,19230.14
2020-10-12,19202.6
2020-10-09,19250.8
2020-10-08,19270.64
2020-10-07,19358.92
2020-10-06,19509.05
2020-10-05,19414.18
2020-10-01,19404.33
2020-09-30,19315.82
2020-09-29,19253.67
2020-09-28,19332.47
2020-09-25,18803.99
2020-09-24,18373.07
2020-09-23,18784.62
2020-09-22,18800.97
2020-09-21,19120.71
2020-09-18,19802.55
2020-09-17,19836.1
2020-09-16,19893.05
2020-09-15,19706.78
2020-09-14,19326.97
2020-09-11,18314.45
2020-09-10,18262.49
2020-09-09,18012.07
2020-09-08,18257.41
2020-09-07,18405.9
2020-09-04,18371.33
2020-09-03,18592.66
2020-09-02,18420.36
2020-09-01,18110.78
2020-08-31,18013.82
2020-08-28,18937.09
2020-08-27,19031.92
2020-08-26,18963.62
2020-08-25,18751.35
2020-08-24,18677.78
2020-08-21,18256.54
2020-08-20,18049.51
2020-08-19,18000.7
2020-08-18,17826.79
2020-08-17,17557.04
2020-08-14,17386.75
2020-08-13,17562.02
2020-08-12,17460.4
2020-08-11,17480.82
2020-08-10,17506.16
2020-08-07,17234.64
2020-08-06,17167.57
2020-08-05,17021.19
2020-08-04,16793.19
2020-08-03,16604.26
2020-07-31,16305.13
2020-07-30,16186.83
2020-07-29,16329.29
2020-07-28,16355.24
2020-07-27,16201.67
2020-07-24,16297.34
2020-07-23,16269.69
2020-07-22,16138.96
2020-07-21,16152.53
2020-07-20,16154.47
2020-07-17,16014.93
2020-07-16,15821.06
2020-07-15,15780.99
2020-07-14,15742.92
2020-07-13,15882.05
2020-07-10,15817.43
2020-07-09,15831.95
2020-07-08,15648.28
2020-07-07,15659.26
2020-07-06,15611.51
2020-07-03,15390.05
2020-07-02,15375.55
2020-07-01,15252.59
2020-06-30,15143.51
2020-06-29,15213.49
2020-06-26,15295.44
2020-06-25,15283.31
2020-06-24,15241.08
2020-06-23,15460.25
2020-06-22,15263.4
2020-06-19,15059.77
2020-06-18,14805.63
2020-06-17,14646.08
2020-06-16,14601.75
2020-06-15,14569.75
2020-06-12,14554.3
2020-06-11,14540.07
2020-06-10,14725.91
2020-06-09,14615.8
2020-06-08,14807.43
2020-06-05,14657.43
2020-06-04,14287.56
2020-06-03,14254.07
2020-06-02,14164.02
2020-06-01,13872.9
2020-05-29,13467.33
2020-05-28,13348.27
2020-05-27,13152.93
2020-05-26,13125.2
2020-05-22,13065.58
2020-05-21,13115.22
2020-05-20,13005.82
2020-05-19,12791.01
2020-05-18,12790.21
2020-05-15,13168.0
2020-05-14,13169.76
2020-05-13,13297.48
2020-05-12,13020.81
2020-05-11,13157.39
2020-05-08,13209.47
2020-05-07,13348.16
2020-05-06,13290.39
2020-05-05,13151.9
2020-05-04,13288.98
2020-04-30,13713.14
2020-04-29,13672.93
2020-04-28,13544.91
2020-04-27,13402.09
2020-04-24,13217.19
2020-04-23,13469.0
2020-04-22,13256.71
2020-04-21,13173.35
2020-04-20,13642.08
2020-04-17,13644.62
2020-04-16,13341.31
2020-04-15,13061.62
2020-04-13,12927.19
2020-04-09,13096.58
2020-04-08,12592.02
2020-04-07,12356.62
2020-04-03,11834.36
2020-04-01,12018.16
2020-03-31,12209.26
2020-03-30,11832.75
2020-03-27,12174.7
2020-03-26,12169.91
2020-03-25,11757.88
2020-03-24,11326.66
2020-03-23,11256.03
2020-03-20,12845.94
2020-03-19,12490.14
2020-03-18,13109.42
2020-03-17,14082.81
2020-03-16,14392.7
2020-03-13,15218.03
2020-03-12,15050.8
2020-03-11,16447.05
2020-03-09,16470.21
2020-03-06,17235.32
2020-03-05,17605.22
2020-03-04,17496.61
2020-03-03,17756.46
2020-03-02,17468.46
2020-02-28,17635.81
2020-02-27,18337.66
2020-02-26,18573.97
2020-02-25,18622.37
2020-02-24,18530.39
2020-02-20,18856.96
2020-02-19,18830.05
2020-02-18,18634.34
2020-02-17,18684.18
2020-02-14,18900.69
2020-02-13,18801.99
2020-02-12,18787.32
2020-02-11,18788.92
2020-02-10,18769.76
2020-02-07,18833.42
2020-02-06,18765.91
2020-02-05,18649.95
2020-02-04,18555.25
2020-02-03,18283.85
2020-02-01,18209.89
2020-01-31,18662.95
2020-01-30,18641.44
2020-01-29,18881.53
2020-01-28,18895.21
2020-01-27,18918.14
2020-01-24,18953.14
2020-01-23,18847.29
2020-01-22,18642.6
2020-01-21,18625.85
2020-01-20,18701.21
2020-01-17,18847.43
2020-01-16,18735.27
2020-01-15,18535.67
2020-01-14,18304.25
2020-01-13,18186.48
2020-01-10,18004.38
2020-01-09,17947.58
2020-01-08,17646.86
2020-01-07,17582.75
2020-01-06,17376.66
2020-01-03,17736.23
2020-01-02,17713.68
2020-01-01,17478.51
2019-12-31,17358.1
2019-12-30,17328.39
2019-12-27,17211.65
2019-12-26,17083.91
2019-12-24,17089.39
2019-12-23,17083.1
2019-12-20,17069.87
2019-12-19,17121.71
2019-12-18,17077.55
2019-12-17,17046.69
2019-12-16,16926.04
2019-12-13,16956.29
2019-12-12,16812.79
2019-12-11,16685.25
2019-12-10,16702.77
2019-12-09,16835.77
2019-12-06,16899.16
2019-12-05,17048.36
2019-12-04,17014.47
2019-12-03,16979.73
2019-12-02,17079.93
2019-11-29,17203.76
2019-11-28,17097.12
2019-11-27,17063.54
2019-11-26,17059.89
2019-11-25,17141.96
2019-11-22,16950.05
2019-11-21,16964.36
2019-11-20,17010.45
2019-11-19,17011.59
2019-11-18,16996.14
2019-11-15,17002.17
2019-11-14,17035.91
2019-11-13,17006.66
2019-11-11,17223.96
2019-11-08,17286.25
2019-11-07,17373.2
2019-11-06,17300.72
2019-11-05,17373.01
2019-11-04,17570.56
2019-11-01,17514.72
2019-10-31,17468.95
2019-10-30,17353.33
2019-10-29,17259.54
2019-10-27,17165.31
2019-10-25,16982.23
2019-10-24,17044.45
2019-10-23,17090.54
2019-10-22,17096.94
2019-10-18,16985.94
2019-10-17,16703.17
2019-10-16,16541.26
2019-10-15,16487.52
2019-10-14,16464.69
2019-10-11,16473.65
2019-10-10,16392.61
2019-10-09,16478.28
2019-10-07,16320.39
2019-10-04,16480.56
2019-10-03,16629.05
2019-10-01,16726.6
2019-09-30,16979.0
2019-09-27,17167.77
2019-09-26,17308.58
2019-09-25,17214.59
2019-09-24,17519.35
2019-09-23,17449.77
2019-09-20,16993.2
2019-09-19,16270.47
2019-09-18,16483.74
2019-09-17,16374.63
2019-09-16,16678.51
2019-09-13,16581.55
2019-09-12,16480.93
2019-09-11,16427.22
2019-09-09,16155.48
2019-09-06,15997.36
2019-09-05,15840.8
2019-09-04,15743.88
2019-09-03,15741.12
2019-08-30,15947.89
2019-08-29,15893.7
2019-08-28,16000.0
2019-08-27,16046.17
2019-08-26,15708.62
2019-08-23,15369.46
2019-08-22,15247.15
2019-08-21,15590.49
2019-08-20,15799.77
2019-08-19,15862.61
2019-08-16,15721.06
2019-08-14,15715.83
2019-08-13,15720.38
2019-08-09,15967.69
2019-08-08,15870.34
2019-08-07,15705.5
2019-08-06,15627.03
2019-08-05,15371.87
2019-08-02,15640.12
2019-08-01,15728.69
2019-07-31,15978.76
2019-07-30,15904.73
2019-07-29,16313.27
2019-07-26,16455.12
2019-07-25,16420.49
2019-07-24,16516.06
2019-07-23,16763.09
2019-07-22,16629.08
2019-07-19,16859.36
2019-07-18,17165.98
2019-07-17,17382.09
2019-07-16,17432.82
2019-07-15,17375.39
2019-07-12,17511.49
2019-07-11,17398.25
2019-07-10,17402.47
2019-07-09,17515.09
2019-07-08,17511.39
2019-07-05,17893.63
2019-07-04,18089.6
2019-07-03,18044.31
2019-07-02,18008.08
2019-07-01,18005.64
2019-06-28,17921.89
2019-06-27,17884.32
2019-06-26,17802.37
2019-06-25,17745.08
2019-06-24,17718.33
2019-06-21,17740.9
2019-06-20,17705.75
2019-06-19,17611.28
2019-06-18,17817.73
2019-06-17,17821.35
2019-06-14,18079.71
2019-06-13,18209.46
2019-06-12,18301.4
2019-06-11,18326.73
2019-06-10,18327.88
2019-06-07,18408.03
2019-06-06,18347.15
2019-06-04,18580.09
2019-06-03,18577.07
2019-05-31,18598.16
2019-05-30,18718.36
2019-05-29,18662.83
2019-05-28,18679.45
2019-05-27,18599.53
2019-05-24,18344.98
2019-05-23,17954.21
2019-05-22,18037.28
2019-05-21,17987.74
2019-05-20,18081.58
2019-05-17,17520.72
2019-05-16,17390.61
2019-05-15,17340.07
2019-05-14,17384.74
2019-05-13,17269.73
2019-05-10,17595.0
2019-05-09,17571.34
2019-05-08,17600.91
2019-05-07,17792.41
2019-05-06,17941.44
2019-05-03,18079.52
2019-05-02,18120.92
2019-04-30,18125.55
2019-04-26,18259.14
2019-04-25,18254.16
2019-04-24,18256.27
2019-04-23,18170.68
2019-04-22,18202.1
2019-04-18,18379.86
2019-04-16,18546.13
2019-04-15,18474.5
2019-04-12,18377.2
2019-04-11,18337.01
2019-04-10,18358.42
2019-04-09,18347.55
2019-04-08,18400.74
2019-04-05,18500.18
2019-04-04,18332.7
2019-04-03,18438.65
2019-04-02,18592.68
2019-04-01,18643.74
2019-03-29,18481.94
2019-03-28,18385.12
2019-03-27,18242.77
2019-03-26,18027.38
2019-03-25,17873.07
2019-03-22,18027.78
2019-03-20,18113.35
2019-03-19,18118.42
2019-03-18,18022.66
2019-03-15,18065.08
2019-03-14,18216.33
2019-03-13,18219.54
2019-03-12,18333.34
2019-03-11,18169.72
2019-03-08,17860.93
2019-03-07,17881.34
2019-03-06,17917.28
2019-03-05,17706.84
2019-03-01,17113.26
2019-02-28,16718.14
2019-02-27,16565.64
2019-02-26,16605.78
2019-02-25,16734.15
2019-02-22,16541.55
2019-02-21,16478.08
2019-02-20,16414.16
2019-02-19,16294.56
2019-02-18,16232.84
2019-02-15,16359.27
2019-02-14,16509.2
2019-02-13,16521.3
2019-02-12,16557.95
2019-02-11,16618.69
2019-02-08,16899.03
2019-02-07,17103.48
2019-02-06,17017.16
2019-02-05,16959.59
2019-02-04,17005.64
2019-02-01,17131.69
2019-01-31,17092.06
2019-01-30,16953.92
2019-01-29,16787.12
2019-01-28,16746.03
2019-01-25,17039.81
2019-01-24,17318.11
2019-01-23,17398.02
2019-01-22,17391.63
2019-01-21,17517.86
2019-01-18,17589.42
2019-01-17,17748.17
2019-01-16,17769.76
2019-01-15,17786.05
2019-01-14,17579.25
2019-01-11,17639.56
2019-01-10,17660.58
2019-01-09,17615.36
2019-01-08,17599.4
2019-01-07,17591.57
2019-01-04,17565.16
2019-01-03,17542.01
2019-01-02,17621.13
2019-01-01,17730.31
2018-12-31,17688.62
2018-12-28,17538.09
2018-12-27,17383.81
2018-12-26,17274.63
2018-12-24,17305.29
2018-12-21,17543.36
2018-12-20,17801.83
2018-12-19,17817.23
2018-12-18,17672.33
2018-12-17,17603.82
2018-12-14,17576.38
2018-12-13,17617.68
2018-12-12,17460.07
2018-12-11,17054.88
2018-12-10,16835.96
2018-12-07,17147.14
2018-12-06,17112.95
2018-12-05,17327.8
2018-12-04,17570.08
2018-12-03,17592.65
2018-11-30,17499.1
2018-11-29,17444.31
2018-11-28,17419.05
2018-11-27,17512.2
2018-11-26,17461.39
2018-11-22,17493.72
2018-11-21,17543.99
2018-11-20,17588.54
2018-11-19,17791.28
2018-11-16,17752.58
2018-11-15,17849.84
2018-11-14,17829.9
2018-11-13,17882.12
2018-11-12,17802.68
2018-11-09,17912.74
2018-11-07,17889.18
2018-11-06,17725.06
2018-11-05,17692.44
2018-11-02,17730.81
2018-11-01,17628.81
2018-10-31,17415.56
2018-10-30,17205.8
2018-10-29,17019.84
2018-10-26,16596.53
2018-10-25,16522.97
2018-10-24,16683.13
2018-10-23,16576.72
2018-10-22,16839.8
2018-10-19,17207.28
2018-10-17,17436.29
2018-10-16,17855.23
2018-10-15,17411.43
2018-10-12,17057.86
2018-10-11,16555.61
2018-10-10,16800.69
2018-10-09,16084.99
2018-10-08,16120.52
2018-10-05,16511.36
2018-10-04,16913.65
2018-10-03,17334.77
2018-10-01,17219.5
2018-09-28,17196.42
2018-09-27,17710.18
2018-09-26,18102.75
2018-09-25,18195.01
2018-09-24,18404.22
2018-09-21,18937.4
2018-09-19,19503.88
2018-09-18,19707.3
2018-09-17,20015.17
2018-09-14,19973.55
2018-09-12,19727.84
2018-09-11,19813.98
2018-09-10,20096.64
2018-09-07,20306.8
2018-09-06,20202.03
2018-09-05,20057.47
2018-09-04,20152.65
2018-09-03,20546.44
2018-08-31,20655.82
2018-08-30,20478.35
2018-08-29,20385.96
2018-08-28,20411.1
2018-08-27,20356.48
2018-08-24,20170.39
2018-08-23,20241.75
2018-08-21,20265.79
2018-08-20,20100.04
2018-08-17,20126.02
2018-08-16,19985.96
2018-08-14,20016.55
2018-08-13,19925.57
2018-08-10,20109.79
2018-08-09,20313.52
2018-08-08,20330.03
2018-08-07,20163.16
2018-08-06,20235.24
2018-08-03,20178.67
2018-08-02,19868.47
2018-08-01,19943.79
2018-07-31,19881.38
2018-07-30,19833.2
2018-07-27,19828.89
2018-07-26,19651.0
2018-07-25,19583.56
2018-07-24,19415.56
2018-07-23,19017.14
2018-07-20,18829.27
2018-07-19,18749.08
2018-07-18,18902.28
2018-07-17,19003.54
2018-07-16,18825.42
2018-07-13,19316.39
2018-07-12,19706.6
2018-07-11,19682.16
2018-07-10,19749.43
2018-07-09,19528.88
2018-07-06,19133.0
2018-07-05,19076.23
2018-07-04,19224.5
2018-07-03,19075.55
2018-07-02,18918.43
2018-06-29,19042.62
2018-06-28,18575.9
2018-06-27,18908.4
2018-06-26,19258.86
2018-06-25,19365.7
2018-06-22,19570.27
2018-06-21,19548.47
2018-06-20,19710.2
2018-06-19,19645.86
2018-06-18,19927.93
2018-06-15,20092.32
2018-06-14,20198.64
2018-06-13,20200.87
2018-06-12,20209.1
2018-06-11,19994.02
2018-06-08,19849.32
2018-06-07,19689.01
2018-06-06,19162.64
2018-06-05,18771.19
2018-06-04,19427.58
2018-06-01,19942.09
2018-05-31,20313.01
2018-05-30,20349.93
2018-05-29,20371.78
2018-05-28,20345.22
2018-05-25,20051.43
2018-05-24,19740.92
2018-05-23,19673.28
2018-05-22,19672.22
2018-05-21,19446.49
2018-05-18,19960.95
2018-05-17,20343.42
2018-05-16,20206.89
2018-05-15,20244.27
2018-05-14,20411.65
2018-05-11,20735.39
2018-05-10,20928.62
2018-05-09,21288.42
2018-05-08,21296.68
2018-05-07,21144.7
2018-05-04,20965.11
2018-05-03,21125.51
2018-05-02,21337.19
2018-04-30,21573.14
2018-04-27,21292.34
2018-04-26,21267.16
2018-04-25,21270.9
2018-04-24,21470.27
2018-04-23,21373.15
2018-04-20,21255.81
2018-04-19,21130.34
2018-04-18,20862.1
2018-04-17,20889.46
2018-04-16,20855.2
2018-04-13,20607.82
2018-04-12,20452.75
2018-04-11,20488.46
2018-04-10,20491.81
2018-04-09,20512.55
2018-04-06,20453.88
2018-04-05,20315.01
2018-04-04,19829.26
2018-04-03,19977.71
2018-04-02,19684.96
2018-03-28,19232.32
2018-03-27,19478.26
2018-03-26,19217.36
2018-03-23,19095.2
2018-03-22,19407.15
2018-03-21,19627.94
2018-03-20,19493.63
2018-03-19,19477.22
2018-03-16,19932.97
2018-03-15,20241.77
2018-03-14,20151.25
2018-03-13,20256.83
2018-03-12,20030.63
2018-03-09,19871.84
2018-03-08,19916.01
2018-03-07,19797.72
2018-03-06,20229.87
2018-03-05,20523.02
2018-03-01,20773.35
2018-02-28,20841.85
2018-02-27,20882.05
2018-02-26,20983.34
2018-02-23,20723.36
2018-02-22,20333.45
2018-02-21,20455.25
2018-02-20,20464.87
2018-02-19,20478.81
2018-02-16,20658.67
2018-02-15,20944.33
2018-02-14,21190.73
2018-02-12,21194.36
2018-02-09,20788.79
2018-02-08,20703.8
2018-02-07,20221.33
2018-02-06,19793.44
2018-02-05,20295.78
2018-02-02,20326.53
2018-02-01,21477.0
2018-01-31,21349.21
2018-01-30,21576.72
2018-01-29,21977.29
2018-01-25,22277.09
2018-01-24,22469.84
2018-01-23,22689.94
2018-01-22,22482.54
2018-01-19,22284.67
2018-01-18,22047.0
2018-01-17,22464.65
2018-01-16,22298.41
2018-01-15,22826.85
2018-01-12,22734.96
2018-01-11,22752.14
2018-01-10,22626.99
2018-01-09,22584.8
2018-01-08,22499.23
2018-01-05,22293.83
2018-01-04,22127.88
2018-01-03,21860.23
2018-01-02,21619.51
2018-01-01,21775.26
2017-12-29,21682.36
2017-12-28,21527.94
2017-12-27,21515.66
2017-12-26,21598.13
2017-12-22,21464.81
2017-12-21,21376.34
2017-12-20,21257.17
2017-12-19,21166.84
2017-12-18,20793.9
2017-12-15,20684.53
2017-12-14,20359.32
2017-12-13,20341.96
2017-12-12,20512.4
2017-12-11,20704.15
2017-12-08,20622.3
2017-12-07,20379.47
2017-12-06,20090.14
2017-12-05,20147.32
2017-12-04,20181.38
2017-12-01,20321.35
2017-11-30,20611.62
2017-11-29,20573.26
2017-11-28,20650.93
2017-11-27,20626.27
2017-11-24,20423.67
2017-11-23,20395.78
2017-11-22,20235.84
2017-11-21,20177.74
2017-11-20,20160.98
2017-11-17,20024.68
2017-11-16,19954.15
2017-11-15,19764.35
2017-11-14,20067.78
2017-11-13,20075.26
2017-11-10,20249.48
2017-11-09,20250.86
2017-11-08,20077.44
2017-11-07,20309.59
2017-11-06,20563.86
2017-11-03,20531.69
2017-11-02,20452.53
2017-11-01,20433.08
2017-10-31,20317.45
2017-10-30,20148.59
2017-10-27,19886.96
2017-10-26,19798.58
2017-10-25,19697.08
2017-10-24,19775.25
2017-10-23,19531.12
2017-10-19,19357.74
2017-10-18,19322.29
2017-10-17,19289.37
2017-10-16,19221.33
2017-10-13,19151.74
2017-10-12,18967.94
2017-10-11,18642.59
2017-10-10,18802.52
2017-10-09,18494.88
2017-10-06,18319.14
2017-10-05,18092.29
2017-10-04,17921.34
2017-10-03,17748.28
2017-09-29,17605.48
2017-09-28,17356.74
2017-09-27,17246.5
2017-09-26,17622.82
2017-09-25,17459.4
2017-09-22,17792.76
2017-09-21,18404.34
2017-09-20,18516.37
2017-09-19,18602.55
2017-09-18,18409.99
2017-09-15,18205.72
2017-09-14,18185.52
2017-09-13,18103.51
2017-09-12,18308.63
2017-09-11,18149.56
2017-09-08,18035.93
2017-09-07,18080.53
2017-09-06,18012.48
2017-09-05,17937.05
2017-09-04,17756.64
2017-09-01,17850.35
2017-08-31,17672.28
2017-08-30,17504.69
2017-08-29,17258.01
2017-08-28,17456.88
2017-08-24,17193.0
2017-08-23,17119.03
2017-08-22,16882.33
2017-08-21,16974.91
2017-08-18,17227.39
2017-08-17,17327.1
2017-08-16,17203.08
2017-08-14,16892.23
2017-08-11,16546.62
2017-08-10,16462.84
2017-08-09,17179.09
2017-08-08,17476.19
2017-08-07,17730.78
2017-08-04,17594.41
2017-08-03,17666.41
2017-08-02,17822.92
2017-08-01,17777.04
2017-07-31,17736.29
2017-07-28,17735.87
2017-07-27,17632.21
2017-07-26,17803.36
2017-07-25,17765.5
2017-07-24,17778.73
2017-07-21,17737.91
2017-07-20,17710.68
2017-07-19,17611.66
2017-07-18,17419.85
2017-07-17,17523.03
2017-07-14,17511.67
2017-07-13,17566.14
2017-07-12,17543.86
2017-07-11,17410.83
2017-07-10,17521.08
2017-07-07,17437.66
2017-07-06,17400.16
2017-07-05,17352.87
2017-07-04,17138.64
2017-07-03,17123.83
2017-06-30,16902.22
2017-06-29,16872.73
2017-06-28,16703.4
2017-06-27,16648.65
2017-06-23,17009.46
2017-06-22,17326.42
2017-06-21,17430.11
2017-06-20,17443.9
2017-06-19,17437.45
2017-06-16,17464.09
2017-06-15,17412.39
2017-06-14,17383.84
2017-06-13,17370.95
2017-06-12,17309.3
2017-06-09,17428.95
2017-06-08,17335.22
2017-06-07,17255.04
2017-06-06,17151.29
2017-06-05,17288.92
2017-06-02,17194.0
2017-06-01,17112.18
2017-05-31,16903.03
2017-05-30,16681.93
2017-05-29,16647.53
2017-05-26,16833.53
2017-05-25,16464.01
2017-05-24,16110.51
2017-05-23,16382.92
2017-05-22,16721.62
2017-05-19,16981.42
2017-05-18,17118.76
2017-05-17,17507.01
2017-05-16,17500.41
2017-05-15,17380.02
2017-05-12,17231.61
2017-05-11,17371.24
2017-05-10,17402.73
2017-05-09,17252.63
2017-05-08,17208.95
2017-05-05,17070.06
2017-05-04,17235.87
2017-05-03,17146.73
2017-05-02,17066.82
2017-04-28,16858.09
2017-04-27,16703.42
2017-04-26,16700.25
2017-04-25,16830.49
2017-04-24,16662.05
2017-04-21,16530.21
2017-04-20,16423.03
2017-04-19,16182.02
2017-04-18,16090.54
2017-04-17,16206.4
2017-04-13,16210.95
2017-04-12,16217.28
2017-04-11,16234.67
2017-04-10,16012.89
2017-04-07,15922.34
2017-04-06,16028.25
2017-04-05,16117.66
2017-04-03,16037.51
2017-03-31,15830.15
2017-03-30,15650.48
2017-03-29,15552.86
2017-03-28,15465.69
2017-03-27,15366.21
2017-03-24,15352.76
2017-03-23,15277.36
2017-03-22,15148.29
2017-03-21,15263.41
2017-03-20,15262.46
2017-03-17,15260.85
2017-03-16,15290.48
2017-03-15,15179.08
2017-03-14,15070.07
2017-03-10,14850.89
2017-03-09,14831.94
2017-03-08,14819.9
2017-03-07,14885.1
2017-03-06,14871.83
2017-03-03,14760.41
2017-03-02,14669.7
2017-03-01,14766.5
2017-02-28,14661.07
2017-02-27,14544.89
2017-02-23,14479.94
2017-02-22,14484.76
2017-02-21,14512.39
2017-02-20,14441.81
2017-02-17,14308.49
2017-02-16,14216.82
2017-02-15,14054.93
2017-02-14,14242.71
2017-02-13,14343.11
2017-02-10,14453.99
2017-02-09,14435.23
2017-02-08,14412.01
2017-02-07,14380.23
2017-02-06,14416.9
2017-02-03,14248.52
2017-02-02,14087.54
2017-02-01,13926.19
2017-01-31,13671.9
2017-01-30,13806.5
2017-01-27,13804.61
2017-01-25,13697.6
2017-01-24,13557.28
2017-01-23,13481.39
2017-01-20,13417.67
2017-01-19,13615.8
2017-01-18,13600.72
2017-01-17,13550.07
2017-01-16,13523.28
2017-01-13,13389.66
2017-01-12,13341.63
2017-01-11,13393.84
2017-01-10,13206.2
2017-01-09,13072.23
2017-01-06,13040.68
2017-01-05,13053.49
2017-01-04,12895.11
2017-01-03,12887.32
2017-01-02,12737.85
2016-12-30,12539.22
2016-12-29,12433.42
2016-12-28,12285.78
2016-12-27,12168.05
2016-12-26,11976.9
2016-12-23,12249.58
2016-12-22,12255.55
2016-12-21,12428.28
2016-12-20,12423.76
2016-12-19,12553.13
2016-12-16,12604.5
2016-12-15,12642.06
2016-12-14,12617.12
2016-12-13,12720.12
2016-12-12,12709.83
2016-12-09,12818.45
2016-12-08,12789.27
2016-12-07,12610.48
2016-12-06,12670.93
2016-12-05,12565.6
2016-12-02,12568.55
2016-12-01,12741.06
2016-11-30,12868.0
2016-11-29,12692.09
2016-11-28,12567.5
2016-11-25,12447.57
2016-11-24,12197.7
2016-11-23,12228.5
2016-11-22,12011.39
2016-11-21,11867.65
2016-11-18,12322.67
2016-11-17,12283.24
2016-11-16,12330.91
2016-11-15,12240.3
2016-11-11,13021.7
2016-11-10,13582.83
2016-11-09,13400.53
2016-11-08,13787.14
2016-11-07,13746.75
2016-11-04,13578.37
2016-11-03,13886.55
2016-11-02,14032.21
2016-11-01,14284.42
2016-10-30,14286.0
2016-10-28,14177.18
2016-10-27,14090.15
2016-10-26,14234.56
2016-10-25,14341.54
2016-10-24,14321.19
2016-10-21,14225.17
2016-10-20,14184.37
2016-10-19,14059.11
2016-10-18,13941.02
2016-10-17,13788.14
2016-10-14,13845.28
2016-10-13,13735.04
2016-10-10,13958.55
2016-10-07,13938.56
2016-10-06,13893.15
2016-10-05,13986.21
2016-10-04,13946.03
2016-10-03,13846.67
2016-09-30,13469.32
2016-09-29,13206.72
2016-09-28,13852.5
2016-09-27,13711.32
2016-09-26,13712.09
2016-09-23,13761.22
2016-09-22,13799.24
2016-09-21,13655.37
2016-09-20,13597.57
2016-09-19,13586.77
2016-09-16,13497.54
2016-09-15,13417.82
2016-09-14,13376.78
2016-09-12,13192.35
2016-09-09,13519.8
2016-09-08,13605.5
2016-09-07,13469.23
2016-09-06,13390.89
2016-09-02,13219.99
2016-09-01,13132.15
2016-08-31,13222.03
2016-08-30,13184.51
2016-08-29,13108.35
2016-08-26,13068.04
2016-08-25,13128.77
2016-08-24,13182.16
2016-08-23,13053.91
2016-08-22,13050.61
2016-08-19,13059.52
2016-08-18,12983.89
2016-08-17,12820.54
2016-08-16,12722.9
2016-08-12,12738.62
2016-08-11,12754.09
2016-08-10,12772.03
2016-08-09,12878.69
2016-08-08,12964.65
2016-08-05,12867.84
2016-08-04,12672.8
2016-08-03,12674.31
2016-08-02,12782.55
2016-08-01,12873.81
2016-07-29,12837.02
2016-07-28,12838.89
2016-07-27,12741.76
2016-07-26,12697.19
2016-07-25,12799.58
2016-07-22,12651.12
2016-07-21,12613.97
2016-07-20,12615.77
2016-07-19,12481.63
2016-07-18,12497.3
2016-07-15,12535.7
2016-07-14,12626.5
2016-07-13,12528.87
2016-07-12,12604.81
2016-07-11,12578.18
2016-07-08,12476.22
2016-07-07,12542.44
2016-07-05,12521.36
2016-07-04,12581.76
2016-07-01,12421.62
2016-06-30,12338.26
2016-06-29,12205.53
2016-06-28,12022.21
2016-06-27,11956.57
2016-06-24,11712.42
2016-06-23,11899.66
2016-06-22,11958.5
2016-06-21,12015.62
2016-06-20,11914.8
2016-06-17,11892.35
2016-06-16,11863.52
2016-06-15,11916.24
2016-06-14,11847.56
2016-06-13,11819.28
2016-06-10,11842.27
2016-06-09,11833.71
2016-06-08,11854.59
2016-06-07,11760.13
2016-06-06,11636.81
2016-06-03,11589.29
2016-06-02,11566.72
2016-06-01,11589.39
2016-05-31,11540.55
2016-05-30,11519.16
2016-05-27,11449.43
2016-05-26,11371.31
2016-05-25,11304.99
2016-05-24,11229.79
2016-05-23,11309.53
2016-05-20,11367.85
2016-05-19,11505.56
2016-05-18,11611.17
2016-05-17,11576.76
2016-05-16,11544.19
2016-05-13,11584.98
2016-05-12,11545.03
2016-05-11,11451.84
2016-05-10,11426.74
2016-05-09,11390.65
2016-05-06,11223.73
2016-05-05,11220.59
2016-05-04,11203.43
2016-05-03,11341.52
2016-05-02,11355.41
2016-04-29,11287.66
2016-04-28,11280.48
2016-04-27,11395.59
2016-04-26,11362.04
2016-04-25,11332.08
2016-04-22,11346.05
2016-04-21,11379.84
2016-04-20,11447.07
2016-04-18,11398.18
2016-04-13,11240.46
2016-04-12,11153.51
2016-04-11,11037.06
2016-04-08,10963.87
2016-04-07,10886.58
2016-04-06,10902.91
2016-04-05,10770.94
2016-04-04,10939.67
2016-04-01,10861.68
2016-03-31,10785.46
2016-03-30,10745.38
2016-03-29,10521.96
2016-03-28,10518.11
2016-03-23,10702.15
2016-03-22,10681.79
2016-03-21,10632.36
2016-03-18,10508.09
2016-03-17,10496.82
2016-03-16,10508.89
2016-03-15,10512.15
2016-03-14,10581.32
2016-03-11,10487.65
2016-03-10,10461.84
2016-03-09,10467.06
2016-03-08,10407.3
2016-03-04,10392.66
2016-03-03,10353.77
2016-03-02,10202.54
2016-03-01,9949.06
2016-02-29,9567.51
2016-02-26,9562.34
2016-02-25,9633.94
2016-02-24,9688.89
2016-02-23,9810.83
2016-02-22,9957.05
2016-02-19,9896.3
2016-02-18,9909.78
2016-02-17,9890.36
2016-02-16,9894.06
2016-02-15,10102.54
2016-02-12,9745.94
2016-02-11,9906.45
2016-02-10,10420.16
2016-02-09,10569.19
2016-02-08,10661.58
2016-02-05,10702.19
2016-02-04,10556.76
2016-02-03,10640.29
2016-02-02,10906.1
2016-02-01,10970.0
2016-01-29,10939.86
2016-01-28,10769.79
2016-01-27,10791.38
2016-01-25,10744.87
2016-01-22,10595.57
2016-01-21,10331.27
2016-01-20,10230.45
2016-01-19,10448.33
2016-01-18,10307.54
2016-01-15,10760.21
2016-01-14,11157.03
2016-01-13,11294.9
2016-01-12,11534.93
2016-01-11,11640.3
2016-01-08,11730.48
2016-01-07,11614.43
2016-01-06,11958.65
2016-01-05,12016.96
2016-01-04,11973.54
2016-01-01,12135.58
2015-12-31,12050.26
2015-12-30,12000.32
2015-12-29,12004.63
2015-12-28,11981.81
2015-12-24,11936.77
2015-12-23,11903.29
2015-12-22,11795.07
2015-12-21,11794.63
2015-12-18,11747.69
2015-12-17,11731.49
2015-12-16,11484.02
2015-12-15,11468.7
2015-12-14,11353.01
2015-12-11,11285.63
2015-12-10,11310.36
2015-12-09,11187.83
2015-12-08,11454.38
2015-12-07,11609.74
2015-12-04,11570.85
2015-12-03,11690.45
2015-12-02,11752.18
2015-12-01,11784.02
2015-11-30,11769.45
2015-11-27,11652.96
2015-11-26,11596.85
2015-11-24,11574.07
2015-11-23,11547.29
2015-11-20,11491.95
2015-11-19,11421.18
2015-11-18,11287.92
2015-11-17,11403.23
2015-11-16,11315.64
2015-11-13,11206.33
2015-11-11,11275.18
2015-11-10,11116.51
2015-11-09,11228.5
2015-11-06,11117.57
2015-11-05,11183.93
2015-11-04,11385.79
2015-11-03,11449.43
2015-11-02,11368.03
2015-10-30,11391.0
2015-10-29,11483.07
2015-10-28,11592.66
2015-10-27,11585.44
2015-10-26,11598.27
2015-10-23,11661.21
2015-10-21,11707.78
2015-10-20,11703.25
2015-10-19,11684.81
2015-10-16,11590.16
2015-10-15,11587.64
2015-10-14,11597.24
2015-10-13,11601.78
2015-10-12,11528.1
2015-10-09,11519.48
2015-10-08,11556.08
2015-10-07,11595.21
2015-10-06,11645.52
2015-10-05,11590.16
2015-10-01,11401.51
2015-09-30,11368.91
2015-09-29,11188.64
2015-09-28,11200.21
2015-09-24,11229.35
2015-09-23,11144.14
2015-09-22,11079.7
2015-09-21,11189.86
2015-09-18,11078.48
2015-09-16,10942.02
2015-09-15,10979.2
2015-09-14,11046.55
2015-09-11,11005.29
2015-09-10,10884.48
2015-09-09,10864.66
2015-09-08,10607.33
2015-09-07,10503.61
2015-09-04,10706.54
2015-09-03,11020.88
2015-09-02,10846.25
2015-09-01,10867.18
2015-08-31,11136.98
2015-08-28,11148.58
2015-08-27,11105.79
2015-08-26,10777.94
2015-08-25,10732.14
2015-08-24,10634.71
2015-08-21,11776.08
2015-08-20,11831.44
2015-08-19,12085.43
2015-08-18,12011.73
2015-08-17,11765.14
2015-08-14,11708.24
2015-08-13,11466.41
2015-08-12,11621.86
2015-08-11,11929.64
2015-08-10,12104.76
2015-08-07,12131.5
2015-08-06,12102.27
2015-08-05,12131.44
2015-08-04,12078.59
2015-08-03,11938.76
2015-07-31,11847.46
2015-07-30,11818.45
2015-07-29,11632.57
2015-07-28,11495.06
2015-07-27,11462.16
2015-07-24,11603.23
2015-07-23,11624.56
2015-07-22,11531.31
2015-07-21,11383.1
2015-07-20,11555.55
2015-07-17,11487.08
2015-07-16,11436.39
2015-07-15,11315.17
2015-07-14,11239.77
2015-07-13,11155.1
2015-07-10,11000.13
2015-07-09,10928.46
2015-07-08,10902.69
2015-07-07,11077.26
2015-07-06,11017.08
2015-07-03,10880.04
2015-07-02,10908.02
2015-07-01,10854.07
2015-06-30,10712.03
2015-06-29,10572.46
2015-06-26,10721.02
2015-06-25,10676.17
2015-06-24,10660.57
2015-06-23,10716.74
2015-06-22,10691.18
2015-06-19,10510.2
2015-06-18,10457.57
2015-06-17,10339.1
2015-06-16,10220.4
2015-06-15,10162.01
2015-06-12,10101.93
2015-06-11,10164.03
2015-06-10,10340.47
2015-06-09,10225.26
2015-06-08,10306.07
2015-06-05,10462.31
2015-06-04,10384.65
2015-06-03,10351.58
2015-06-02,10627.66
2015-06-01,10845.65
2015-05-29,10847.93
2015-05-28,10699.79
2015-05-27,10717.71
2015-05-26,10742.43
2015-05-25,10776.52
2015-05-22,10833.64
2015-05-21,10804.28
2015-05-20,10829.19
2015-05-19,10841.21
2015-05-18,10756.06
2015-05-15,10646.34
2015-05-14,10584.91
2015-05-13,10492.91
2015-05-12,10380.29
2015-05-11,10599.3
2015-05-08,10478.72
2015-05-07,10300.93
2015-05-06,10550.66
2015-05-05,10914.63
2015-05-04,10908.82
2015-04-30,10709.72
2015-04-29,10793.06
2015-04-28,10715.22
2015-04-27,10456.19
2015-04-24,10828.54
2015-04-23,11183.42
2015-04-22,11219.64
2015-04-21,11269.52
2015-04-20,11311.11
2015-04-17,11556.87
2015-04-16,11682.77
2015-04-15,11832.0
2015-04-13,11890.39
2015-04-10,11814.22
2015-04-09,11776.14
2015-04-08,11769.59
2015-04-07,11589.14
2015-04-06,11511.94
2015-04-01,11380.05
2015-03-31,11076.81
2015-03-30,10955.01
2015-03-27,10630.37
2015-03-26,10616.82
2015-03-25,10765.72
2015-03-24,10824.53
2015-03-23,10851.88
2015-03-20,10928.54
2015-03-19,11185.14
2015-03-18,11305.64
2015-03-17,11262.07
2015-03-16,11142.97
2015-03-13,11232.35
2015-03-12,11327.76
2015-03-11,11149.83
2015-03-10,11131.9
2015-03-09,11150.01
2015-03-05,11308.33
2015-03-04,11180.4
2015-03-03,11353.63
2015-03-02,11170.36
2015-02-28,10909.3
2015-02-27,10933.81
2015-02-26,10758.37
2015-02-25,10844.2
2015-02-24,10805.52
2015-02-23,10880.51
2015-02-20,10963.5
2015-02-19,10936.1
2015-02-18,10961.68
2015-02-16,10912.51
2015-02-13,10894.77
2015-02-12,10807.44
2015-02-11,10622.32
2015-02-10,10481.71
2015-02-09,10429.9
2015-02-06,10582.72
2015-02-05,10771.5
2015-02-04,10861.26
2015-02-03,10920.92
2015-02-02,10936.93
2015-01-30,10778.57
2015-01-29,10813.7
2015-01-28,10790.91
2015-01-27,10780.84
2015-01-23,10795.15
2015-01-22,10884.28
2015-01-21,10811.34
2015-01-20,10832.71
2015-01-19,10788.34
2015-01-16,10688.46
2015-01-15,10650.89
2015-01-14,10525.05
2015-01-13,10527.94
2015-01-12,10458.95
2015-01-09,10346.54
2015-01-08,10361.63
2015-01-07,10171.32
2015-01-06,10164.51
2015-01-05,10501.09
2015-01-02,10499.79
2015-01-01,10402.51
2014-12-31,10304.6
2014-12-30,10161.6
2014-12-29,10097.47
2014-12-26,10042.58
2014-12-24,10042.8
2014-12-23,10048.64
2014-12-22,10057.05
2014-12-19,10004.6
2014-12-18,9882.85
2014-12-17,9594.51
2014-12-16,9681.89
2014-12-15,10033.8
2014-12-12,10038.2
2014-12-11,10165.7
2014-12-10,10259.46
2014-12-09,10135.33
2014-12-08,10264.86
2014-12-05,10355.18
2014-12-04,10341.61
2014-12-03,10258.75
2014-12-02,10086.12
2014-12-01,10000.42
2014-11-28,10114.7
2014-11-27,10106.07
2014-11-26,10063.64
2014-11-25,10007.57
2014-11-24,10111.82
2014-11-21,10139.91
2014-11-20,10211.5
2014-11-19,10235.31
2014-11-18,10285.29
2014-11-17,10229.93
2014-11-14,10072.52
2014-11-13,10027.85
2014-11-12,10085.23
2014-11-11,10021.3
2014-11-10,9990.22
2014-11-07,10015.32
2014-11-05,9947.77
2014-11-03,9957.3
2014-10-31,9815.89
2014-10-30,9705.73
2014-10-29,9606.54
2014-10-28,9485.94
2014-10-27,9457.06
2014-10-23,9509.22
2014-10-22,9413.69
2014-10-21,9317.17
2014-10-20,9258.92
2014-10-17,9192.5
2014-10-16,9213.77
2014-10-14,9542.94
2014-10-13,9530.42
2014-10-10,9476.58
2014-10-09,9569.9
2014-10-08,9383.23
2014-10-07,9449.3
2014-10-01,9505.47
2014-09-30,9534.92
2014-09-29,9467.3
2014-09-26,9248.76
2014-09-25,9211.63
2014-09-24,9509.08
2014-09-23,9677.35
2014-09-22,9882.26
2014-09-19,9825.19
2014-09-18,9685.54
2014-09-17,9466.54
2014-09-16,9459.62
2014-09-15,9801.6
2014-09-12,9786.29
2014-09-11,9744.25
2014-09-10,9647.31
2014-09-09,9587.98
2014-09-08,9512.34
2014-09-05,9338.41
2014-09-04,9298.71
2014-09-03,9263.52
2014-09-02,9183.19
2014-09-01,9076.73
2014-08-28,8957.64
2014-08-27,8956.45
2014-08-26,8887.49
2014-08-25,8915.76
2014-08-22,8952.52
2014-08-21,8915.71
2014-08-20,8867.05
2014-08-19,8819.69
2014-08-18,8711.12
2014-08-14,8524.62
2014-08-13,8422.01
2014-08-12,8574.96
2014-08-11,8512.45
2014-08-08,8446.33
2014-08-07,8600.33
2014-08-06,8648.44
2014-08-05,8651.92
2014-08-04,8562.89
2014-08-01,8477.63
2014-07-31,8541.68
2014-07-30,8526.67
2014-07-28,8532.36
2014-07-25,8557.86
2014-07-24,8732.2
2014-07-23,8703.28
2014-07-22,8739.52
2014-07-21,8732.99
2014-07-18,8663.58
2014-07-17,8670.55
2014-07-16,8504.63
2014-07-15,8333.86
2014-07-14,8173.63
2014-07-11,8198.13
2014-07-10,8419.97
2014-07-09,8377.12
2014-07-08,8518.26
2014-07-07,8855.38
2014-07-04,8852.17
2014-07-03,8797.04
2014-07-02,8805.24
2014-07-01,8685.06
2014-06-30,8649.75
2014-06-27,8494.22
2014-06-26,8418.29
2014-06-25,8403.8
2014-06-24,8387.59
2014-06-23,8257.8
2014-06-20,8242.0
2014-06-19,8234.09
2014-06-18,8241.57
2014-06-17,8236.61
2014-06-16,8061.77
2014-06-13,7988.77
2014-06-12,8168.05
2014-06-11,8122.92
2014-06-10,8151.31
2014-06-09,8169.69
2014-06-06,8010.1
2014-06-05,7907.19
2014-06-04,7860.29
2014-06-03,7727.98
2014-06-02,7617.78
2014-05-30,7458.22
2014-05-29,7449.62
2014-05-28,7519.0
2014-05-27,7448.91
2014-05-26,7478.61
2014-05-23,7649.25
2014-05-22,7530.45
2014-05-21,7339.7
2014-05-20,7216.01
2014-05-19,7074.34
2014-05-16,6832.85
2014-05-15,6804.78
2014-05-14,6877.8
2014-05-13,6868.99
2014-05-12,6796.51
2014-05-09,6779.98
2014-05-08,6721.09
2014-05-07,6664.95
2014-05-06,6677.87
2014-05-05,6624.82
2014-05-02,6627.68
2014-04-30,6576.04
2014-04-29,6627.34
2014-04-28,6610.91
2014-04-25,6586.68
2014-04-23,6606.21
2014-04-22,6567.72
2014-04-21,6559.66
2014-04-17,6457.93
2014-04-16,6367.17
2014-04-15,6430.75
2014-04-11,6465.64
2014-04-10,6438.49
2014-04-09,6412.43
2014-04-07,6292.51
2014-04-04,6325.61
2014-04-03,6307.31
2014-04-02,6337.56
2014-04-01,6249.18
2014-03-31,6237.37
2014-03-28,6204.13
2014-03-27,6130.07
2014-03-26,6099.84
2014-03-25,6069.88
2014-03-24,6050.63
2014-03-22,6061.04
2014-03-21,6028.55
2014-03-20,5977.11
2014-03-19,5952.24
2014-03-18,5932.46
2014-03-14,5875.82
2014-03-13,5897.23
2014-03-12,5954.46
2014-03-11,5961.58
2014-03-10,5956.15
2014-03-07,5952.71
2014-03-06,6020.63
2014-03-05,5949.24
2014-03-04,5932.04
2014-03-03,5859.3
2014-02-28,5857.23
2014-02-26,5808.02
2014-02-25,5799.2
2014-02-24,5761.97
2014-02-21,5722.8
2014-02-20,5663.82
2014-02-19,5663.83
2014-02-18,5614.67
2014-02-17,5552.83
2014-02-14,5559.61
2014-02-13,5560.29
2014-02-12,5626.98
2014-02-11,5610.48
2014-02-10,5599.93
2014-02-07,5567.26
2014-02-06,5529.43
2014-02-05,5553.48
2014-02-04,5500.18
2014-02-03,5493.1
2014-01-31,5495.95
2014-01-30,5386.51
2014-01-29,5442.22
2014-01-28,5455.99
2014-01-27,5433.14
2014-01-24,5531.95
2014-01-23,5626.39
2014-01-22,5661.93
2014-01-21,5639.63
2014-01-20,5612.96
2014-01-17,5543.73
2014-01-16,5654.0
2014-01-15,5674.73
2014-01-14,5669.73
2014-01-13,5678.05
2014-01-10,5665.62
2014-01-09,5694.8
2014-01-08,5731.91
2014-01-07,5720.61
2014-01-06,5725.58
2014-01-03,5676.83
2014-01-02,5626.41
2014-01-01,5728.44
2013-12-31,5673.2
2013-12-30,5644.21
2013-12-27,5648.61
2013-12-26,5634.57
2013-12-24,5588.34
2013-12-23,5539.34
2013-12-20,5497.24
2013-12-19,5376.56
2013-12-18,5370.89
2013-12-17,5302.08
2013-12-16,5304.58
2013-12-13,5242.12
2013-12-12,5290.42
2013-12-11,5291.33
2013-12-10,5286.37
2013-12-09,5307.78
2013-12-06,5307.84
2013-12-05,5301.28
2013-12-04,5291.59
2013-12-03,5296.05
2013-12-02,5305.85
2013-11-29,5256.72
2013-11-28,5200.59
2013-11-27,5160.61
2013-11-26,5157.88
2013-11-25,5189.08
2013-11-22,5154.22
2013-11-21,5134.74
2013-11-20,5185.33
2013-11-19,5182.72
2013-11-18,5168.18
2013-11-14,5108.29
2013-11-13,5026.5
2013-11-12,5020.89
2013-11-11,5024.28
2013-11-08,5079.02
2013-11-07,5072.58
2013-11-06,5126.27
2013-11-05,5091.39
2013-11-03,5065.26
2013-11-01,4985.94
2013-10-31,4959.86
2013-10-30,4908.97
2013-10-29,4885.4
2013-10-28,4836.75
2013-10-25,4838.06
2013-10-24,4854.34
2013-10-23,4847.28
2013-10-22,4885.05
2013-10-21,4845.44
2013-10-18,4794.86
2013-10-17,4763.26
2013-10-15,4750.55
2013-10-14,4812.22
2013-10-11,4766.37
2013-10-10,4737.94
2013-10-09,4673.39
2013-10-08,4630.48
2013-10-07,4589.1
2013-10-04,4543.35
2013-10-03,4501.07
2013-10-01,4446.87
2013-09-30,4425.07
2013-09-27,4430.24
2013-09-26,4431.55
2013-09-25,4411.83
2013-09-24,4399.23
2013-09-23,4395.05
2013-09-20,4414.38
2013-09-19,4456.59
2013-09-18,4404.49
2013-09-17,4399.69
2013-09-16,4383.29
2013-09-13,4415.06
2013-09-12,4390.7
2013-09-11,4417.92
2013-09-10,4362.82
2013-09-06,4319.41
2013-09-05,4306.13
2013-09-04,4231.87
2013-09-03,4206.55
2013-09-02,4246.81
2013-08-30,4194.75
2013-08-29,4178.66
2013-08-28,4129.2
2013-08-27,4169.21
2013-08-26,4254.37
2013-08-23,4243.16
2013-08-22,4199.79
2013-08-21,4168.02
2013-08-20,4206.55
2013-08-19,4201.07
2013-08-16,4240.59
2013-08-14,4344.51
2013-08-13,4325.85
2013-08-12,4267.79
2013-08-08,4198.09
2013-08-07,4145.54
2013-08-06,4098.58
2013-08-05,4183.28
2013-08-02,4153.43
2013-08-01,4191.12
2013-07-31,4239.47
2013-07-30,4289.45
2013-07-29,4399.44
2013-07-26,4451.56
2013-07-25,4467.41
2013-07-24,4503.66
2013-07-23,4581.01
2013-07-22,4571.16
2013-07-19,4585.39
2013-07-18,4592.27
2013-07-17,4558.37
2013-07-16,4570.52
2013-07-15,4627.23
2013-07-12,4592.75
2013-07-11,4584.69
2013-07-10,4536.9
2013-07-09,4524.36
2013-07-08,4486.68
2013-07-05,4498.32
2013-07-04,4490.59
2013-07-03,4451.62
2013-07-02,4540.53
2013-07-01,4545.33
2013-06-28,4470.03
2013-06-27,4384.93
2013-06-26,4369.8
2013-06-25,4388.03
2013-06-24,4406.67
2013-06-21,4489.8
2013-06-20,4555.8
2013-06-19,4639.77
2013-06-18,4608.58
2013-06-17,4599.93
2013-06-14,4581.81
2013-06-13,4532.47
2013-06-12,4596.2
2013-06-11,4640.7
2013-06-10,4716.17
2013-06-07,4742.97
2013-06-06,4758.88
2013-06-05,4741.89
2013-06-04,4743.08
2013-06-03,4723.14
2013-05-31,4715.82
2013-05-30,4791.33
2013-05-29,4784.99
2013-05-28,4799.76
2013-05-27,4786.35
2013-05-24,4738.43
2013-05-23,4698.75
2013-05-22,4795.5
2013-05-21,4840.39
2013-05-20,4880.13
2013-05-17,4885.17
2013-05-16,4873.72
2013-05-15,4876.45
2013-05-14,4804.13
2013-05-13,4821.51
2013-05-11,4893.91
2013-05-10,4880.33
2013-05-09,4886.99
2013-05-08,4899.83
2013-05-07,4851.54
2013-05-06,4805.14
2013-05-03,4736.12
2013-05-02,4759.26
2013-04-30,4731.61
2013-04-29,4718.22
2013-04-26,4687.31
2013-04-25,4718.32
2013-04-23,4704.28
2013-04-22,4707.92
2013-04-18,4664.79
2013-04-17,4630.61
2013-04-16,4620.95
2013-04-15,4591.43
2013-04-12,4562.68
2013-04-11,4579.45
2013-04-10,4567.04
2013-04-09,4550.27
2013-04-08,4586.43
2013-04-05,4572.38
2013-04-04,4587.21
2013-04-03,4695.9
2013-04-02,4710.01
2013-04-01,4631.83
2013-03-28,4565.03
2013-03-26,4508.45
2013-03-25,4498.0
2013-03-22,4492.16
2013-03-21,4516.1
2013-03-20,4559.52
2013-03-19,4624.92
2013-03-18,4665.44
2013-03-15,4669.12
2013-03-14,4706.3
2013-03-13,4702.13
2013-03-12,4756.56
2013-03-11,4771.8
2013-03-08,4777.97
2013-03-07,4752.37
2013-03-06,4730.89
2013-03-05,4690.31
2013-03-04,4626.99
2013-03-01,4689.93
2013-02-28,4696.77
2013-02-27,4756.74
2013-02-26,4731.51
2013-02-25,4810.6
2013-02-22,4836.08
2013-02-21,4837.21
2013-02-20,4901.25
2013-02-19,4886.39
2013-02-18,4839.97
2013-02-15,4820.98
2013-02-14,4833.07
2013-02-13,4879.8
2013-02-12,4881.69
2013-02-11,4891.46
2013-02-08,4896.02
2013-02-07,4917.03
2013-02-06,4962.75
2013-02-05,4952.21
2013-02-04,4981.65
2013-02-01,5022.08
2013-01-31,5043.47
2013-01-30,5034.44
2013-01-29,5034.24
2013-01-28,5051.57
2013-01-25,5037.24
2013-01-24,4988.67
2013-01-23,5066.27
2013-01-22,5113.38
2013-01-21,5144.31
2013-01-18,5139.33
2013-01-17,5157.04
2013-01-16,5157.99
2013-01-15,5223.85
2013-01-14,5208.73
2013-01-11,5168.77
2013-01-10,5213.79
2013-01-09,5213.1
2013-01-08,5216.48
2013-01-07,5225.65
2013-01-04,5221.66
2013-01-03,5191.54
2013-01-02,5175.98
2013-01-01,5125.61
2012-12-31,5073.99
2012-12-28,5050.76
2012-12-27,5029.15
2012-12-26,5047.98
2012-12-24,5013.8
2012-12-21,4969.54
2012-12-20,5039.12
2012-12-19,5058.17
2012-12-18,5043.55
2012-12-17,5010.99
2012-12-14,4984.67
2012-12-13,4973.1
2012-12-12,5054.1
2012-12-11,5046.67
2012-12-10,5084.52
2012-12-07,5048.74
2012-12-06,5045.24
2012-12-05,5015.72
2012-12-04,5009.83
2012-12-03,5022.63
2012-11-30,4944.44
2012-11-29,4887.05
2012-11-27,4826.79
2012-11-26,4798.17
2012-11-23,4774.68
2012-11-22,4748.23
2012-11-21,4734.63
2012-11-20,4735.82
2012-11-19,4771.12
2012-11-16,4792.7
2012-11-15,4809.11
2012-11-13,4805.26
2012-11-12,4763.91
2012-11-09,4741.63
2012-11-08,4756.16
2012-11-07,4760.51
2012-11-06,4737.49
2012-11-05,4687.24
2012-11-02,4703.36
2012-11-01,4693.19
2012-10-31,4667.87
2012-10-30,4617.27
2012-10-29,4647.61
2012-10-26,4639.05
2012-10-25,4683.19
2012-10-23,4685.07
2012-10-22,4688.49
2012-10-19,4685.85
2012-10-18,4720.96
2012-10-17,4666.46
2012-10-16,4670.0
2012-10-15,4693.08
2012-10-12,4673.34
2012-10-11,4663.01
2012-10-10,4630.29
2012-10-09,4681.28
2012-10-08,4657.47
2012-10-05,4677.2
2012-10-04,4730.53
2012-10-03,4747.02
2012-10-01,4724.77
2012-09-28,4651.27
2012-09-27,4603.7
2012-09-26,4594.4
2012-09-25,4589.8
2012-09-24,4564.68
2012-09-21,4544.01
2012-09-20,4479.69
2012-09-18,4509.34
2012-09-17,4471.16
2012-09-14,4446.93
2012-09-13,4425.39
2012-09-12,4423.53
2012-09-11,4392.17
2012-09-10,4370.75
2012-09-08,4347.23
2012-09-07,4322.56
2012-09-06,4271.05
2012-09-05,4256.18
2012-09-04,4261.18
2012-09-03,4239.13
2012-08-31,4219.07
2012-08-30,4216.45
2012-08-29,4212.22
2012-08-28,4250.96
2012-08-27,4297.58
2012-08-24,4341.76
2012-08-23,4359.0
2012-08-22,4357.01
2012-08-21,4369.57
2012-08-17,4364.28
2012-08-16,4361.14
2012-08-14,4335.14
2012-08-13,4291.8
2012-08-10,4283.83
2012-08-09,4291.96
2012-08-08,4287.15
2012-08-07,4297.88
2012-08-06,4275.6
2012-08-03,4253.19
2012-08-02,4272.08
2012-08-01,4247.74
2012-07-31,4198.0
2012-07-30,4173.77
2012-07-27,4126.36
2012-07-26,4176.5
2012-07-25,4266.59
2012-07-24,4285.3
2012-07-23,4279.32
2012-07-20,4327.3
2012-07-19,4326.52
2012-07-18,4310.68
2012-07-17,4290.98
2012-07-16,4309.71
2012-07-13,4333.8
2012-07-12,4327.3
2012-07-11,4358.09
2012-07-10,4363.41
2012-07-09,4324.61
2012-07-06,4368.04
2012-07-05,4398.82
2012-07-04,4331.19
2012-07-03,4308.44
2012-07-02,4279.82
2012-06-29,4245.78
2012-06-28,4172.17
2012-06-27,4161.21
2012-06-26,4145.04
2012-06-25,4142.78
2012-06-22,4140.9
2012-06-21,4136.93
2012-06-20,4100.62
2012-06-19,4072.11
2012-06-18,4053.99
2012-06-15,4094.13
2012-06-14,4076.02
2012-06-13,4107.34
2012-06-12,4103.03
2012-06-11,4080.88
2012-06-08,4086.59
2012-06-07,4066.7
2012-06-06,4042.6
2012-06-05,3975.27
2012-06-04,3962.89
2012-06-01,3975.77
2012-05-31,4030.38
2012-05-30,4017.93
2012-05-29,4062.09
2012-05-28,4061.68
2012-05-25,4019.66
2012-05-24,4002.7
2012-05-23,3985.7
2012-05-22,4001.81
2012-05-21,4027.84
2012-05-18,4006.52
2012-05-17,4003.04
2012-05-16,3983.43
2012-05-15,4021.63
2012-05-14,3986.85
2012-05-11,4042.98
2012-05-10,4073.72
2012-05-09,4070.54
2012-05-08,4106.19
2012-05-07,4170.31
2012-05-04,4149.55
2012-05-03,4229.46
2012-05-02,4262.45
2012-04-30,4255.32
2012-04-28,4208.28
2012-04-27,4204.17
2012-04-26,4205.23
2012-04-25,4227.87
2012-04-24,4254.35
2012-04-23,4271.04
2012-04-20,4314.06
2012-04-19,4345.29
2012-04-18,4327.18
2012-04-17,4313.5
2012-04-16,4275.96
2012-04-13,4236.0
2012-04-12,4262.32
2012-04-11,4220.49
2012-04-10,4225.34
2012-04-09,4206.82
2012-04-04,4249.38
2012-04-03,4265.85
2012-04-02,4216.7
2012-03-30,4175.04
2012-03-29,4086.87
2012-03-28,4086.79
2012-03-27,4105.4
2012-03-26,4107.7
2012-03-23,4162.14
2012-03-22,4148.3
2012-03-21,4212.79
2012-03-20,4146.58
2012-03-19,4120.55
2012-03-16,4140.19
2012-03-15,4164.79
2012-03-14,4205.75
2012-03-13,4201.63
2012-03-12,4163.86
2012-03-09,4145.48
2012-03-07,4070.89
2012-03-06,4076.22
2012-03-05,4113.08
2012-03-03,4148.39
2012-03-02,4134.41
2012-03-01,4137.16
2012-02-29,4147.95
2012-02-28,4121.0
2012-02-27,4024.96
2012-02-24,4132.14
2012-02-23,4154.54
2012-02-22,4183.48
2012-02-21,4319.83
2012-02-17,4271.51
2012-02-16,4284.73
2012-02-15,4251.55
2012-02-14,4201.74
2012-02-13,4152.78
2012-02-10,4131.93
2012-02-09,4113.57
2012-02-08,4073.86
2012-02-07,4012.39
2012-02-06,4000.35
2012-02-03,3953.46
2012-02-02,3923.45
2012-02-01,3880.77
2012-01-31,3850.72
2012-01-30,3790.79
2012-01-27,3857.26
2012-01-25,3828.22
2012-01-24,3791.14
2012-01-23,3752.07
2012-01-20,3769.54
2012-01-19,3775.22
2012-01-18,3737.46
2012-01-17,3764.14
2012-01-16,3711.08
2012-01-13,3717.87
2012-01-12,3672.12
2012-01-11,3671.23
2012-01-10,3632.6
2012-01-09,3557.49
2012-01-07,3529.17
2012-01-06,3492.03
2012-01-05,3496.7
2012-01-04,3492.6
2012-01-03,3497.31
2012-01-02,3431.19
2011-12-30,3435.69
2011-12-29,3427.78
2011-12-28,3429.98
2011-12-27,3459.78
2011-12-26,3479.76
2011-12-23,3447.86
2011-12-22,3435.96
2011-12-21,3423.66
2011-12-20,3385.64
2011-12-19,3463.26
2011-12-16,3536.82
2011-12-15,3604.39
2011-12-14,3661.92
2011-12-13,3700.7
2011-12-12,3721.28
2011-12-09,3796.04
2011-12-08,3818.14
2011-12-07,3882.62
2011-12-05,3874.31
2011-12-02,3870.82
2011-12-01,3834.35
2011-11-30,3806.53
2011-11-29,3837.51
2011-11-28,3861.48
2011-11-25,3826.05
2011-11-24,3804.75
2011-11-23,3765.99
2011-11-22,3836.6
2011-11-21,3844.32
2011-11-18,3918.31
2011-11-17,3955.37
2011-11-16,3992.0
2011-11-15,4034.48
2011-11-14,4142.45
2011-11-11,4203.75
2011-11-09,4247.7
2011-11-08,4280.57
2011-11-04,4274.36
2011-11-03,4247.91
2011-11-02,4252.26
2011-11-01,4258.73
2011-10-31,4277.16
2011-10-28,4263.13
2011-10-26,4222.98
2011-10-25,4179.02
2011-10-24,4183.09
2011-10-21,4204.59
2011-10-20,4191.39
2011-10-19,4211.44
2011-10-18,4172.06
2011-10-17,4214.71
2011-10-14,4204.5
2011-10-13,4189.04
2011-10-12,4194.43
2011-10-11,4146.77
2011-10-10,4126.96
2011-10-07,4070.2
2011-10-05,4002.25
2011-10-04,4068.82
2011-10-03,4095.74
2011-09-30,4144.19
2011-09-29,4139.49
2011-09-28,4147.87
2011-09-27,4194.09
2011-09-26,4129.54
2011-09-23,4198.48
2011-09-22,4241.97
2011-09-21,4371.43
2011-09-20,4329.57
2011-09-19,4256.9
2011-09-16,4265.26
2011-09-15,4248.45
2011-09-14,4235.1
2011-09-13,4220.41
2011-09-12,4222.82
2011-09-09,4294.39
2011-09-08,4310.01
2011-09-07,4291.69
2011-09-06,4243.76
2011-09-05,4196.66
2011-09-02,4166.05
2011-08-30,4135.68
2011-08-29,4078.56
2011-08-26,3996.07
2011-08-25,4079.33
2011-08-24,4114.74
2011-08-23,4130.04
2011-08-22,4077.15
2011-08-19,4018.19
2011-08-18,4061.08
2011-08-17,4159.45
2011-08-16,4183.84
2011-08-12,4217.91
2011-08-11,4207.28
2011-08-10,4218.93
2011-08-09,4109.42
2011-08-08,4171.61
2011-08-05,4262.32
2011-08-04,4359.0
2011-08-03,4385.77
2011-08-02,4396.91
2011-08-01,4462.23
2011-07-29,4482.11
2011-07-28,4512.57
2011-07-27,4546.82
2011-07-26,4536.79
2011-07-25,4565.59
2011-07-22,4554.36
2011-07-21,4492.35
2011-07-20,4503.05
2011-07-19,4508.98
2011-07-18,4477.04
2011-07-15,4461.47
2011-07-14,4450.33
2011-07-13,4426.09
2011-07-12,4362.06
2011-07-11,4403.13
2011-07-08,4412.97
2011-07-07,4445.35
2011-07-06,4398.67
2011-07-05,4370.55
2011-07-04,4374.33
2011-07-01,4331.3
2011-06-30,4305.04
2011-06-29,4284.69
2011-06-28,4238.42
2011-06-27,4203.28
2011-06-24,4157.13
2011-06-23,4082.46
2011-06-22,4076.26
2011-06-21,4108.12
2011-06-20,4108.86
2011-06-17,4225.34
2011-06-16,4272.16
2011-06-15,4315.46
2011-06-14,4342.26
2011-06-13,4305.7
2011-06-10,4293.59
2011-06-09,4305.16
2011-06-08,4300.45
2011-06-07,4307.01
2011-06-06,4282.51
2011-06-03,4278.44
2011-06-02,4287.58
2011-06-01,4295.99
2011-05-31,4257.52
2011-05-30,4209.84
2011-05-27,4179.37
2011-05-26,4135.04
2011-05-25,4118.69
2011-05-24,4120.72
2011-05-23,4111.66
2011-05-20,4166.73
2011-05-19,4137.41
2011-05-18,4151.11
2011-05-17,4162.76
2011-05-16,4187.21
2011-05-13,4219.44
2011-05-12,4186.14
2011-05-11,4225.9
2011-05-10,4188.75
2011-05-09,4178.86
2011-05-06,4160.84
2011-05-05,4116.18
2011-05-04,4158.74
2011-05-03,4173.45
2011-05-02,4250.8
2011-04-29,4308.6
2011-04-28,4364.2
2011-04-27,4385.58
2011-04-26,4399.51
2011-04-25,4385.21
2011-04-21,4383.03
2011-04-20,4385.06
2011-04-19,4330.41
2011-04-18,4319.08
2011-04-15,4389.52
2011-04-13,4389.65
2011-04-11,4322.52
2011-04-08,4351.68
2011-04-07,4424.0
2011-04-06,4374.99
2011-04-05,4356.88
2011-04-04,4329.78
2011-04-01,4225.3
2011-03-31,4155.66
2011-03-30,4141.74
2011-03-29,4069.32
2011-03-28,4053.84
2011-03-25,4037.22
2011-03-24,3994.31
2011-03-23,3956.91
2011-03-22,3926.51
2011-03-21,3904.4
2011-03-18,3914.88
2011-03-17,3943.55
2011-03-16,3945.03
2011-03-15,3886.65
2011-03-14,3946.45
2011-03-11,3928.12
2011-03-10,3953.26
2011-03-09,3956.63
2011-03-08,3930.25
2011-03-07,3887.09
2011-03-04,3952.31
2011-03-03,3957.45
2011-03-01,3952.04
2011-02-28,3830.93
2011-02-25,3799.59
2011-02-24,3817.92
2011-02-23,3922.4
2011-02-22,3952.43
2011-02-21,3967.31
2011-02-18,3985.58
2011-02-17,4046.37
2011-02-16,4024.17
2011-02-15,3999.31
2011-02-14,3985.95
2011-02-11,3822.52
2011-02-10,3700.51
2011-02-09,3715.04
2011-02-08,3876.16
2011-02-07,3957.25
2011-02-04,3974.59
2011-02-03,4025.94
2011-02-02,3959.7
2011-02-01,3966.76
2011-01-31,4019.87
2011-01-28,4043.07
2011-01-27,4152.15
2011-01-25,4231.74
2011-01-24,4276.9
2011-01-21,4245.49
2011-01-20,4231.65
2011-01-19,4233.4
2011-01-18,4219.38
2011-01-17,4201.34
2011-01-14,4258.47
2011-01-13,4315.78
2011-01-12,4336.77
2011-01-11,4261.14
2011-01-10,4286.71
2011-01-07,4400.3
2011-01-06,4511.42
2011-01-05,4565.34
2011-01-04,4621.07
2011-01-03,4616.3
2010-12-31,4559.1
2010-12-30,4514.58
2010-12-29,4493.6
2010-12-28,4463.59
2010-12-27,4456.99
2010-12-24,4449.66
2010-12-23,4453.32
2010-12-22,4445.09
2010-12-21,4423.12
2010-12-20,4384.1
2010-12-16,4378.06
2010-12-15,4357.72
2010-12-14,4412.98
2010-12-13,4320.7
2010-12-10,4238.07
2010-12-09,4159.3
2010-12-08,4364.9
2010-12-07,4472.12
2010-12-06,4555.96
2010-12-03,4585.01
2010-12-02,4694.44
2010-12-01,4612.92
2010-11-30,4499.31
2010-11-29,4434.33
2010-11-26,4430.67
2010-11-25,4590.0
2010-11-24,4657.01
2010-11-23,4691.57
2010-11-22,4740.66
2010-11-19,4696.8
2010-11-18,4781.03
2010-11-16,4794.23
2010-11-15,4921.41
2010-11-12,4951.18
2010-11-11,5082.77
2010-11-10,5127.23
2010-11-09,5111.07
2010-11-08,5086.85
2010-11-05,5097.4
2010-11-04,5048.44
2010-11-03,5037.51
2010-11-02,4991.68
2010-11-01,4968.39
2010-10-29,4915.46
2010-10-28,4959.15
2010-10-27,4976.35
2010-10-26,4987.55
2010-10-25,4971.3
2010-10-22,4905.85
2010-10-21,4868.71
2010-10-20,4815.85
2010-10-19,4840.44
2010-10-18,4823.3
2010-10-15,4869.96
2010-10-14,4922.63
2010-10-13,4923.81
2010-10-12,4883.26
2010-10-11,4872.69
2010-10-08,4797.98
2010-10-07,4812.14
2010-10-06,4853.33
2010-10-05,4790.88
2010-10-04,4750.28
2010-10-01,4733.76
2010-09-30,4641.82
2010-09-29,4653.55
2010-09-28,4666.97
2010-09-27,4674.22
2010-09-24,4673.79
2010-09-23,4603.71
2010-09-22,4610.7
2010-09-21,4631.25
2010-09-20,4680.31
2010-09-17,4673.61
2010-09-16,4632.22
2010-09-15,4661.52
2010-09-14,4645.14
2010-09-13,4682.85
2010-09-09,4659.75
2010-09-08,4623.41
2010-09-07,4597.94
2010-09-06,4585.57
2010-09-03,4509.66
2010-09-02,4463.12
2010-09-01,4442.87
2010-08-31,4355.89
2010-08-30,4391.8
2010-08-27,4402.12
2010-08-26,4430.25
2010-08-25,4411.86
2010-08-24,4473.8
2010-08-23,4488.08
2010-08-20,4458.43
2010-08-19,4446.7
2010-08-18,4407.77
2010-08-17,4364.25
2010-08-16,4320.69
2010-08-13,4324.78
2010-08-12,4289.55
2010-08-11,4281.66
2010-08-10,4297.64
2010-08-09,4318.0
2010-08-06,4263.65
2010-08-05,4253.37
2010-08-04,4246.55
2010-08-03,4229.8
2010-08-02,4215.38
2010-07-30,4168.69
2010-07-29,4172.92
2010-07-28,4167.44
2010-07-27,4185.17
2010-07-26,4196.54
2010-07-23,4227.06
2010-07-22,4245.75
2010-07-21,4238.6
2010-07-20,4214.15
2010-07-19,4226.54
2010-07-16,4221.1
2010-07-15,4194.23
2010-07-14,4177.88
2010-07-13,4187.09
2010-07-12,4170.12
2010-07-09,4140.51
2010-07-08,4117.57
2010-07-07,4082.42
2010-07-06,4080.33
2010-07-05,4048.93
2010-07-02,4030.47
2010-07-01,4013.07
2010-06-30,4012.38
2010-06-29,3995.47
2010-06-28,4013.87
2010-06-25,3977.19
2010-06-24,4002.95
2010-06-23,3991.55
2010-06-22,3939.16
2010-06-21,3918.03
2010-06-18,3878.12
2010-06-17,3896.44
2010-06-16,3878.64
2010-06-15,3869.84
2010-06-14,3834.24
2010-06-11,3801.93
2010-06-10,3781.08
2010-06-09,3732.12
2010-06-08,3722.29
2010-06-07,3742.35
2010-06-04,3805.37
2010-06-03,3812.31
2010-06-02,3765.12
2010-06-01,3747.13
2010-05-31,3777.52
2010-05-28,3723.92
2010-05-27,3678.5
2010-05-26,3651.6
2010-05-25,3599.8
2010-05-24,3723.6
2010-05-21,3723.13
2010-05-20,3767.24
2010-05-19,3777.7
2010-05-18,3857.08
2010-05-17,3840.35
2010-05-14,3864.89
2010-05-13,3921.18
2010-05-12,3888.6
2010-05-11,3887.02
2010-05-10,3907.51
2010-05-07,3817.65
2010-05-06,3925.92
2010-05-05,3916.91
2010-05-04,3924.55
2010-05-03,3988.87
2010-04-30,4018.13
2010-04-29,4002.71
2010-04-28,3947.64
2010-04-27,4027.13
2010-04-26,4032.06
2010-04-23,4006.53
2010-04-22,3972.15
2010-04-21,3964.42
2010-04-20,3925.49
2010-04-19,3862.47
2010-04-16,3936.55
2010-04-15,3954.13
2010-04-13,3950.21
2010-04-12,3955.04
2010-04-09,3937.25
2010-04-08,3888.73
2010-04-07,3900.41
2010-04-06,3881.29
2010-04-05,3872.0
2010-04-01,3836.36
2010-03-31,3783.79
2010-03-30,3765.76
2010-03-29,3721.1
2010-03-26,3726.71
2010-03-25,3718.42
2010-03-23,3713.49
2010-03-22,3689.69
2010-03-19,3716.72
2010-03-18,3706.86
2010-03-17,3701.46
2010-03-16,3670.09
2010-03-15,3625.19
2010-03-12,3658.37
2010-03-11,3647.65
2010-03-10,3659.92
2010-03-09,3665.41
2010-03-08,3700.66
2010-03-05,3658.7
2010-03-04,3637.65
2010-03-03,3608.44
2010-03-02,3564.64
2010-02-26,3480.71
2010-02-25,3441.78
2010-02-24,3456.31
2010-02-23,3473.66
2010-02-22,3512.56
2010-02-19,3541.34
2010-02-18,3586.87
2010-02-17,3601.45
2010-02-16,3571.89
2010-02-15,3555.23
2010-02-11,3570.38
2010-02-10,3536.69
2010-02-09,3533.21
2010-02-08,3508.72
2010-02-06,3530.94
2010-02-05,3478.08
2010-02-04,3566.9
2010-02-03,3622.64
2010-02-02,3576.37
2010-02-01,3621.94
2010-01-29,3570.65
2010-01-28,3530.05
2010-01-27,3516.66
2010-01-25,3668.31
2010-01-22,3708.57
2010-01-21,3747.42
2010-01-20,3850.57
2010-01-19,3836.04
2010-01-18,3844.92
2010-01-15,3825.99
2010-01-14,3798.42
2010-01-13,3751.87
2010-01-12,3703.38
2010-01-11,3737.62
2010-01-08,3690.83
2010-01-07,3688.71
2010-01-06,3686.88
2010-01-05,3655.72
2010-01-04,3624.81
2009-12-31,3570.15
2009-12-30,3550.96
2009-12-29,3515.25
2009-12-24,3472.68
2009-12-23,3462.58
2009-12-22,3411.56
2009-12-21,3381.16
2009-12-18,3378.37
2009-12-17,3371.07
2009-12-16,3337.81
2009-12-15,3329.5
2009-12-14,3367.44
2009-12-11,3369.91
2009-12-10,3391.3
2009-12-09,3380.65
2009-12-08,3368.38
2009-12-07,3351.97
2009-12-04,3372.9
2009-12-03,3366.05
2009-12-02,3350.85
2009-12-01,3310.04
2009-11-30,3243.24
2009-11-27,3164.82
2009-11-26,3237.13
2009-11-25,3273.01
2009-11-24,3260.0
2009-11-23,3248.66
2009-11-20,3214.71
2009-11-19,3200.43
2009-11-18,3251.31
2009-11-17,3221.34
2009-11-16,3217.37
2009-11-13,3184.24
2009-11-12,3169.94
2009-11-11,3184.22
2009-11-10,3131.34
2009-11-09,3131.4
2009-11-06,3077.58
2009-11-05,2986.53
2009-11-04,2930.63
2009-11-03,2868.5
2009-10-30,2988.48
2009-10-29,2991.9
2009-10-28,3024.99
2009-10-27,3027.2
2009-10-26,3149.71
2009-10-23,3200.19
2009-10-22,3193.78
2009-10-21,3250.69
2009-10-20,3251.73
2009-10-17,3251.07
2009-10-16,3213.29
2009-10-15,3204.65
2009-10-14,3170.41
2009-10-12,3106.24
2009-10-09,3076.78
2009-10-08,3097.23
2009-10-07,3092.43
2009-10-06,3066.31
2009-10-05,3085.94
2009-10-01,3142.38
2009-09-30,3153.8
2009-09-29,3130.26
2009-09-25,3109.3
2009-09-24,3074.9
2009-09-23,3073.87
2009-09-22,3117.87
2009-09-18,3103.0
2009-09-17,3085.07
2009-09-16,3094.84
2009-09-15,3069.73
2009-09-14,3026.3
2009-09-11,3029.11
2009-09-10,3037.29
2009-09-09,3057.46
2009-09-08,3047.42
2009-09-07,3042.18
2009-09-04,2967.06
2009-09-03,2941.21
2009-09-02,2937.78
2009-09-01,2942.7
2009-08-31,2985.81
2009-08-28,2959.21
2009-08-27,2927.92
2009-08-26,2910.1
2009-08-25,2873.36
2009-08-24,2838.57
2009-08-21,2775.98
2009-08-20,2742.63
2009-08-19,2719.16
2009-08-18,2732.37
2009-08-17,2678.66
2009-08-14,2750.26
2009-08-13,2759.37
2009-08-12,2657.78
2009-08-11,2644.06
2009-08-10,2626.46
2009-08-07,2664.67
2009-08-06,2724.22
2009-08-05,2749.8
2009-08-04,2728.05
2009-08-03,2708.82
2009-07-31,2671.55
2009-07-30,2661.28
2009-07-29,2635.98
2009-07-28,2666.32
2009-07-27,2632.78
2009-07-24,2600.37
2009-07-23,2559.96
2009-07-22,2503.73
2009-07-21,2515.34
2009-07-20,2512.44
2009-07-17,2448.82
2009-07-16,2405.1
2009-07-15,2386.17
2009-07-14,2280.85
2009-07-13,2191.01
2009-07-10,2259.96
2009-07-09,2291.52
2009-07-08,2294.33
2009-07-07,2366.22
2009-07-06,2367.16
2009-07-03,2466.42
2009-07-02,2453.39
2009-07-01,2427.59
2009-06-30,2420.72
2009-06-29,2467.15
2009-06-26,2445.84
2009-06-25,2396.72
2009-06-24,2408.39
2009-06-23,2357.16
2009-06-22,2362.56
2009-06-19,2387.6
2009-06-18,2354.48
2009-06-17,2438.16
2009-06-16,2538.43
2009-06-15,2497.11
2009-06-12,2534.89
2009-06-11,2581.04
2009-06-10,2602.29
2009-06-09,2569.66
2009-06-08,2505.37
2009-06-05,2654.38
2009-06-04,2678.45
2009-06-03,2637.89
2009-06-02,2604.43
2009-06-01,2546.11
2009-05-29,2472.87
2009-05-28,2406.26
2009-05-27,2413.89
2009-05-26,2336.66
2009-05-25,2433.04
2009-05-22,2356.66
2009-05-21,2279.13
2009-05-20,2236.3
2009-05-19,2085.92
2009-05-18,2021.15
2009-05-15,1877.68
2009-05-14,1871.62
2009-05-13,1870.1
2009-05-12,1883.62
2009-05-11,1865.57
2009-05-08,1889.69
2009-05-07,1901.32
2009-05-06,1852.81
2009-05-05,1855.74
2009-05-04,1823.41
2009-04-29,1764.59
2009-04-28,1745.71
2009-04-27,1798.08
2009-04-24,1810.32
2009-04-23,1773.26
2009-04-22,1763.79
2009-04-21,1800.09
2009-04-20,1785.14
2009-04-17,1756.02
2009-04-16,1744.55
2009-04-15,1824.21
2009-04-13,1748.32
2009-04-09,1697.98
2009-04-08,1665.47
2009-04-06,1609.58
2009-04-02,1569.22
2009-04-01,1535.19
2009-03-31,1492.32
2009-03-30,1474.85
2009-03-27,1484.18
2009-03-26,1458.16
2009-03-25,1448.36
2009-03-24,1441.77
2009-03-23,1442.17
2009-03-20,1409.13
2009-03-19,1400.17
2009-03-18,1389.45
2009-03-17,1372.07
2009-03-16,1365.99
2009-03-13,1326.76
2009-03-12,1304.96
2009-03-09,1301.39
2009-03-06,1318.89
2009-03-05,1318.35
2009-03-04,1336.39
2009-03-03,1340.79
2009-03-02,1356.63
2009-02-27,1378.19
2009-02-26,1379.67
2009-02-25,1384.45
2009-02-24,1377.31
2009-02-20,1393.26
2009-02-19,1408.43
2009-02-18,1411.98
2009-02-17,1415.93
2009-02-16,1442.61
2009-02-13,1477.36
2009-02-12,1460.97
2009-02-11,1460.07
2009-02-10,1455.93
2009-02-09,1448.66
2009-02-06,1428.95
2009-02-05,1408.42
2009-02-04,1424.1
2009-02-03,1425.84
2009-02-02,1431.74
2009-01-30,1447.06
2009-01-29,1434.1
2009-01-28,1432.41
2009-01-27,1421.44
2009-01-23,1414.41
2009-01-22,1428.36
2009-01-21,1448.76
2009-01-20,1474.04
2009-01-19,1478.82
2009-01-16,1463.13
2009-01-15,1461.72
2009-01-14,1487.93
2009-01-13,1467.91
2009-01-12,1482.55
2009-01-09,1504.97
2009-01-07,1538.6
2009-01-06,1639.51
2009-01-05,1637.94
2009-01-02,1611.27
2009-01-01,1576.98
2008-12-31,1538.21
2008-12-30,1521.1
2008-12-29,1496.95
2008-12-26,1484.15
2008-12-24,1490.87
2008-12-23,1505.45
2008-12-22,1547.07
2008-12-19,1555.14
2008-12-18,1547.02
2008-12-17,1523.25
2008-12-16,1570.04
2008-12-15,1516.78
2008-12-12,1470.34
2008-12-11,1439.64
2008-12-10,1416.94
2008-12-08,1388.81
2008-12-05,1379.25
2008-12-04,1379.91
2008-12-03,1347.41
2008-12-02,1345.13
2008-12-01,1366.27
2008-11-28,1365.14
2008-11-26,1372.33
2008-11-25,1387.84
2008-11-24,1402.92
2008-11-21,1402.2
2008-11-20,1392.55
2008-11-19,1435.91
2008-11-18,1463.46
2008-11-17,1503.54
2008-11-14,1546.44
2008-11-12,1562.53
2008-11-11,1585.4
2008-11-10,1636.92
2008-11-07,1594.02
2008-11-06,1578.95
2008-11-05,1617.57
2008-11-04,1645.87
2008-11-03,1612.52
2008-10-31,1542.84
2008-10-29,1489.21
2008-10-28,1490.17
2008-10-27,1381.75
2008-10-24,1457.42
2008-10-23,1591.85
2008-10-22,1646.69
2008-10-21,1672.08
2008-10-20,1617.55
2008-10-17,1636.56
2008-10-16,1677.67
2008-10-15,1717.11
2008-10-14,1799.12
2008-10-13,1753.65
2008-10-10,1681.17
2008-10-08,1827.05
2008-10-07,1924.22
2008-10-06,1975.55
2008-10-03,2124.4
2008-10-01,2197.61
2008-09-30,2185.67
2008-09-29,2163.09
2008-09-26,2279.36
2008-09-25,2353.03
2008-09-24,2372.32
2008-09-23,2367.81
2008-09-22,2420.97
2008-09-19,2421.85
2008-09-18,2356.29
2008-09-17,2409.1
2008-09-16,2428.57
2008-09-15,2475.07
2008-09-12,2604.75
2008-09-11,2652.72
2008-09-10,2691.75
2008-09-09,2717.73
2008-09-08,2734.0
2008-09-05,2709.46
2008-09-04,2739.14
2008-09-02,2744.67
2008-09-01,2712.71
2008-08-29,2719.25
2008-08-28,2679.2
2008-08-27,2711.66
2008-08-26,2732.22
2008-08-25,2743.51
2008-08-22,2751.42
2008-08-21,2748.04
2008-08-20,2822.65
2008-08-19,2776.7
2008-08-18,2781.44
2008-08-14,2814.04
2008-08-13,2854.68
2008-08-12,2847.89
2008-08-11,2872.29
2008-08-08,2839.71
2008-08-07,2813.42
2008-08-06,2793.5
2008-08-05,2799.44
2008-08-04,2771.59
2008-08-01,2726.82
2008-07-31,2694.77
2008-07-30,2702.59
2008-07-29,2664.06
2008-07-28,2705.34
2008-07-25,2651.82
2008-07-24,2658.49
2008-07-23,2647.0
2008-07-22,2520.13
2008-07-21,2470.32
2008-07-18,2475.91
2008-07-17,2439.74
2008-07-16,2417.84
2008-07-15,2454.18
2008-07-14,2524.21
2008-07-11,2543.32
2008-07-10,2575.56
2008-07-09,2566.31
2008-07-08,2498.74
2008-07-07,2511.88
2008-07-04,2453.63
2008-07-03,2406.57
2008-07-02,2455.78
2008-07-01,2393.68
2008-06-30,2506.22
2008-06-27,2609.78
2008-06-26,2686.69
2008-06-25,2653.07
2008-06-24,2640.02
2008-06-23,2679.34
2008-06-20,2796.88
2008-06-19,2889.81
2008-06-18,2945.34
2008-06-17,2947.63
2008-06-16,2885.48
2008-06-13,2857.06
2008-06-12,2843.22
2008-06-11,2811.25
2008-06-10,2772.11
2008-06-09,2805.18
2008-06-06,2907.67
2008-06-05,2925.44
2008-06-04,2903.39
2008-06-03,2982.37
2008-06-02,3012.26
2008-05-30,3080.44
2008-05-29,3086.19
2008-05-28,3092.32
2008-05-27,3073.31
2008-05-26,3115.65
2008-05-23,3180.08
2008-05-22,3220.61
2008-05-21,3271.86
2008-05-20,3241.19
2008-05-16,3236.15
2008-05-15,3199.91
2008-05-14,3147.47
2008-05-13,3139.72
2008-05-12,3134.79
2008-05-09,3171.57
2008-05-08,3251.82
2008-05-07,3286.49
2008-05-06,3298.02
2008-05-05,3343.03
2008-05-02,3342.81
2008-04-30,3298.93
2008-04-29,3304.17
2008-04-28,3256.6
2008-04-25,3266.02
2008-04-24,3241.42
2008-04-23,3258.86
2008-04-22,3262.15
2008-04-21,3232.08
2008-04-17,3149.55
2008-04-16,3088.48
2008-04-15,3034.61
2008-04-11,3004.26
2008-04-10,2976.91
2008-04-09,2948.12
2008-04-08,2900.79
2008-04-07,2869.63
2008-04-04,2835.31
2008-04-03,2880.27
2008-04-02,2901.53
2008-04-01,2906.13
2008-03-31,2906.69
2008-03-28,2934.75
2008-03-27,2805.96
2008-03-26,2785.11
2008-03-25,2753.37
2008-03-24,2625.58
2008-03-19,2715.56
2008-03-18,2743.43
2008-03-17,2782.77
2008-03-14,2987.59
2008-03-13,2966.23
2008-03-12,3150.21
2008-03-11,3166.37
2008-03-10,3060.66
2008-03-07,3125.18
2008-03-05,3269.72
2008-03-04,3325.7
2008-03-03,3428.93
2008-02-29,3592.69
2008-02-28,3610.77
2008-02-27,3608.39
2008-02-26,3582.49
2008-02-25,3533.91
2008-02-22,3546.24
2008-02-21,3576.94
2008-02-20,3550.79
2008-02-19,3604.48
2008-02-18,3559.38
2008-02-15,3507.93
2008-02-14,3465.83
2008-02-13,3306.65
2008-02-12,3318.61
2008-02-11,3396.48
2008-02-08,3563.8
2008-02-07,3645.84
2008-02-06,3722.89
2008-02-05,3776.22
2008-02-04,3737.51
2008-02-01,3660.44
2008-01-31,3651.03
2008-01-30,3646.73
2008-01-29,3729.81
2008-01-28,3702.9
2008-01-25,3717.14
2008-01-24,3510.41
2008-01-23,3621.1
2008-01-22,3366.88
2008-01-21,3670.59
2008-01-18,4142.56
2008-01-17,4324.77
2008-01-16,4270.14
2008-01-15,4365.03
2008-01-14,4411.46
2008-01-11,4368.2
2008-01-10,4397.71
2008-01-09,4542.75
2008-01-08,4595.56
2008-01-07,4702.98
2008-01-04,4704.35
2008-01-03,4701.9
2008-01-02,4721.16
2008-01-01,4648.63
2007-12-31,4593.44
2007-12-28,4478.83
2007-12-27,4400.61
2007-12-26,4378.55
2007-12-24,4278.43
2007-12-20,4190.33
2007-12-19,4193.61
2007-12-18,4199.08
2007-12-17,4203.65
2007-12-14,4346.57
2007-12-13,4291.76
2007-12-12,4281.68
2007-12-11,4236.75
2007-12-10,4223.79
2007-12-07,4199.85
2007-12-06,4186.47
2007-12-05,4204.0
2007-12-04,4129.15
2007-12-03,4066.08
2007-11-30,3963.58
2007-11-29,3899.99
2007-11-28,3921.25
2007-11-27,3920.99
2007-11-26,3920.85
2007-11-23,3846.38
2007-11-22,3796.89
2007-11-21,3875.98
2007-11-20,4065.08
2007-11-19,4085.15
2007-11-16,4019.59
2007-11-15,3963.17
2007-11-14,3880.77
2007-11-13,3796.67
2007-11-12,3749.82
2007-11-09,3753.74
2007-11-08,3714.72
2007-11-07,3735.58
2007-11-06,3785.24
2007-11-05,3774.04
2007-11-02,3715.11
2007-11-01,3680.67
2007-10-31,3723.18
2007-10-30,3684.77
2007-10-29,3704.69
2007-10-26,3617.84
2007-10-25,3542.43
2007-10-24,3488.03
2007-10-23,3446.76
2007-10-22,3362.33
2007-10-19,3358.58
2007-10-18,3426.73
2007-10-17,3522.53
2007-10-16,3548.76
2007-10-15,3498.04
2007-10-12,3386.3
2007-10-11,3383.73
2007-10-10,3342.56
2007-10-09,3294.22
2007-10-08,3193.35
2007-10-05,3303.96
2007-10-04,3330.31
2007-10-03,3297.25
2007-10-01,3298.3
2007-09-28,3266.56
2007-09-27,3246.83
2007-09-26,3224.95
2007-09-25,3187.38
2007-09-24,3177.11
2007-09-21,3159.76
2007-09-20,3154.93
2007-09-19,3156.23
2007-09-18,3111.84
2007-09-17,3085.79
2007-09-14,3070.71
2007-09-13,3097.36
2007-09-12,3071.03
2007-09-11,3060.51
2007-09-10,3062.96
2007-09-07,3052.13
2007-09-06,3034.89
2007-09-05,2990.37
2007-09-04,2981.25
2007-09-03,2942.82
2007-08-31,2891.7
2007-08-30,2828.45
2007-08-29,2813.32
2007-08-28,2810.21
2007-08-27,2796.04
2007-08-24,2738.04
2007-08-23,2702.16
2007-08-22,2731.96
2007-08-21,2713.84
2007-08-20,2802.19
2007-08-17,2770.62
2007-08-16,2807.79
2007-08-14,2899.07
2007-08-13,2887.98
2007-08-10,2856.55
2007-08-09,2881.54
2007-08-08,2924.3
2007-08-07,2882.29
2007-08-06,2871.57
2007-08-03,2900.5
2007-08-02,2876.83
2007-08-01,2855.45
2007-07-31,2959.37
2007-07-30,2934.41
2007-07-27,2929.8
2007-07-26,3015.75
2007-07-25,2994.32
2007-07-24,2999.89
2007-07-23,3037.92
2007-07-20,3040.12
2007-07-19,3039.07
2007-07-18,3007.89
2007-07-17,3024.57
2007-07-16,3053.08
2007-07-13,3031.38
2007-07-12,3051.33
2007-07-11,3015.34
2007-07-10,2988.44
2007-07-09,2984.87
2007-07-06,2949.78
2007-07-05,2925.62
2007-07-04,2955.49
2007-07-03,2945.6
2007-07-02,2913.23
2007-06-29,2894.84
2007-06-28,2874.95
2007-06-27,2862.29
2007-06-26,2860.44
2007-06-25,2847.67
2007-06-22,2854.31
2007-06-21,2856.05
2007-06-20,2821.75
2007-06-19,2799.43
2007-06-18,2784.24
2007-06-15,2816.51
2007-06-14,2807.84
2007-06-13,2781.91
2007-06-12,2780.45
2007-06-11,2791.09
2007-06-08,2801.93
2007-06-07,2810.01
2007-06-06,2792.12
2007-06-05,2820.24
2007-06-04,2803.73
2007-06-01,2813.12
2007-05-31,2792.27
2007-05-30,2771.35
2007-05-29,2788.74
2007-05-28,2764.65
2007-05-25,2741.31
2007-05-24,2721.82
2007-05-23,2724.86
2007-05-22,2730.73
2007-05-21,2749.75
2007-05-18,2710.24
2007-05-17,2708.6
2007-05-16,2701.31
2007-05-15,2687.53
2007-05-14,2674.22
2007-05-11,2632.41
2007-05-10,2620.54
2007-05-09,2605.15
2007-05-08,2610.86
2007-05-07,2642.46
2007-05-04,2651.89
2007-05-03,2674.11
2007-04-30,2664.07
2007-04-27,2626.78
2007-04-26,2654.05
2007-04-25,2668.48
2007-04-24,2647.88
2007-04-23,2640.58
2007-04-20,2652.45
2007-04-19,2627.07
2007-04-18,2626.43
2007-04-17,2615.19
2007-04-16,2630.39
2007-04-13,2567.43
2007-04-12,2527.33
2007-04-11,2535.96
2007-04-10,2513.33
2007-04-09,2489.57
2007-04-05,2447.45
2007-04-04,2436.07
2007-04-03,2402.88
2007-04-02,2395.42
2007-03-30,2471.34
2007-03-29,2442.9
2007-03-28,2433.51
2007-03-26,2467.14
2007-03-23,2477.66
2007-03-22,2478.53
2007-03-21,2457.73
2007-03-20,2454.9
2007-03-19,2443.31
2007-03-16,2421.15
2007-03-15,2450.27
2007-03-14,2433.01
2007-03-13,2482.7
2007-03-12,2441.44
2007-03-09,2415.88
2007-03-08,2418.32
2007-03-07,2357.16
2007-03-06,2415.82
2007-03-05,2403.25
2007-03-02,2538.46
2007-03-01,2558.38
2007-02-28,2559.68
2007-02-27,2637.6
2007-02-26,2633.7
2007-02-23,2622.47
2007-02-22,2701.19
2007-02-21,2727.04
2007-02-20,2721.11
2007-02-19,2759.34
2007-02-15,2733.72
2007-02-14,2660.39
2007-02-13,2643.72
2007-02-12,2648.27
2007-02-09,2755.67
2007-02-08,2802.46
2007-02-07,2816.62
2007-02-06,2815.38
2007-02-05,2807.89
2007-02-02,2776.2
2007-02-01,2761.15
2007-01-31,2749.87
2007-01-29,2782.44
2007-01-25,2779.23
2007-01-24,2765.62
2007-01-23,2751.67
2007-01-22,2781.59
2007-01-19,2762.47
2007-01-18,2784.52
2007-01-17,2777.17
2007-01-16,2749.22
2007-01-15,2727.81
2007-01-12,2683.27
2007-01-11,2650.49
2007-01-10,2617.36
2007-01-09,2629.01
2007-01-08,2640.86
2007-01-05,2638.53
2007-01-04,2627.77
2007-01-03,2617.12
2007-01-02,2581.81
2006-12-29,2542.58
2006-12-28,2526.8
2006-12-27,2525.58
2006-12-26,2488.46
2006-12-22,2468.51
2006-12-21,2440.64
2006-12-20,2427.73
2006-12-19,2434.51
2006-12-18,2455.14
2006-12-15,2457.26
2006-12-14,2441.4
2006-12-13,2381.74
2006-12-12,2341.3
2006-12-11,2417.12
2006-12-08,2473.65
2006-12-07,2485.57
2006-12-06,2488.82
2006-12-05,2518.17
2006-12-04,2519.13
2006-12-01,2497.42
2006-11-30,2466.68
2006-11-29,2467.08
2006-11-28,2437.27
2006-11-27,2452.67
2006-11-24,2440.42
2006-11-23,2428.39
2006-11-22,2433.62
2006-11-21,2417.77
2006-11-20,2379.85
2006-11-17,2411.57
2006-11-16,2453.84
2006-11-15,2461.77
2006-11-14,2462.47
2006-11-13,2475.91
2006-11-10,2455.22
2006-11-09,2442.04
2006-11-08,2425.25
2006-11-07,2450.93
2006-11-06,2446.44
2006-11-03,2434.21
2006-11-02,2414.83
2006-11-01,2402.54
2006-10-31,2387.1
2006-10-30,2402.8
2006-10-27,2402.51
2006-10-26,2403.13
2006-10-23,2384.03
2006-10-21,2396.96
2006-10-20,2366.82
2006-10-19,2356.4
2006-10-18,2358.61
2006-10-17,2351.13
2006-10-16,2365.77
2006-10-13,2366.39
2006-10-12,2349.65
2006-10-11,2331.77
2006-10-10,2352.14
2006-10-09,2345.95
2006-10-06,2322.68
2006-10-05,2304.19
2006-10-04,2264.82
2006-10-03,2284.32
2006-09-29,2277.34
2006-09-28,2246.93
2006-09-27,2234.52
2006-09-26,2229.49
2006-09-25,2224.02
2006-09-22,2224.01
2006-09-21,2235.91
2006-09-20,2220.22
2006-09-19,2222.26
2006-09-18,2247.99
2006-09-15,2225.75
2006-09-14,2218.82
2006-09-13,2207.64
2006-09-12,2174.07
2006-09-11,2159.94
2006-09-08,2213.11
2006-09-07,2196.78
2006-09-06,2203.71
2006-09-05,2181.01
2006-09-04,2180.62
2006-09-01,2153.4
2006-08-31,2138.81
2006-08-30,2171.43
2006-08-29,2190.48
2006-08-28,2187.07
2006-08-25,2188.85
2006-08-24,2161.55
2006-08-23,2162.94
2006-08-22,2208.75
2006-08-21,2222.32
2006-08-18,2210.39
2006-08-17,2186.05
2006-08-16,2225.79
2006-08-14,2189.33
2006-08-11,2138.52
2006-08-10,2095.91
2006-08-09,2034.62
2006-08-08,2009.3
2006-08-07,1984.32
2006-08-04,1992.73
2006-08-03,2001.7
2006-08-02,1978.44
2006-08-01,1956.46
2006-07-31,1988.53
2006-07-28,1957.49
2006-07-27,1919.19
2006-07-26,1882.29
2006-07-25,1828.41
2006-07-24,1778.62
2006-07-21,1813.86
2006-07-20,1870.59
2006-07-19,1872.18
2006-07-18,1945.7
2006-07-17,2000.01
2006-07-14,2057.03
2006-07-13,2086.34
2006-07-12,2108.22
2006-07-11,2119.61
2006-07-10,2143.89
2006-07-07,2173.21
2006-07-06,2166.34
2006-07-05,2144.3
2006-07-04,2105.11
2006-07-03,2091.09
2006-06-30,2062.49
2006-06-29,1981.37
2006-06-28,1951.96
2006-06-27,1948.42
2006-06-26,1953.41
2006-06-25,2009.72
2006-06-23,1974.23
2006-06-22,1951.83
2006-06-21,1891.63
2006-06-20,1823.76
2006-06-19,1783.35
2006-06-16,1726.98
2006-06-15,1652.95
2006-06-14,1596.13
2006-06-13,1662.37
2006-06-12,1771.4
2006-06-09,1829.37
2006-06-08,1762.06
2006-06-07,1925.76
2006-06-06,2081.18
2006-06-05,2168.81
2006-06-02,2218.02
2006-06-01,2259.04
2006-05-31,2299.12
2006-05-30,2361.93
2006-05-29,2352.58
2006-05-26,2306.71
2006-05-25,2258.85
2006-05-24,2247.52
2006-05-23,2222.78
2006-05-22,2129.39
2006-05-19,2296.72
2006-05-18,2388.85
2006-05-17,2578.51
2006-05-16,2474.18
2006-05-15,2508.59
2006-05-12,2556.71
2006-05-11,2548.24
2006-05-10,2533.91
2006-05-09,2493.07
2006-05-08,2469.24
2006-05-05,2434.48
2006-05-04,2415.53
2006-05-03,2399.33
2006-05-02,2379.86
2006-04-29,2350.5
2006-04-28,2280.22
2006-04-27,2285.41
2006-04-26,2264.46
2006-04-25,2199.04
2006-04-24,2209.05
2006-04-21,2179.24
2006-04-20,2168.02
2006-04-19,2146.31
2006-04-18,2133.94
2006-04-17,2106.13
2006-04-13,2057.17
2006-04-12,2099.1
2006-04-10,2116.66
2006-04-07,2092.96
2006-04-05,2106.62
2006-04-04,2073.52
2006-04-03,2065.81
2006-03-31,1999.67
2006-03-30,1969.96
2006-03-29,1930.71
2006-03-28,1903.92
2006-03-27,1914.01
2006-03-24,1890.95
2006-03-23,1880.31
2006-03-22,1878.59
2006-03-21,1894.19
2006-03-20,1888.4
2006-03-17,1878.13
2006-03-16,1888.41
2006-03-14,1885.2
2006-03-13,1892.29
2006-03-10,1873.01
2006-03-09,1855.76
2006-03-08,1851.56
2006-03-07,1866.84
2006-03-06,1850.51
2006-03-03,1826.15
2006-03-02,1822.72
2006-03-01,1814.2
2006-02-28,1791.85
2006-02-27,1791.52
2006-02-24,1775.29
2006-02-23,1775.65
2006-02-22,1779.44
2006-02-21,1786.58
2006-02-20,1770.88
2006-02-17,1783.38
2006-02-16,1813.77
2006-02-15,1809.48
2006-02-14,1801.54
2006-02-13,1808.3
2006-02-10,1785.95
2006-02-08,1763.47
2006-02-07,1769.39
2006-02-06,1766.79
2006-02-03,1762.29
2006-02-02,1767.72
2006-02-01,1770.48
2006-01-31,1789.71
2006-01-30,1794.95
2006-01-27,1813.83
2006-01-25,1818.47
2006-01-24,1831.32
2006-01-23,1812.62
2006-01-20,1808.35
2006-01-19,1793.98
2006-01-18,1746.79
2006-01-17,1768.06
2006-01-16,1784.81
2006-01-13,1788.99
2006-01-12,1773.17
2006-01-10,1761.85
2006-01-09,1767.4
2006-01-06,1754.13
2006-01-05,1750.91
2006-01-04,1750.92
2006-01-03,1744.36
2006-01-02,1715.14
2005-12-30,1688.4
2005-12-29,1667.22
2005-12-28,1650.4
2005-12-27,1649.68
2005-12-26,1618.63
2005-12-23,1648.33
2005-12-22,1663.03
2005-12-21,1658.51
2005-12-20,1656.3
2005-12-19,1663.66
2005-12-16,1650.87
2005-12-15,1637.97
2005-12-14,1653.25
2005-12-13,1657.43
2005-12-12,1655.6
2005-12-09,1658.93
2005-12-08,1637.33
2005-12-07,1619.52
2005-12-06,1611.86
2005-12-05,1605.31
2005-12-02,1596.06
2005-12-01,1586.73
2005-11-30,1568.77
2005-11-29,1575.13
2005-11-28,1580.47
2005-11-26,1562.98
2005-11-25,1547.35
2005-11-24,1533.81
2005-11-23,1513.61
2005-11-22,1501.16
2005-11-21,1505.56
2005-11-18,1517.07
2005-11-17,1514.08
2005-11-16,1507.29
2005-11-14,1494.94
2005-11-11,1486.45
2005-11-10,1463.14
2005-11-09,1455.62
2005-11-08,1460.17
2005-11-07,1441.8
2005-11-02,1410.31
2005-11-01,1412.82
2005-10-31,1388.75
2005-10-28,1367.15
2005-10-27,1389.37
2005-10-26,1404.82
2005-10-25,1398.11
2005-10-24,1393.01
2005-10-21,1391.75
2005-10-20,1377.49
2005-10-19,1401.84
2005-10-18,1457.65
2005-10-17,1457.93
2005-10-14,1477.14
2005-10-13,1516.62
2005-10-11,1524.24
2005-10-10,1537.78
2005-10-07,1551.49
2005-10-06,1553.1
2005-10-05,1573.67
2005-10-04,1586.21
2005-10-03,1561.88
2005-09-30,1531.6
2005-09-29,1548.79
2005-09-28,1563.43
2005-09-27,1565.62
2005-09-26,1547.43
2005-09-23,1483.25
2005-09-22,1462.9
2005-09-21,1566.8
2005-09-20,1604.12
2005-09-19,1601.53
2005-09-16,1593.42
2005-09-15,1577.05
2005-09-14,1550.78
2005-09-13,1561.45
2005-09-12,1552.74
2005-09-09,1532.99
2005-09-08,1542.57
2005-09-06,1533.42
2005-09-05,1534.92
2005-09-02,1528.83
2005-09-01,1522.77
2005-08-31,1502.85
2005-08-30,1477.82
2005-08-29,1462.02
2005-08-26,1461.33
2005-08-25,1454.92
2005-08-24,1434.35
2005-08-23,1451.24
2005-08-22,1487.45
2005-08-19,1477.2
2005-08-18,1467.87
2005-08-17,1475.94
2005-08-16,1452.17
2005-08-12,1427.49
2005-08-11,1417.49
2005-08-10,1395.52
2005-08-09,1363.76
2005-08-08,1359.36
2005-08-05,1370.79
2005-08-04,1347.36
2005-08-03,1331.43
2005-08-02,1327.99
2005-08-01,1302.37
2005-07-29,1300.98
2005-07-27,1314.39
2005-07-26,1320.64
2005-07-25,1326.54
2005-07-22,1318.72
2005-07-21,1299.36
2005-07-20,1300.51
2005-07-19,1299.0
2005-07-18,1294.31
2005-07-15,1266.29
2005-07-14,1253.79
2005-07-13,1251.45
2005-07-12,1234.61
2005-07-11,1228.66
2005-07-08,1202.78
2005-07-07,1176.5
2005-07-06,1188.42
2005-07-05,1167.77
2005-07-04,1176.09
2005-07-01,1161.58
2005-06-30,1149.27
2005-06-29,1137.55
2005-06-28,1123.76
2005-06-27,1144.31
2005-06-24,1147.2
2005-06-23,1137.94
2005-06-22,1132.7
2005-06-21,1124.63
2005-06-20,1117.87
2005-06-17,1132.04
2005-06-16,1150.89
2005-06-15,1175.06
2005-06-14,1165.9
2005-06-13,1160.31
2005-06-10,1159.98
2005-06-09,1166.68
2005-06-08,1165.39
2005-06-07,1164.82
2005-06-06,1158.59
2005-06-04,1151.97
2005-06-03,1141.11
2005-06-02,1128.57
2005-06-01,1139.59
2005-05-31,1128.84
2005-05-30,1118.55
2005-05-27,1132.18
2005-05-26,1141.0
2005-05-25,1143.74
2005-05-24,1134.2
2005-05-23,1132.91
2005-05-20,1127.21
2005-05-19,1122.65
2005-05-18,1108.58
2005-05-17,1108.06
2005-05-16,1119.07
2005-05-13,1108.03
2005-05-12,1095.64
2005-05-11,1071.89
2005-05-10,1068.15
2005-05-09,1064.08
2005-05-06,1045.93
2005-05-05,1038.61
2005-05-04,1023.38
2005-05-03,1001.27
2005-05-02,996.04
2005-04-29,1006.93
2005-04-28,1027.27
2005-04-27,1023.76
2005-04-26,1027.14
2005-04-25,1022.0
2005-04-22,1011.19
2005-04-21,993.27
2005-04-20,977.39
2005-04-19,970.94
2005-04-18,973.51
2005-04-15,979.4
2005-04-13,1008.48
2005-04-12,1009.38
2005-04-11,1002.19
2005-04-08,1009.32
2005-04-07,1019.78
2005-04-06,1017.86
2005-04-05,1000.36
2005-04-04,1007.17
2005-04-01,1000.0
