Date,NIFTY_NON_CYCLICAL_CONSUMER
2024-07-26,20394.36
2024-07-25,20086.24
2024-07-24,20142.47
2024-07-23,20105.19
2024-07-22,19868.37
2024-07-19,19800.88
2024-07-18,20002.13
2024-07-16,19991.33
2024-07-15,19921.1
2024-07-12,19822.83
2024-07-11,19747.12
2024-07-10,19674.42
2024-07-09,19613.07
2024-07-08,19476.41
2024-07-05,19399.87
2024-07-04,19279.4
2024-07-03,19291.93
2024-07-02,19215.51
2024-07-01,19322.79
2024-06-28,19188.92
2024-06-27,19190.85
2024-06-26,19138.04
2024-06-25,19077.89
2024-06-24,19129.5
2024-06-21,18961.03
2024-06-20,19040.15
2024-06-19,19036.93
2024-06-18,19228.07
2024-06-14,19101.44
2024-06-13,18943.81
2024-06-12,18936.64
2024-06-11,18978.41
2024-06-10,19025.7
2024-06-07,18973.98
2024-06-06,18705.51
2024-06-05,18708.25
2024-06-04,17862.32
2024-06-03,18068.35
2024-05-31,17890.1
2024-05-30,17988.4
2024-05-29,18163.52
2024-05-28,18251.03
2024-05-27,18312.9
2024-05-24,18348.3
2024-05-23,18460.02
2024-05-22,18348.41
2024-05-21,18196.42
2024-05-18,18204.79
2024-05-17,18158.31
2024-05-16,18038.49
2024-05-15,17844.72
2024-05-14,17869.74
2024-05-13,17905.87
2024-05-10,17909.44
2024-05-09,17695.8
2024-05-08,18021.93
2024-05-07,17940.36
2024-05-06,17827.99
2024-05-03,17876.99
2024-05-02,18010.07
2024-04-30,17886.14
2024-04-29,17869.18
2024-04-26,17793.22
2024-04-25,17765.94
2024-04-24,17756.54
2024-04-23,17747.86
2024-04-22,17596.58
2024-04-19,17392.04
2024-04-18,17291.57
2024-04-16,17353.54
2024-04-15,17360.82
2024-04-12,17560.71
2024-04-10,17730.37
2024-04-09,17514.58
2024-04-08,17600.77
2024-04-05,17489.46
2024-04-04,17492.43
2024-04-03,17425.27
2024-04-02,17470.64
2024-04-01,17399.26
2024-03-28,17383.57
2024-03-27,17233.92
2024-03-26,17194.97
2024-03-22,17154.2
2024-03-21,17020.42
2024-03-20,16861.13
2024-03-19,16791.39
2024-03-18,17034.65
2024-03-15,17084.6
2024-03-14,17035.03
2024-03-13,16763.55
2024-03-12,17083.93
2024-03-11,17144.42
2024-03-07,17209.93
2024-03-06,17074.07
2024-03-05,17012.04
2024-03-04,17092.89
2024-03-02,17128.77
2024-03-01,17058.96
2024-02-29,16954.61
2024-02-28,16853.18
2024-02-27,17024.18
2024-02-26,16964.5
2024-02-23,17082.88
2024-02-22,17071.46
2024-02-21,16942.48
2024-02-20,17015.09
2024-02-19,16966.21
2024-02-16,16821.78
2024-02-15,16732.93
2024-02-14,16750.5
2024-02-13,16661.44
2024-02-12,16611.89
2024-02-09,16706.17
2024-02-08,16668.68
2024-02-07,16711.36
2024-02-06,16531.04
2024-02-05,16482.2
2024-02-02,16681.31
2024-02-01,16643.05
2024-01-31,16680.32
2024-01-30,16526.33
2024-01-29,16706.88
2024-01-25,16606.34
2024-01-24,16786.2
2024-01-23,16533.93
2024-01-20,16837.75
2024-01-19,16983.74
2024-01-18,16744.28
2024-01-17,16867.97
2024-01-16,17033.54
2024-01-15,17051.78
2024-01-12,16998.02
2024-01-11,16907.55
2024-01-10,16891.84
2024-01-09,16860.92
2024-01-08,16836.32
2024-01-05,17044.41
2024-01-04,17057.14
2024-01-03,16907.15
2024-01-02,16903.1
2024-01-01,16882.94
2023-12-29,16889.66
2023-12-28,16796.27
2023-12-27,16668.51
2023-12-26,16544.43
2023-12-22,16448.88
2023-12-21,16318.38
2023-12-20,16197.27
2023-12-19,16428.02
2023-12-18,16299.82
2023-12-15,16239.02
2023-12-14,16258.54
2023-12-13,16168.21
2023-12-12,16068.63
2023-12-11,16135.15
2023-12-08,16053.15
2023-12-07,16128.75
2023-12-06,16160.73
2023-12-05,16049.39
2023-12-04,16010.84
2023-12-01,15917.98
2023-11-30,15769.9
2023-11-29,15610.27
2023-11-28,15547.29
2023-11-24,15497.12
2023-11-23,15547.33
2023-11-22,15540.69
2023-11-21,15509.64
2023-11-20,15477.62
2023-11-17,15485.85
2023-11-16,15360.73
2023-11-15,15315.33
2023-11-13,15207.85
2023-11-12,15260.09
2023-11-10,15196.35
2023-11-09,15203.98
2023-11-08,15292.78
2023-11-07,15164.89
2023-11-06,15119.36
2023-11-03,15007.26
2023-11-02,14853.8
2023-11-01,14685.41
2023-10-31,14739.92
2023-10-30,14708.06
2023-10-27,14700.52
2023-10-26,14565.9
2023-10-25,14760.97
2023-10-23,14835.81
2023-10-20,15033.9
2023-10-19,15165.46
2023-10-18,15172.51
2023-10-17,15261.24
2023-10-16,15207.83
2023-10-13,15250.92
2023-10-12,15213.72
2023-10-11,15203.95
2023-10-10,15085.12
2023-10-09,14992.06
2023-10-06,15077.36
2023-10-05,15020.15
2023-10-04,14934.36
2023-10-03,14957.47
2023-09-29,14948.26
2023-09-28,14888.22
2023-09-27,15119.01
2023-09-26,15072.6
2023-09-25,15034.0
2023-09-22,14979.42
2023-09-21,15015.07
2023-09-20,15043.83
2023-09-18,15147.84
2023-09-15,15130.47
2023-09-14,15117.14
2023-09-13,15118.57
2023-09-12,15028.71
2023-09-11,15158.42
2023-09-08,15051.56
2023-09-07,15009.69
2023-09-06,15020.37
2023-09-05,14878.72
2023-09-04,14787.2
2023-09-01,14802.01
2023-08-31,14739.08
2023-08-30,14817.17
2023-08-29,14689.09
2023-08-28,14663.76
2023-08-25,14679.5
2023-08-24,14785.57
2023-08-23,14730.13
2023-08-22,14743.7
2023-08-21,14638.82
2023-08-18,14541.55
2023-08-17,14566.63
2023-08-16,14587.14
2023-08-14,14599.18
2023-08-11,14602.04
2023-08-10,14685.78
2023-08-09,14754.85
2023-08-08,14694.98
2023-08-07,14743.41
2023-08-04,14726.43
2023-08-03,14591.14
2023-08-02,14677.89
2023-08-01,14743.56
2023-07-31,14774.11
2023-07-28,14811.89
2023-07-27,14695.02
2023-07-26,14733.1
2023-07-25,14683.2
2023-07-24,14758.66
2023-07-21,14842.15
2023-07-20,14943.23
2023-07-19,14850.35
2023-07-18,14805.92
2023-07-17,14848.31
2023-07-14,14861.03
2023-07-13,14753.08
2023-07-12,14800.97
2023-07-11,14790.05
2023-07-10,14590.42
2023-07-07,14669.52
2023-07-06,14813.02
2023-07-05,14762.53
2023-07-04,14627.59
2023-07-03,14682.06
2023-06-30,14644.15
2023-06-28,14582.23
2023-06-27,14471.35
2023-06-26,14432.9
2023-06-23,14323.56
2023-06-22,14378.66
2023-06-21,14524.85
2023-06-20,14540.44
2023-06-19,14528.28
2023-06-16,14592.26
2023-06-15,14455.59
2023-06-14,14373.81
2023-06-13,14329.38
2023-06-12,14132.82
2023-06-09,14090.38
2023-06-08,14136.45
2023-06-07,14251.1
2023-06-06,14081.77
2023-06-05,14096.81
2023-06-02,14137.84
2023-06-01,14034.28
2023-05-31,14017.2
2023-05-30,13883.78
2023-05-29,13865.26
2023-05-26,13785.45
2023-05-25,13649.94
2023-05-24,13534.99
2023-05-23,13490.64
2023-05-22,13479.42
2023-05-19,13442.53
2023-05-18,13427.97
2023-05-17,13518.4
2023-05-16,13561.2
2023-05-15,13583.13
2023-05-12,13508.28
2023-05-11,13508.98
2023-05-10,13425.54
2023-05-09,13366.88
2023-05-08,13379.33
2023-05-05,13285.14
2023-05-04,13230.12
2023-05-03,13159.96
2023-05-02,13106.35
2023-04-28,13084.52
2023-04-27,12980.11
2023-04-26,12949.49
2023-04-25,12886.99
2023-04-24,12871.7
2023-04-21,12803.47
2023-04-20,12750.49
2023-04-19,12722.73
2023-04-18,12770.39
2023-04-17,12782.99
2023-04-13,12708.33
2023-04-12,12686.03
2023-04-11,12670.46
2023-04-10,12640.0
2023-04-06,12667.46
2023-04-05,12746.62
2023-04-03,12602.3
2023-03-31,12560.21
2023-03-29,12436.61
2023-03-28,12361.76
2023-03-27,12429.37
2023-03-24,12425.46
2023-03-23,12501.26
2023-03-22,12489.31
2023-03-21,12463.29
2023-03-20,12464.67
2023-03-17,12441.77
2023-03-16,12424.78
2023-03-15,12277.28
2023-03-14,12292.86
2023-03-13,12324.51
2023-03-10,12461.89
2023-03-09,12463.24
2023-03-08,12551.99
2023-03-06,12535.89
2023-03-03,12487.88
2023-03-02,12354.47
2023-03-01,12421.25
2023-02-28,12370.04
2023-02-27,12343.32
2023-02-24,12422.21
2023-02-23,12434.18
2023-02-22,12509.83
2023-02-21,12601.28
2023-02-20,12605.98
2023-02-17,12650.86
2023-02-16,12709.14
2023-02-15,12693.24
2023-02-14,12632.83
2023-02-13,12580.99
2023-02-10,12643.4
2023-02-09,12644.58
2023-02-08,12609.69
2023-02-07,12583.43
2023-02-06,12677.07
2023-02-03,12652.46
2023-02-02,12562.89
2023-02-01,12480.84
2023-01-31,12418.31
2023-01-30,12374.27
2023-01-27,12356.21
2023-01-25,12440.71
2023-01-24,12521.88
2023-01-23,12493.46
2023-01-20,12420.72
2023-01-19,12576.89
2023-01-18,12713.16
2023-01-17,12660.14
2023-01-16,12565.54
2023-01-13,12622.75
2023-01-12,12633.26
2023-01-11,12664.96
2023-01-10,12783.37
2023-01-09,12874.14
2023-01-06,12804.09
2023-01-05,12864.23
2023-01-04,12811.5
2023-01-03,12924.78
2023-01-02,12907.57
2022-12-30,12924.3
2022-12-29,12993.69
2022-12-28,12992.51
2022-12-27,12977.09
2022-12-26,12930.71
2022-12-23,12807.04
2022-12-22,13030.39
2022-12-21,13079.64
2022-12-20,13239.36
2022-12-19,13295.88
2022-12-16,13111.06
2022-12-15,13265.66
2022-12-14,13400.95
2022-12-13,13427.22
2022-12-12,13412.01
2022-12-09,13435.5
2022-12-08,13384.26
2022-12-07,13398.54
2022-12-06,13358.37
2022-12-05,13360.45
2022-12-02,13364.12
2022-12-01,13429.01
2022-11-30,13437.43
2022-11-29,13295.54
2022-11-28,13181.73
2022-11-25,13162.42
2022-11-24,13170.34
2022-11-23,13093.44
2022-11-22,13091.81
2022-11-21,13031.56
2022-11-18,13020.64
2022-11-17,13066.22
2022-11-16,13134.91
2022-11-15,13166.68
2022-11-14,13143.71
2022-11-11,13208.13
2022-11-10,13200.29
2022-11-09,13290.6
2022-11-07,13362.43
2022-11-04,13338.52
2022-11-03,13356.63
2022-11-02,13338.53
2022-11-01,13431.52
2022-10-31,13340.55
2022-10-28,13163.53
2022-10-27,13163.18
2022-10-25,13098.6
2022-10-24,13196.14
2022-10-21,13150.47
2022-10-20,13187.55
2022-10-19,13153.24
2022-10-18,13141.95
2022-10-17,12975.18
2022-10-14,12966.62
2022-10-13,12972.1
2022-10-12,13059.18
2022-10-11,13010.47
2022-10-10,13225.48
2022-10-07,13365.15
2022-10-06,13334.47
2022-10-04,13386.46
2022-10-03,13176.02
2022-09-30,13365.85
2022-09-29,13220.5
2022-09-28,13261.81
2022-09-27,13248.9
2022-09-26,13180.35
2022-09-23,13373.62
2022-09-22,13551.81
2022-09-21,13382.4
2022-09-20,13365.96
2022-09-19,13194.12
2022-09-16,13141.24
2022-09-15,13436.92
2022-09-14,13484.29
2022-09-13,13520.1
2022-09-12,13412.42
2022-09-09,13331.29
2022-09-08,13344.22
2022-09-07,13303.32
2022-09-06,13286.88
2022-09-05,13305.63
2022-09-02,13294.18
2022-09-01,13312.7
2022-08-30,13319.29
2022-08-29,13050.97
2022-08-26,13079.74
2022-08-25,13074.0
2022-08-24,13067.92
2022-08-23,13045.13
2022-08-22,12964.44
2022-08-19,13145.69
2022-08-18,13299.09
2022-08-17,13217.49
2022-08-16,13072.04
2022-08-12,12940.69
2022-08-11,12923.14
2022-08-10,12915.97
2022-08-08,12952.76
2022-08-05,12933.35
2022-08-04,12911.05
2022-08-03,12861.4
2022-08-02,12873.15
2022-08-01,12796.9
2022-07-29,12716.83
2022-07-28,12548.62
2022-07-27,12410.63
2022-07-26,12313.96
2022-07-25,12469.34
2022-07-22,12490.82
2022-07-21,12476.4
2022-07-20,12316.43
2022-07-19,12258.15
2022-07-18,12235.52
2022-07-15,12156.95
2022-07-14,11994.23
2022-07-13,11998.13
2022-07-12,11939.45
2022-07-11,12064.27
2022-07-08,12059.83
2022-07-07,11992.28
2022-07-06,11926.89
2022-07-05,11611.45
2022-07-04,11602.82
2022-07-01,11391.47
2022-06-30,11200.72
2022-06-29,11251.49
2022-06-28,11373.37
2022-06-27,11441.49
2022-06-24,11354.25
2022-06-23,11207.68
2022-06-22,11062.02
2022-06-21,11191.62
2022-06-20,10998.83
2022-06-17,10864.25
2022-06-16,11074.46
2022-06-15,11222.07
2022-06-14,11211.95
2022-06-13,11228.02
2022-06-10,11386.18
2022-06-09,11406.33
2022-06-08,11318.97
2022-06-07,11423.88
2022-06-06,11629.72
2022-06-03,11720.96
2022-06-02,11836.3
2022-06-01,11815.21
2022-05-31,11917.07
2022-05-30,11846.98
2022-05-27,11572.02
2022-05-26,11467.41
2022-05-25,11389.49
2022-05-24,11563.59
2022-05-23,11677.05
2022-05-20,11644.34
2022-05-19,11420.21
2022-05-18,11645.36
2022-05-17,11578.04
2022-05-16,11344.05
2022-05-13,11318.92
2022-05-12,11200.95
2022-05-11,11400.39
2022-05-10,11460.19
2022-05-09,11486.75
2022-05-06,11670.51
2022-05-05,11868.05
2022-05-04,11938.74
2022-05-02,12266.19
2022-04-29,12331.0
2022-04-28,12443.25
2022-04-27,12245.83
2022-04-26,12360.86
2022-04-25,12138.05
2022-04-22,12351.69
2022-04-21,12398.93
2022-04-20,12273.45
2022-04-19,12112.61
2022-04-18,12346.16
2022-04-13,12375.66
2022-04-12,12380.46
2022-04-11,12531.76
2022-04-08,12556.17
2022-04-07,12399.96
2022-04-06,12463.49
2022-04-05,12476.27
2022-04-04,12349.22
2022-04-01,12216.7
2022-03-31,12088.01
2022-03-30,12005.66
2022-03-29,11939.01
2022-03-28,11868.67
2022-03-25,11840.06
2022-03-24,11925.36
2022-03-23,11943.82
2022-03-22,11997.64
2022-03-21,12035.89
2022-03-17,12223.28
2022-03-16,11997.3
2022-03-15,11807.5
2022-03-14,11779.84
2022-03-11,11726.25
2022-03-10,11695.12
2022-03-09,11451.42
2022-03-08,11221.53
2022-03-07,11114.19
2022-03-04,11320.85
2022-03-03,11608.31
2022-03-02,11765.76
2022-02-28,11881.7
2022-02-25,11759.47
2022-02-24,11488.85
2022-02-23,11957.18
2022-02-22,11899.49
2022-02-21,11981.17
2022-02-18,12053.51
2022-02-17,12107.79
2022-02-16,12087.89
2022-02-15,12076.47
2022-02-14,11725.36
2022-02-11,12033.0
2022-02-10,12208.5
2022-02-09,12163.53
2022-02-08,12061.59
2022-02-07,12056.39
2022-02-04,12256.79
2022-02-03,12269.3
2022-02-02,12328.19
2022-02-01,12218.36
2022-01-31,12040.66
2022-01-28,11866.47
2022-01-27,11804.46
2022-01-25,11987.77
2022-01-24,11860.7
2022-01-21,12256.34
2022-01-20,12422.69
2022-01-19,12479.78
2022-01-18,12611.83
2022-01-17,12776.95
2022-01-14,12730.09
2022-01-13,12808.85
2022-01-12,12821.6
2022-01-11,12766.72
2022-01-10,12804.64
2022-01-07,12783.98
2022-01-06,12718.57
2022-01-05,12730.72
2022-01-04,12692.16
2022-01-03,12623.89
2021-12-31,12572.88
2021-12-30,12397.41
2021-12-29,12381.65
2021-12-28,12412.27
2021-12-27,12282.68
2021-12-24,12281.72
2021-12-23,12320.04
2021-12-22,12239.21
2021-12-21,12125.22
2021-12-20,11984.14
2021-12-17,12168.35
2021-12-16,12429.41
2021-12-15,12452.58
2021-12-14,12511.72
2021-12-13,12562.88
2021-12-10,12659.76
2021-12-09,12631.13
2021-12-08,12537.45
2021-12-07,12338.97
2021-12-06,12210.49
2021-12-03,12453.13
2021-12-02,12556.79
2021-12-01,12431.05
2021-11-30,12433.17
2021-11-29,12401.63
2021-11-26,12451.11
2021-11-25,12746.93
2021-11-24,12698.14
2021-11-23,12767.94
2021-11-22,12709.56
2021-11-18,12882.56
2021-11-17,12971.25
2021-11-16,12992.65
2021-11-15,13034.08
2021-11-12,12953.4
2021-11-11,12787.36
2021-11-10,12850.55
2021-11-09,12824.16
2021-11-08,12813.84
2021-11-04,12699.69
2021-11-03,12619.09
2021-11-02,12652.96
2021-11-01,12646.54
2021-10-29,12453.22
2021-10-28,12445.35
2021-10-27,12638.45
2021-10-26,12529.49
2021-10-25,12317.12
2021-10-22,12511.61
2021-10-21,12655.28
2021-10-20,12869.57
2021-10-19,13004.08
2021-10-18,13289.23
2021-10-14,13356.16
2021-10-13,13272.41
2021-10-12,13102.33
2021-10-11,12964.96
2021-10-08,12867.72
2021-10-07,12867.98
2021-10-06,12662.76
2021-10-05,12768.41
2021-10-04,12699.47
2021-10-01,12636.25
2021-09-30,12680.54
2021-09-29,12718.74
2021-09-28,12780.26
2021-09-27,12880.51
2021-09-24,12972.62
2021-09-23,12987.7
2021-09-22,12949.44
2021-09-21,12889.59
2021-09-20,12806.04
2021-09-17,12812.39
2021-09-16,12788.07
2021-09-15,12744.52
2021-09-14,12651.5
2021-09-13,12574.88
2021-09-09,12547.97
2021-09-08,12446.18
2021-09-07,12445.97
2021-09-06,12365.94
2021-09-03,12381.79
2021-09-02,12355.09
2021-09-01,12228.89
2021-08-31,12107.78
2021-08-30,11883.59
2021-08-27,11675.24
2021-08-26,11618.07
2021-08-25,11620.71
2021-08-24,11626.22
2021-08-23,11671.16
2021-08-20,11694.93
2021-08-18,11575.56
2021-08-17,11522.0
2021-08-16,11417.35
2021-08-13,11430.92
2021-08-12,11334.27
2021-08-11,11304.3
2021-08-10,11339.71
2021-08-09,11321.81
2021-08-06,11337.78
2021-08-05,11345.78
2021-08-04,11288.03
2021-08-03,11394.57
2021-08-02,11206.25
2021-07-30,11131.58
2021-07-29,11130.09
2021-07-28,11173.89
2021-07-27,11146.78
2021-07-26,11181.55
2021-07-23,11185.05
2021-07-22,11143.51
2021-07-20,11022.65
2021-07-19,10991.7
2021-07-16,11030.19
2021-07-15,10976.62
2021-07-14,10983.13
2021-07-13,10994.73
2021-07-12,10999.36
2021-07-09,11002.44
2021-07-08,10987.51
2021-07-07,11044.97
2021-07-06,10981.43
2021-07-05,10997.46
2021-07-02,10941.48
2021-07-01,10921.76
2021-06-30,10887.93
2021-06-29,10898.08
2021-06-28,10905.41
2021-06-25,10904.43
2021-06-24,10949.31
2021-06-23,10930.18
2021-06-22,10952.43
2021-06-21,10978.43
2021-06-18,10956.63
2021-06-17,10945.47
2021-06-16,10943.6
2021-06-15,10967.99
2021-06-14,10852.73
2021-06-11,10828.09
2021-06-10,10854.1
2021-06-09,10751.67
2021-06-08,10779.26
2021-06-07,10711.4
2021-06-04,10656.44
2021-06-03,10691.65
2021-06-02,10536.68
2021-06-01,10555.45
2021-05-31,10584.24
2021-05-28,10476.7
2021-05-27,10469.83
2021-05-26,10466.81
2021-05-25,10439.43
2021-05-24,10312.76
2021-05-21,10337.25
2021-05-20,10273.34
2021-05-19,10345.87
2021-05-18,10349.93
2021-05-17,10273.23
2021-05-14,10256.28
2021-05-12,10068.96
2021-05-11,10069.33
2021-05-10,10067.52
2021-05-07,10052.29
2021-05-06,10038.45
2021-05-05,10010.4
2021-05-04,9957.45
2021-05-03,10027.52
2021-04-30,9932.59
2021-04-29,10046.58
2021-04-28,10089.45
2021-04-27,10015.85
2021-04-26,9943.37
2021-04-23,9862.69
2021-04-22,9931.26
2021-04-20,10021.42
2021-04-19,10042.6
2021-04-16,10210.16
2021-04-15,10126.6
2021-04-13,10092.99
2021-04-12,10028.04
2021-04-09,10335.91
2021-04-08,10301.15
2021-04-07,10202.41
2021-04-06,10114.16
2021-04-05,10020.74
2021-04-01,10170.99
2021-03-31,10146.12
2021-03-30,10110.25
2021-03-26,9946.13
2021-03-25,9724.49
2021-03-24,9945.36
2021-03-23,10068.21
2021-03-22,10040.5
2021-03-19,9953.34
2021-03-18,9843.4
2021-03-17,9869.15
2021-03-16,9986.88
2021-03-15,9906.58
2021-03-12,9948.63
2021-03-10,10042.0
2021-03-09,9970.56
2021-03-08,9972.51
2021-03-05,10026.82
2021-03-04,10098.86
2021-03-03,10097.07
2021-03-02,10005.45
2021-03-01,9831.92
2021-02-26,9739.98
2021-02-25,9983.91
2021-02-24,9962.53
2021-02-23,9912.43
2021-02-22,9874.47
2021-02-19,9996.82
2021-02-18,10077.29
2021-02-17,10108.08
2021-02-16,10162.94
2021-02-15,10189.9
2021-02-12,10160.79
2021-02-11,10291.68
2021-02-10,10254.99
2021-02-09,10256.8
2021-02-08,10237.13
2021-02-05,10167.02
2021-02-04,10253.22
2021-02-03,10148.48
2021-02-02,10122.42
2021-02-01,10004.74
2021-01-29,9763.75
2021-01-28,9998.69
2021-01-27,10051.59
2021-01-25,10136.51
2021-01-22,10214.34
2021-01-21,10302.21
2021-01-20,10296.11
2021-01-19,10262.24
2021-01-18,10152.08
2021-01-15,10213.74
2021-01-14,10295.87
2021-01-13,10277.38
2021-01-12,10277.7
2021-01-11,10329.93
2021-01-08,10255.42
2021-01-07,10148.65
2021-01-06,10148.9
2021-01-05,10167.05
2021-01-04,10112.31
2021-01-01,10070.68
2020-12-31,10021.11
2020-12-30,9997.25
2020-12-29,9952.42
2020-12-28,9959.14
2020-12-24,9878.44
2020-12-23,9836.09
2020-12-22,9693.0
2020-12-21,9596.69
2020-12-18,9874.95
2020-12-17,9835.37
2020-12-16,9865.57
2020-12-15,9745.26
2020-12-14,9777.9
2020-12-11,9738.86
2020-12-10,9692.87
2020-12-09,9557.22
2020-12-08,9493.49
2020-12-07,9508.82
2020-12-04,9399.4
2020-12-03,9271.28
2020-12-02,9191.31
2020-12-01,9098.48
2020-11-27,9031.16
2020-11-26,8987.76
2020-11-25,8934.51
2020-11-24,9082.43
2020-11-23,9053.75
2020-11-20,9037.98
2020-11-19,8908.77
2020-11-18,8932.44
2020-11-17,8983.43
2020-11-14,8951.78
2020-11-13,8918.67
2020-11-12,8918.46
2020-11-11,8863.0
2020-11-10,8812.93
2020-11-09,8826.68
2020-11-06,8689.77
2020-11-05,8701.03
2020-11-04,8541.44
2020-11-03,8483.18
2020-11-02,8467.63
2020-10-30,8440.39
2020-10-29,8507.17
2020-10-28,8519.3
2020-10-27,8530.89
2020-10-26,8365.16
2020-10-23,8419.27
2020-10-22,8362.45
2020-10-21,8342.17
2020-10-20,8380.38
2020-10-19,8340.91
2020-10-16,8265.81
2020-10-15,8246.8
2020-10-14,8343.99
2020-10-13,8343.54
2020-10-12,8390.95
2020-10-09,8409.96
2020-10-08,8460.19
2020-10-07,8466.16
2020-10-06,8445.68
2020-10-05,8412.6
2020-10-01,8436.93
2020-09-30,8365.64
2020-09-29,8287.59
2020-09-28,8341.73
2020-09-25,8222.11
2020-09-24,8047.34
2020-09-23,8159.74
2020-09-22,8188.77
2020-09-21,8283.91
2020-09-18,8561.48
2020-09-17,8574.93
2020-09-16,8607.9
2020-09-15,8585.54
2020-09-14,8569.78
2020-09-11,8592.34
2020-09-10,8565.7
2020-09-09,8499.38
2020-09-08,8490.06
2020-09-07,8575.9
2020-09-04,8556.31
2020-09-03,8693.6
2020-09-02,8596.81
2020-09-01,8552.66
2020-08-31,8396.48
2020-08-28,8607.86
2020-08-27,8622.44
2020-08-26,8627.21
2020-08-25,8647.51
2020-08-24,8627.28
2020-08-21,8594.21
2020-08-20,8536.52
2020-08-19,8569.11
2020-08-18,8536.48
2020-08-17,8428.37
2020-08-14,8355.84
2020-08-13,8432.51
2020-08-12,8388.37
2020-08-11,8406.88
2020-08-10,8412.44
2020-08-07,8405.59
2020-08-06,8320.54
2020-08-05,8247.96
2020-08-04,8218.29
2020-08-03,8155.26
2020-07-31,8172.52
2020-07-30,8146.98
2020-07-29,8180.8
2020-07-28,8193.1
2020-07-27,8184.9
2020-07-24,8216.94
2020-07-23,8279.2
2020-07-22,8239.14
2020-07-21,8250.27
2020-07-20,8322.83
2020-07-17,8258.45
2020-07-16,8179.43
2020-07-15,8172.56
2020-07-14,8212.71
2020-07-13,8279.65
2020-07-10,8221.25
2020-07-09,8227.1
2020-07-08,8215.15
2020-07-07,8259.76
2020-07-06,8245.32
2020-07-03,8196.66
2020-07-02,8121.01
2020-07-01,8083.17
2020-06-30,8079.99
2020-06-29,8071.18
2020-06-26,8063.45
2020-06-25,8104.33
2020-06-24,8070.56
2020-06-23,8069.26
2020-06-22,7949.58
2020-06-19,7866.27
2020-06-18,7799.78
2020-06-17,7755.02
2020-06-16,7751.12
2020-06-15,7755.41
2020-06-12,7871.33
2020-06-11,7818.71
2020-06-10,7979.05
2020-06-09,7995.5
2020-06-08,8071.75
2020-06-05,8088.96
2020-06-04,8002.48
2020-06-03,7977.03
2020-06-02,7945.0
2020-06-01,7885.02
2020-05-29,7735.21
2020-05-28,7612.38
2020-05-27,7498.79
2020-05-26,7496.24
2020-05-22,7501.42
2020-05-21,7516.74
2020-05-20,7385.01
2020-05-19,7279.44
2020-05-18,7139.9
2020-05-15,7302.24
2020-05-14,7291.97
2020-05-13,7308.5
2020-05-12,7238.21
2020-05-11,7183.39
2020-05-08,7140.33
2020-05-07,7076.18
2020-05-06,7211.05
2020-05-05,7237.7
2020-05-04,7381.46
2020-04-30,7663.86
2020-04-29,7582.64
2020-04-28,7579.99
2020-04-27,7622.66
2020-04-24,7526.58
2020-04-23,7580.27
2020-04-22,7618.63
2020-04-21,7445.52
2020-04-20,7489.32
2020-04-17,7591.61
2020-04-16,7587.73
2020-04-15,7608.06
2020-04-13,7473.94
2020-04-09,7554.46
2020-04-08,7355.56
2020-04-07,7331.41
2020-04-03,6832.83
2020-04-01,6893.17
2020-03-31,7107.35
2020-03-30,6817.55
2020-03-27,6886.66
2020-03-26,6913.51
2020-03-25,6586.2
2020-03-24,6356.71
2020-03-23,6239.74
2020-03-20,7023.83
2020-03-19,6641.46
2020-03-18,6774.77
2020-03-17,7050.1
2020-03-16,7085.26
2020-03-13,7513.38
2020-03-12,7440.17
2020-03-11,7966.06
2020-03-09,7986.33
2020-03-06,8238.78
2020-03-05,8374.36
2020-03-04,8293.62
2020-03-03,8329.84
2020-03-02,8242.43
2020-02-28,8334.46
2020-02-27,8505.12
2020-02-26,8509.93
2020-02-25,8550.57
2020-02-24,8571.22
2020-02-20,8720.58
2020-02-19,8763.7
2020-02-18,8645.67
2020-02-17,8694.43
2020-02-14,8712.99
2020-02-13,8753.1
2020-02-12,8727.95
2020-02-11,8613.63
2020-02-10,8650.97
2020-02-07,8684.04
2020-02-06,8644.44
2020-02-05,8666.3
2020-02-04,8608.17
2020-02-03,8500.42
2020-02-01,8334.52
2020-01-31,8472.92
2020-01-30,8476.65
2020-01-29,8557.98
2020-01-28,8510.8
2020-01-27,8586.19
2020-01-24,8662.55
2020-01-23,8587.81
2020-01-22,8540.09
2020-01-21,8548.66
2020-01-20,8598.18
2020-01-17,8588.71
2020-01-16,8530.18
2020-01-15,8494.38
2020-01-14,8441.34
2020-01-13,8348.54
2020-01-10,8256.59
2020-01-09,8225.65
2020-01-08,8120.42
2020-01-07,8095.07
2020-01-06,8062.95
2020-01-03,8169.62
2020-01-02,8224.19
2020-01-01,8216.65
2019-12-31,8218.32
2019-12-30,8276.57
2019-12-27,8252.33
2019-12-26,8211.1
2019-12-24,8253.52
2019-12-23,8257.98
2019-12-20,8241.48
2019-12-19,8221.82
2019-12-18,8170.82
2019-12-17,8146.8
2019-12-16,8074.74
2019-12-13,8157.84
2019-12-12,8163.96
2019-12-11,8126.67
2019-12-10,8112.57
2019-12-09,8169.72
2019-12-06,8193.29
2019-12-05,8254.53
2019-12-04,8286.19
2019-12-03,8259.14
2019-12-02,8311.2
2019-11-29,8268.42
2019-11-28,8308.47
2019-11-27,8282.07
2019-11-26,8234.13
2019-11-25,8330.95
2019-11-22,8191.33
2019-11-21,8247.1
2019-11-20,8297.7
2019-11-19,8270.98
2019-11-18,8241.66
2019-11-15,8226.65
2019-11-14,8178.59
2019-11-13,8219.59
2019-11-11,8273.64
2019-11-08,8286.67
2019-11-07,8385.94
2019-11-06,8329.79
2019-11-05,8417.69
2019-11-04,8408.26
2019-11-01,8433.84
2019-10-31,8450.49
2019-10-30,8382.96
2019-10-29,8326.54
2019-10-27,8324.93
2019-10-25,8318.11
2019-10-24,8366.78
2019-10-23,8339.14
2019-10-22,8329.28
2019-10-18,8362.49
2019-10-17,8323.71
2019-10-16,8208.11
2019-10-15,8209.4
2019-10-14,8170.54
2019-10-11,8112.35
2019-10-10,8060.55
2019-10-09,8026.0
2019-10-07,7930.2
2019-10-04,7912.82
2019-10-03,8047.52
2019-10-01,8087.22
2019-09-30,8200.04
2019-09-27,8193.75
2019-09-26,8183.53
2019-09-25,8130.63
2019-09-24,8234.43
2019-09-23,8236.61
2019-09-20,7952.92
2019-09-19,7521.73
2019-09-18,7561.56
2019-09-17,7544.43
2019-09-16,7571.55
2019-09-13,7551.17
2019-09-12,7524.05
2019-09-11,7577.97
2019-09-09,7566.92
2019-09-06,7499.84
2019-09-05,7476.85
2019-09-04,7466.44
2019-09-03,7497.1
2019-08-30,7670.95
2019-08-29,7570.0
2019-08-28,7576.71
2019-08-27,7595.38
2019-08-26,7578.44
2019-08-23,7469.08
2019-08-22,7434.18
2019-08-21,7466.3
2019-08-20,7542.9
2019-08-19,7559.26
2019-08-16,7547.7
2019-08-14,7521.2
2019-08-13,7453.41
2019-08-09,7573.19
2019-08-08,7528.01
2019-08-07,7458.78
2019-08-06,7470.6
2019-08-05,7410.3
2019-08-02,7438.44
2019-08-01,7358.8
2019-07-31,7419.64
2019-07-30,7421.8
2019-07-29,7450.41
2019-07-26,7522.11
2019-07-25,7478.09
2019-07-24,7453.54
2019-07-23,7441.22
2019-07-22,7403.85
2019-07-19,7406.84
2019-07-18,7512.53
2019-07-17,7553.83
2019-07-16,7514.2
2019-07-15,7430.7
2019-07-12,7469.54
2019-07-11,7460.86
2019-07-10,7419.8
2019-07-09,7477.63
2019-07-08,7585.66
2019-07-05,7708.59
2019-07-04,7747.52
2019-07-03,7731.44
2019-07-02,7711.28
2019-07-01,7681.86
2019-06-28,7655.52
2019-06-27,7661.76
2019-06-26,7641.02
2019-06-25,7647.05
2019-06-24,7616.3
2019-06-21,7619.18
2019-06-20,7669.1
2019-06-19,7597.94
2019-06-18,7595.07
2019-06-17,7610.07
2019-06-14,7699.4
2019-06-13,7810.1
2019-06-12,7792.34
2019-06-11,7796.13
2019-06-10,7781.88
2019-06-07,7712.3
2019-06-06,7725.67
2019-06-04,7744.66
2019-06-03,7798.55
2019-05-31,7657.27
2019-05-30,7599.41
2019-05-29,7586.56
2019-05-28,7618.77
2019-05-27,7617.82
2019-05-24,7630.52
2019-05-23,7530.67
2019-05-22,7570.07
2019-05-21,7556.37
2019-05-20,7604.6
2019-05-17,7435.15
2019-05-16,7297.89
2019-05-15,7288.46
2019-05-14,7336.79
2019-05-13,7285.1
2019-05-10,7346.71
2019-05-09,7327.08
2019-05-08,7329.36
2019-05-07,7390.47
2019-05-06,7438.54
2019-05-03,7549.78
2019-05-02,7580.72
2019-04-30,7655.71
2019-04-26,7648.14
2019-04-25,7670.37
2019-04-24,7705.23
2019-04-23,7636.62
2019-04-22,7641.13
2019-04-18,7685.03
2019-04-16,7731.68
2019-04-15,7659.56
2019-04-12,7633.0
2019-04-11,7598.11
2019-04-10,7567.2
2019-04-09,7614.49
2019-04-08,7632.1
2019-04-05,7660.16
2019-04-04,7679.99
2019-04-03,7644.58
2019-04-02,7696.58
2019-04-01,7708.21
2019-03-29,7728.32
2019-03-28,7687.12
2019-03-27,7603.33
2019-03-26,7634.82
2019-03-25,7560.56
2019-03-22,7654.11
2019-03-20,7669.75
2019-03-19,7703.48
2019-03-18,7659.06
2019-03-15,7636.93
2019-03-14,7691.99
2019-03-13,7682.7
2019-03-12,7738.15
2019-03-11,7640.52
2019-03-08,7471.38
2019-03-07,7470.11
2019-03-06,7480.53
2019-03-05,7475.55
2019-03-01,7423.31
2019-02-28,7406.39
2019-02-27,7372.2
2019-02-26,7377.32
2019-02-25,7381.04
2019-02-22,7368.82
2019-02-21,7340.96
2019-02-20,7301.72
2019-02-19,7251.37
2019-02-18,7241.61
2019-02-15,7302.73
2019-02-14,7381.59
2019-02-13,7389.79
2019-02-12,7454.81
2019-02-11,7471.47
2019-02-08,7502.7
2019-02-07,7610.35
2019-02-06,7555.86
2019-02-05,7486.54
2019-02-04,7493.69
2019-02-01,7517.02
2019-01-31,7417.5
2019-01-30,7347.21
2019-01-29,7373.52
2019-01-28,7345.04
2019-01-25,7364.78
2019-01-24,7488.31
2019-01-23,7470.89
2019-01-22,7518.14
2019-01-21,7506.16
2019-01-18,7518.84
2019-01-17,7584.78
2019-01-16,7604.27
2019-01-15,7644.49
2019-01-14,7572.86
2019-01-11,7607.65
2019-01-10,7612.63
2019-01-09,7600.99
2019-01-08,7569.24
2019-01-07,7578.92
2019-01-04,7550.0
2019-01-03,7564.64
2019-01-02,7573.07
2019-01-01,7628.4
2018-12-31,7644.78
2018-12-28,7647.57
2018-12-27,7571.99
2018-12-26,7522.18
2018-12-24,7481.53
2018-12-21,7586.85
2018-12-20,7724.42
2018-12-19,7763.14
2018-12-18,7672.35
2018-12-17,7657.97
2018-12-14,7616.44
2018-12-13,7563.69
2018-12-12,7499.12
2018-12-11,7358.29
2018-12-10,7240.38
2018-12-07,7377.79
2018-12-06,7318.41
2018-12-05,7453.41
2018-12-04,7493.98
2018-12-03,7534.1
2018-11-30,7497.44
2018-11-29,7466.69
2018-11-28,7398.37
2018-11-27,7438.16
2018-11-26,7456.22
2018-11-22,7329.77
2018-11-21,7373.5
2018-11-20,7336.6
2018-11-19,7397.41
2018-11-16,7336.34
2018-11-15,7251.36
2018-11-14,7241.8
2018-11-13,7155.86
2018-11-12,7122.73
2018-11-09,7147.11
2018-11-07,7117.12
2018-11-06,7066.15
2018-11-05,7108.38
2018-11-02,7115.61
2018-11-01,6992.17
2018-10-31,7001.59
2018-10-30,6911.76
2018-10-29,6880.56
2018-10-26,6793.84
2018-10-25,6823.24
2018-10-24,6878.91
2018-10-23,6777.66
2018-10-22,6874.22
2018-10-19,6933.66
2018-10-17,6950.58
2018-10-16,6996.4
2018-10-15,6923.4
2018-10-12,6948.07
2018-10-11,6777.95
2018-10-10,6854.9
2018-10-09,6669.04
2018-10-08,6798.97
2018-10-05,6809.29
2018-10-04,6956.61
2018-10-03,7120.65
2018-10-01,7255.9
2018-09-28,7261.63
2018-09-27,7328.19
2018-09-26,7366.94
2018-09-25,7388.4
2018-09-24,7330.31
2018-09-21,7507.15
2018-09-19,7541.91
2018-09-18,7627.41
2018-09-17,7626.84
2018-09-14,7704.87
2018-09-12,7609.82
2018-09-11,7515.92
2018-09-10,7650.13
2018-09-07,7780.35
2018-09-06,7695.95
2018-09-05,7721.66
2018-09-04,7823.66
2018-09-03,8035.17
2018-08-31,8134.05
2018-08-30,8128.65
2018-08-29,8097.9
2018-08-28,8144.68
2018-08-27,8152.86
2018-08-24,8088.97
2018-08-23,8146.67
2018-08-21,8093.12
2018-08-20,8104.43
2018-08-17,8071.93
2018-08-16,7972.35
2018-08-14,7975.1
2018-08-13,7926.19
2018-08-10,7952.2
2018-08-09,7956.6
2018-08-08,7975.61
2018-08-07,7930.28
2018-08-06,7900.98
2018-08-03,7899.69
2018-08-02,7844.37
2018-08-01,7882.73
2018-07-31,7876.3
2018-07-30,7800.03
2018-07-27,7739.36
2018-07-26,7646.01
2018-07-25,7643.23
2018-07-24,7682.45
2018-07-23,7642.2
2018-07-20,7495.69
2018-07-19,7495.27
2018-07-18,7462.64
2018-07-17,7505.32
2018-07-16,7509.63
2018-07-13,7579.66
2018-07-12,7607.77
2018-07-11,7606.18
2018-07-10,7622.83
2018-07-09,7576.35
2018-07-06,7506.1
2018-07-05,7512.82
2018-07-04,7524.95
2018-07-03,7504.98
2018-07-02,7467.36
2018-06-29,7485.97
2018-06-28,7362.63
2018-06-27,7427.41
2018-06-26,7481.93
2018-06-25,7409.32
2018-06-22,7455.43
2018-06-21,7392.71
2018-06-20,7422.17
2018-06-19,7444.46
2018-06-18,7500.8
2018-06-15,7527.22
2018-06-14,7536.89
2018-06-13,7541.12
2018-06-12,7554.84
2018-06-11,7518.59
2018-06-08,7475.8
2018-06-07,7475.82
2018-06-06,7404.06
2018-06-05,7313.83
2018-06-04,7380.67
2018-06-01,7446.43
2018-05-31,7481.5
2018-05-30,7461.52
2018-05-29,7468.8
2018-05-28,7501.27
2018-05-25,7443.41
2018-05-24,7351.84
2018-05-23,7300.04
2018-05-22,7321.28
2018-05-21,7287.24
2018-05-18,7357.86
2018-05-17,7349.38
2018-05-16,7397.92
2018-05-15,7327.74
2018-05-14,7317.81
2018-05-11,7353.26
2018-05-10,7342.24
2018-05-09,7386.98
2018-05-08,7403.74
2018-05-07,7419.32
2018-05-04,7343.8
2018-05-03,7381.49
2018-05-02,7486.23
2018-04-30,7519.91
2018-04-27,7448.02
2018-04-26,7412.76
2018-04-25,7401.04
2018-04-24,7388.38
2018-04-23,7388.24
2018-04-20,7378.73
2018-04-19,7390.27
2018-04-18,7363.31
2018-04-17,7320.72
2018-04-16,7270.49
2018-04-13,7234.79
2018-04-12,7237.48
2018-04-11,7246.88
2018-04-10,7222.56
2018-04-09,7228.13
2018-04-06,7183.2
2018-04-05,7155.22
2018-04-04,7073.3
2018-04-03,7138.91
2018-04-02,7123.94
2018-03-28,7037.48
2018-03-27,7092.3
2018-03-26,7061.25
2018-03-23,6956.32
2018-03-22,6961.38
2018-03-21,6973.71
2018-03-20,6939.04
2018-03-19,6904.11
2018-03-16,6996.66
2018-03-15,7062.5
2018-03-14,7068.49
2018-03-13,7088.91
2018-03-12,7058.12
2018-03-09,6945.33
2018-03-08,6930.45
2018-03-07,6925.59
2018-03-06,6931.5
2018-03-05,6981.57
2018-03-01,7047.45
2018-02-28,7068.13
2018-02-27,7106.66
2018-02-26,7077.31
2018-02-23,7053.55
2018-02-22,6995.65
2018-02-21,7049.55
2018-02-20,7034.59
2018-02-19,6998.36
2018-02-16,7046.23
2018-02-15,7096.9
2018-02-14,7118.97
2018-02-12,7112.54
2018-02-09,7047.51
2018-02-08,7071.89
2018-02-07,7010.18
2018-02-06,7003.91
2018-02-05,7112.93
2018-02-02,7135.39
2018-02-01,7263.16
2018-01-31,7250.81
2018-01-30,7323.13
2018-01-29,7361.53
2018-01-25,7372.91
2018-01-24,7438.69
2018-01-23,7531.43
2018-01-22,7523.18
2018-01-19,7505.87
2018-01-18,7471.51
2018-01-17,7484.48
2018-01-16,7490.48
2018-01-15,7552.08
2018-01-12,7542.81
2018-01-11,7547.63
2018-01-10,7514.59
2018-01-09,7554.53
2018-01-08,7571.97
2018-01-05,7587.36
2018-01-04,7481.78
2018-01-03,7412.02
2018-01-02,7374.09
2018-01-01,7430.26
2017-12-29,7487.52
2017-12-28,7409.92
2017-12-27,7417.56
2017-12-26,7440.35
2017-12-22,7406.54
2017-12-21,7394.79
2017-12-20,7399.94
2017-12-19,7401.71
2017-12-18,7304.79
2017-12-15,7240.5
2017-12-14,7207.59
2017-12-13,7196.63
2017-12-12,7244.56
2017-12-11,7313.7
2017-12-08,7270.33
2017-12-07,7192.53
2017-12-06,7042.28
2017-12-05,7072.16
2017-12-04,7068.56
2017-12-01,7054.57
2017-11-30,7128.62
2017-11-29,7161.5
2017-11-28,7182.17
2017-11-27,7161.72
2017-11-24,7142.24
2017-11-23,7094.85
2017-11-22,7103.24
2017-11-21,7087.32
2017-11-20,7055.37
2017-11-17,7039.56
2017-11-16,7006.78
2017-11-15,6939.47
2017-11-14,6990.65
2017-11-13,7005.08
2017-11-10,7070.25
2017-11-09,7059.71
2017-11-08,6951.99
2017-11-07,6975.97
2017-11-06,7046.34
2017-11-03,6999.29
2017-11-02,6996.67
2017-11-01,6979.59
2017-10-31,6852.67
2017-10-30,6842.25
2017-10-27,6796.04
2017-10-26,6794.44
2017-10-25,6823.43
2017-10-24,6802.89
2017-10-23,6735.24
2017-10-19,6694.34
2017-10-18,6690.68
2017-10-17,6724.28
2017-10-16,6687.88
2017-10-13,6612.57
2017-10-12,6549.15
2017-10-11,6490.74
2017-10-10,6483.27
2017-10-09,6463.32
2017-10-06,6442.05
2017-10-05,6401.27
2017-10-04,6398.33
2017-10-03,6377.24
2017-09-29,6327.55
2017-09-28,6310.64
2017-09-27,6323.93
2017-09-26,6388.44
2017-09-25,6420.61
2017-09-22,6462.83
2017-09-21,6568.14
2017-09-20,6622.29
2017-09-19,6658.07
2017-09-18,6647.65
2017-09-15,6583.18
2017-09-14,6602.25
2017-09-13,6606.34
2017-09-12,6628.37
2017-09-11,6552.89
2017-09-08,6508.59
2017-09-07,6499.93
2017-09-06,6506.22
2017-09-05,6540.92
2017-09-04,6512.33
2017-09-01,6561.32
2017-08-31,6533.15
2017-08-30,6498.53
2017-08-29,6443.55
2017-08-28,6510.98
2017-08-24,6441.94
2017-08-23,6435.75
2017-08-22,6404.87
2017-08-21,6419.47
2017-08-18,6463.09
2017-08-17,6435.03
2017-08-16,6427.72
2017-08-14,6366.22
2017-08-11,6276.46
2017-08-10,6330.41
2017-08-09,6415.42
2017-08-08,6446.36
2017-08-07,6488.22
2017-08-04,6467.2
2017-08-03,6418.68
2017-08-02,6378.69
2017-08-01,6410.73
2017-07-31,6438.81
2017-07-28,6432.43
2017-07-27,6425.04
2017-07-26,6422.8
2017-07-25,6425.78
2017-07-24,6421.95
2017-07-21,6388.98
2017-07-20,6380.27
2017-07-19,6410.61
2017-07-18,6320.06
2017-07-17,6402.06
2017-07-14,6401.45
2017-07-13,6399.01
2017-07-12,6350.71
2017-07-11,6315.97
2017-07-10,6348.63
2017-07-07,6285.62
2017-07-06,6290.45
2017-07-05,6278.7
2017-07-04,6253.07
2017-07-03,6279.2
2017-06-30,6176.29
2017-06-29,6106.15
2017-06-28,6088.42
2017-06-27,6114.56
2017-06-23,6132.98
2017-06-22,6156.07
2017-06-21,6177.44
2017-06-20,6138.14
2017-06-19,6134.89
2017-06-16,6108.9
2017-06-15,6102.53
2017-06-14,6122.51
2017-06-13,6117.01
2017-06-12,6114.11
2017-06-09,6142.69
2017-06-08,6144.52
2017-06-07,6161.66
2017-06-06,6120.0
2017-06-05,6178.38
2017-06-02,6102.07
2017-06-01,6060.06
2017-05-31,6008.03
2017-05-30,5992.9
2017-05-29,5988.18
2017-05-26,5964.18
2017-05-25,5889.9
2017-05-24,5849.38
2017-05-23,5896.33
2017-05-22,5963.6
2017-05-19,5911.85
2017-05-18,5902.09
2017-05-17,6004.87
2017-05-16,6011.98
2017-05-15,5989.12
2017-05-12,5974.81
2017-05-11,6013.93
2017-05-10,5979.66
2017-05-09,5837.17
2017-05-08,5822.87
2017-05-05,5791.5
2017-05-04,5842.78
2017-05-03,5806.88
2017-05-02,5824.88
2017-04-28,5819.64
2017-04-27,5838.94
2017-04-26,5848.2
2017-04-25,5801.67
2017-04-24,5707.05
2017-04-21,5700.53
2017-04-20,5708.37
2017-04-19,5660.64
2017-04-18,5634.59
2017-04-17,5676.16
2017-04-13,5695.37
2017-04-12,5732.25
2017-04-11,5745.4
2017-04-10,5711.92
2017-04-07,5724.17
2017-04-06,5739.99
2017-04-05,5760.42
2017-04-03,5720.37
2017-03-31,5715.93
2017-03-30,5712.29
2017-03-29,5689.82
2017-03-28,5645.84
2017-03-27,5596.36
2017-03-24,5620.83
2017-03-23,5627.94
2017-03-22,5605.86
2017-03-21,5677.84
2017-03-20,5672.86
2017-03-17,5683.28
2017-03-16,5691.14
2017-03-15,5647.31
2017-03-14,5616.65
2017-03-10,5524.31
2017-03-09,5518.5
2017-03-08,5511.59
2017-03-07,5521.05
2017-03-06,5526.44
2017-03-03,5498.3
2017-03-02,5503.86
2017-03-01,5556.94
2017-02-28,5540.9
2017-02-27,5499.24
2017-02-23,5532.77
2017-02-22,5534.43
2017-02-21,5540.85
2017-02-20,5514.28
2017-02-17,5472.04
2017-02-16,5466.27
2017-02-15,5468.91
2017-02-14,5499.45
2017-02-13,5495.4
2017-02-10,5503.73
2017-02-09,5509.64
2017-02-08,5488.41
2017-02-07,5461.41
2017-02-06,5467.59
2017-02-03,5420.01
2017-02-02,5417.92
2017-02-01,5373.9
2017-01-31,5290.26
2017-01-30,5288.1
2017-01-27,5206.97
2017-01-25,5213.1
2017-01-24,5169.2
2017-01-23,5144.9
2017-01-20,5108.04
2017-01-19,5126.08
2017-01-18,5116.45
2017-01-17,5093.15
2017-01-16,5060.91
2017-01-13,5054.38
2017-01-12,5046.24
2017-01-11,5078.79
2017-01-10,5038.55
2017-01-09,5005.88
2017-01-06,5012.43
2017-01-05,5031.92
2017-01-04,4981.34
2017-01-03,4945.07
2017-01-02,4928.83
2016-12-30,4907.13
2016-12-29,4848.21
2016-12-28,4795.09
2016-12-27,4767.23
2016-12-26,4695.1
2016-12-23,4728.14
2016-12-22,4730.68
2016-12-21,4777.04
2016-12-20,4798.97
2016-12-19,4824.5
2016-12-16,4855.37
2016-12-15,4873.85
2016-12-14,4903.84
2016-12-13,4931.76
2016-12-12,4927.4
2016-12-09,5008.44
2016-12-08,4999.18
2016-12-07,4926.06
2016-12-06,4940.15
2016-12-05,4959.88
2016-12-02,4877.14
2016-12-01,4961.97
2016-11-30,4999.0
2016-11-29,4958.82
2016-11-28,4921.61
2016-11-25,4860.39
2016-11-24,4816.58
2016-11-23,4852.92
2016-11-22,4797.58
2016-11-21,4733.58
2016-11-18,4800.0
2016-11-17,4831.09
2016-11-16,4875.95
2016-11-15,4814.09
2016-11-11,4984.65
2016-11-10,5190.94
2016-11-09,5187.53
2016-11-08,5277.26
2016-11-07,5264.76
2016-11-04,5260.17
2016-11-03,5261.02
2016-11-02,5293.64
2016-11-01,5349.43
2016-10-30,5372.27
2016-10-28,5365.36
2016-10-27,5339.3
2016-10-26,5380.63
2016-10-25,5386.94
2016-10-24,5396.21
2016-10-21,5433.99
2016-10-20,5418.82
2016-10-19,5406.25
2016-10-18,5431.93
2016-10-17,5368.73
2016-10-14,5430.48
2016-10-13,5462.99
2016-10-10,5555.44
2016-10-07,5543.23
2016-10-06,5564.42
2016-10-05,5575.78
2016-10-04,5554.8
2016-10-03,5544.54
2016-09-30,5429.26
2016-09-29,5407.8
2016-09-28,5518.12
2016-09-27,5484.4
2016-09-26,5484.26
2016-09-23,5532.03
2016-09-22,5548.31
2016-09-21,5522.62
2016-09-20,5526.12
2016-09-19,5562.84
2016-09-16,5562.99
2016-09-15,5558.21
2016-09-14,5533.0
2016-09-12,5496.86
2016-09-09,5587.58
2016-09-08,5659.61
2016-09-07,5626.13
2016-09-06,5646.89
2016-09-02,5554.2
2016-09-01,5528.21
2016-08-31,5572.53
2016-08-30,5565.57
2016-08-29,5515.23
2016-08-26,5508.21
2016-08-25,5500.59
2016-08-24,5535.33
2016-08-23,5523.9
2016-08-22,5526.82
2016-08-19,5521.63
2016-08-18,5511.69
2016-08-17,5504.46
2016-08-16,5501.32
2016-08-12,5515.83
2016-08-11,5496.32
2016-08-10,5444.35
2016-08-09,5512.48
2016-08-08,5544.3
2016-08-05,5517.97
2016-08-04,5479.18
2016-08-03,5480.53
2016-08-02,5553.73
2016-08-01,5538.87
2016-07-29,5521.98
2016-07-28,5524.65
2016-07-27,5444.65
2016-07-26,5430.63
2016-07-25,5462.0
2016-07-22,5410.95
2016-07-21,5380.31
2016-07-20,5366.72
2016-07-19,5352.21
2016-07-18,5365.11
2016-07-15,5421.25
2016-07-14,5397.0
2016-07-13,5357.64
2016-07-12,5368.02
2016-07-11,5376.53
2016-07-08,5325.67
2016-07-07,5334.44
2016-07-05,5335.64
2016-07-04,5344.97
2016-07-01,5339.83
2016-06-30,5293.09
2016-06-29,5216.58
2016-06-28,5187.93
2016-06-27,5126.91
2016-06-24,5122.92
2016-06-23,5174.89
2016-06-22,5158.79
2016-06-21,5156.67
2016-06-20,5170.08
2016-06-17,5151.95
2016-06-16,5122.49
2016-06-15,5126.39
2016-06-14,5085.23
2016-06-13,5092.17
2016-06-10,5117.34
2016-06-09,5139.1
2016-06-08,5184.67
2016-06-07,5190.18
2016-06-06,5143.14
2016-06-03,5182.97
2016-06-02,5210.23
2016-06-01,5170.86
2016-05-31,5097.23
2016-05-30,5152.08
2016-05-27,5144.28
2016-05-26,5120.9
2016-05-25,5077.24
2016-05-24,4992.45
2016-05-23,4989.55
2016-05-20,4977.92
2016-05-19,4993.28
2016-05-18,5060.55
2016-05-17,5083.89
2016-05-16,5075.57
2016-05-13,5065.22
2016-05-12,5082.98
2016-05-11,5045.96
2016-05-10,5034.22
2016-05-09,5013.78
2016-05-06,4954.04
2016-05-05,4910.42
2016-05-04,4923.76
2016-05-03,4976.07
2016-05-02,4982.49
2016-04-29,4958.88
2016-04-28,4981.7
2016-04-27,5043.95
2016-04-26,4994.93
2016-04-25,4955.9
2016-04-22,4967.08
2016-04-21,4992.74
2016-04-20,5013.14
2016-04-18,5020.64
2016-04-13,4953.93
2016-04-12,4897.1
2016-04-11,4871.15
2016-04-08,4808.64
2016-04-07,4788.29
2016-04-06,4838.07
2016-04-05,4816.52
2016-04-04,4903.04
2016-04-01,4847.66
2016-03-31,4865.15
2016-03-30,4846.34
2016-03-29,4785.11
2016-03-28,4777.4
2016-03-23,4840.23
2016-03-22,4835.33
2016-03-21,4855.91
2016-03-18,4803.3
2016-03-17,4765.78
2016-03-16,4734.21
2016-03-15,4743.68
2016-03-14,4808.54
2016-03-11,4779.81
2016-03-10,4733.35
2016-03-09,4750.41
2016-03-08,4729.89
2016-03-04,4731.55
2016-03-03,4747.84
2016-03-02,4728.98
2016-03-01,4697.46
2016-02-29,4560.11
2016-02-26,4608.58
2016-02-25,4588.52
2016-02-24,4607.94
2016-02-23,4628.37
2016-02-22,4686.93
2016-02-19,4623.88
2016-02-18,4596.95
2016-02-17,4564.33
2016-02-16,4533.96
2016-02-15,4637.56
2016-02-12,4588.56
2016-02-11,4545.26
2016-02-10,4668.21
2016-02-09,4723.89
2016-02-08,4772.49
2016-02-05,4788.26
2016-02-04,4722.11
2016-02-03,4695.19
2016-02-02,4711.61
2016-02-01,4747.53
2016-01-29,4710.5
2016-01-28,4641.72
2016-01-27,4627.3
2016-01-25,4650.79
2016-01-22,4647.38
2016-01-21,4632.75
2016-01-20,4683.76
2016-01-19,4744.7
2016-01-18,4691.29
2016-01-15,4772.37
2016-01-14,4879.02
2016-01-13,4877.42
2016-01-12,4885.52
2016-01-11,4906.37
2016-01-08,4947.35
2016-01-07,4930.07
2016-01-06,5025.01
2016-01-05,5072.08
2016-01-04,5066.29
2016-01-01,5130.02
2015-12-31,5125.36
2015-12-30,5073.23
2015-12-29,5072.58
2015-12-28,5070.11
2015-12-24,5073.38
2015-12-23,5062.65
2015-12-22,5032.44
2015-12-21,5037.42
2015-12-18,5006.04
2015-12-17,5014.05
2015-12-16,4966.45
2015-12-15,4968.21
2015-12-14,4915.99
2015-12-11,4877.36
2015-12-10,4903.42
2015-12-09,4846.36
2015-12-08,4922.82
2015-12-07,4949.72
2015-12-04,4936.77
2015-12-03,4977.65
2015-12-02,5017.36
2015-12-01,5010.51
2015-11-30,4980.66
2015-11-27,5032.77
2015-11-26,5040.22
2015-11-24,4995.14
2015-11-23,4980.8
2015-11-20,4982.18
2015-11-19,4960.69
2015-11-18,4897.12
2015-11-17,4885.97
2015-11-16,4834.99
2015-11-13,4847.78
2015-11-11,4920.18
2015-11-10,4893.91
2015-11-09,4966.42
2015-11-06,4942.75
2015-11-05,4945.17
2015-11-04,4998.87
2015-11-03,4994.56
2015-11-02,4996.75
2015-10-30,4979.12
2015-10-29,5033.33
2015-10-28,5062.54
2015-10-27,5043.2
2015-10-26,5034.58
2015-10-23,5066.73
2015-10-21,5097.73
2015-10-20,5098.54
2015-10-19,5099.67
2015-10-16,5040.5
2015-10-15,5030.68
2015-10-14,4992.16
2015-10-13,5007.81
2015-10-12,5024.74
2015-10-09,5041.15
2015-10-08,5046.46
2015-10-07,5068.39
2015-10-06,5071.85
2015-10-05,5013.15
2015-10-01,4938.64
2015-09-30,4914.28
2015-09-29,4787.87
2015-09-28,4783.57
2015-09-24,4807.92
2015-09-23,4778.26
2015-09-22,4795.63
2015-09-21,4875.29
2015-09-18,4890.86
2015-09-16,4902.71
2015-09-15,4910.28
2015-09-14,4904.6
2015-09-11,4857.72
2015-09-10,4835.57
2015-09-09,4845.3
2015-09-08,4756.44
2015-09-07,4786.31
2015-09-04,4873.43
2015-09-03,4919.63
2015-09-02,4888.94
2015-09-01,4894.43
2015-08-31,4982.94
2015-08-28,5002.52
2015-08-27,4961.57
2015-08-26,4862.47
2015-08-25,4885.77
2015-08-24,4830.58
2015-08-21,5140.36
2015-08-20,5161.75
2015-08-19,5187.41
2015-08-18,5192.85
2015-08-17,5198.62
2015-08-14,5208.92
2015-08-13,5140.41
2015-08-12,5193.07
2015-08-11,5284.31
2015-08-10,5328.75
2015-08-07,5338.2
2015-08-06,5353.92
2015-08-05,5363.38
2015-08-04,5293.55
2015-08-03,5293.75
2015-07-31,5302.98
2015-07-30,5245.93
2015-07-29,5163.5
2015-07-28,5133.79
2015-07-27,5166.98
2015-07-24,5214.92
2015-07-23,5220.83
2015-07-22,5242.51
2015-07-21,5203.52
2015-07-20,5259.47
2015-07-17,5234.74
2015-07-16,5233.43
2015-07-15,5191.64
2015-07-14,5175.14
2015-07-13,5152.49
2015-07-10,5083.37
2015-07-09,5125.91
2015-07-08,5150.92
2015-07-07,5212.2
2015-07-06,5171.48
2015-07-03,5143.57
2015-07-02,5118.09
2015-07-01,5086.13
2015-06-30,5079.77
2015-06-29,4968.61
2015-06-26,4999.51
2015-06-25,4987.64
2015-06-24,4994.53
2015-06-23,4984.26
2015-06-22,4976.51
2015-06-19,4928.59
2015-06-18,4890.0
2015-06-17,4863.83
2015-06-16,4775.76
2015-06-15,4768.71
2015-06-12,4744.72
2015-06-11,4741.35
2015-06-10,4824.31
2015-06-09,4803.71
2015-06-08,4818.35
2015-06-05,4900.16
2015-06-04,4859.05
2015-06-03,4864.0
2015-06-02,4907.07
2015-06-01,5022.18
2015-05-29,5001.69
2015-05-28,4927.93
2015-05-27,4918.52
2015-05-26,4893.31
2015-05-25,4890.57
2015-05-22,4915.39
2015-05-21,4914.67
2015-05-20,4941.41
2015-05-19,4941.92
2015-05-18,4935.4
2015-05-15,4884.13
2015-05-14,4853.08
2015-05-13,4799.23
2015-05-12,4789.48
2015-05-11,4853.42
2015-05-08,4816.09
2015-05-07,4786.19
2015-05-06,4804.58
2015-05-05,4903.51
2015-05-04,4877.62
2015-04-30,4786.74
2015-04-29,4823.73
2015-04-28,4882.03
2015-04-27,4844.55
2015-04-24,4939.3
2015-04-23,4974.84
2015-04-22,4966.83
2015-04-21,4965.95
2015-04-20,5033.02
2015-04-17,5145.42
2015-04-16,5212.34
2015-04-15,5237.61
2015-04-13,5293.5
2015-04-10,5229.37
2015-04-09,5172.4
2015-04-08,5170.01
2015-04-07,5108.35
2015-04-06,5060.53
2015-04-01,5001.03
2015-03-31,4939.04
2015-03-30,4926.16
2015-03-27,4841.7
2015-03-26,4912.89
2015-03-25,4938.66
2015-03-24,4933.97
2015-03-23,4926.67
2015-03-20,4940.19
2015-03-19,5030.12
2015-03-18,5039.7
2015-03-17,5056.63
2015-03-16,5001.74
2015-03-13,5044.95
2015-03-12,5094.67
2015-03-11,5011.81
2015-03-10,4965.71
2015-03-09,4932.96
2015-03-05,4965.63
2015-03-04,4937.71
2015-03-03,4933.98
2015-03-02,4896.84
2015-02-28,4906.67
2015-02-27,4948.21
2015-02-26,4896.35
2015-02-25,4939.78
2015-02-24,4930.43
2015-02-23,4904.91
2015-02-20,4962.65
2015-02-19,4977.1
2015-02-18,5001.08
2015-02-16,4995.0
2015-02-13,4965.15
2015-02-12,4902.84
2015-02-11,4893.02
2015-02-10,4837.92
2015-02-09,4806.11
2015-02-06,4868.3
2015-02-05,4860.64
2015-02-04,4873.68
2015-02-03,4913.3
2015-02-02,4878.85
2015-01-30,4950.62
2015-01-29,5010.62
2015-01-28,5022.98
2015-01-27,5031.91
2015-01-23,5002.68
2015-01-22,4957.99
2015-01-21,4929.14
2015-01-20,4892.17
2015-01-19,4864.6
2015-01-16,4875.37
2015-01-15,4816.54
2015-01-14,4780.55
2015-01-13,4751.96
2015-01-12,4732.61
2015-01-09,4705.01
2015-01-08,4695.12
2015-01-07,4611.56
2015-01-06,4575.74
2015-01-05,4658.77
2015-01-02,4683.94
2015-01-01,4645.59
2014-12-31,4623.81
2014-12-30,4587.66
2014-12-29,4594.13
2014-12-26,4556.59
2014-12-24,4559.82
2014-12-23,4604.85
2014-12-22,4591.13
2014-12-19,4526.82
2014-12-18,4554.76
2014-12-17,4456.15
2014-12-16,4493.31
2014-12-15,4584.44
2014-12-12,4617.01
2014-12-11,4646.01
2014-12-10,4695.37
2014-12-09,4708.42
2014-12-08,4783.52
2014-12-05,4798.14
2014-12-04,4805.66
2014-12-03,4788.83
2014-12-02,4753.86
2014-12-01,4736.08
2014-11-28,4672.73
2014-11-27,4657.04
2014-11-26,4641.11
2014-11-25,4648.54
2014-11-24,4678.93
2014-11-21,4677.55
2014-11-20,4671.49
2014-11-19,4672.26
2014-11-18,4694.02
2014-11-17,4663.19
2014-11-14,4623.25
2014-11-13,4598.86
2014-11-12,4595.62
2014-11-11,4579.34
2014-11-10,4583.69
2014-11-07,4543.35
2014-11-05,4498.8
2014-11-03,4508.31
2014-10-31,4504.15
2014-10-30,4484.84
2014-10-29,4445.76
2014-10-28,4399.71
2014-10-27,4411.49
2014-10-23,4471.41
2014-10-22,4438.34
2014-10-21,4422.32
2014-10-20,4380.45
2014-10-17,4330.44
2014-10-16,4274.29
2014-10-14,4362.28
2014-10-13,4373.09
2014-10-10,4392.3
2014-10-09,4468.9
2014-10-08,4411.9
2014-10-07,4418.81
2014-10-01,4443.88
2014-09-30,4460.84
2014-09-29,4415.1
2014-09-26,4412.99
2014-09-25,4410.23
2014-09-24,4441.49
2014-09-23,4417.5
2014-09-22,4480.24
2014-09-19,4469.91
2014-09-18,4462.25
2014-09-17,4402.8
2014-09-16,4408.05
2014-09-15,4458.89
2014-09-12,4473.82
2014-09-11,4442.89
2014-09-10,4426.34
2014-09-09,4467.6
2014-09-08,4435.58
2014-09-05,4377.3
2014-09-04,4390.87
2014-09-03,4403.61
2014-09-02,4379.05
2014-09-01,4341.99
2014-08-28,4299.34
2014-08-27,4288.44
2014-08-26,4257.79
2014-08-25,4224.22
2014-08-22,4228.02
2014-08-21,4258.62
2014-08-20,4235.95
2014-08-19,4255.11
2014-08-18,4228.22
2014-08-14,4176.91
2014-08-13,4147.56
2014-08-12,4146.26
2014-08-11,4141.98
2014-08-08,4148.66
2014-08-07,4178.97
2014-08-06,4193.03
2014-08-05,4223.81
2014-08-04,4216.13
2014-08-01,4180.43
2014-07-31,4205.58
2014-07-30,4217.32
2014-07-28,4161.04
2014-07-25,4160.62
2014-07-24,4153.85
2014-07-23,4138.44
2014-07-22,4136.19
2014-07-21,4071.85
2014-07-18,4036.36
2014-07-17,4059.42
2014-07-16,4026.01
2014-07-15,4001.13
2014-07-14,3977.67
2014-07-11,3982.53
2014-07-10,3994.53
2014-07-09,4012.32
2014-07-08,4021.57
2014-07-07,4095.32
2014-07-04,4080.24
2014-07-03,4061.58
2014-07-02,4066.55
2014-07-01,4026.79
2014-06-30,4013.83
2014-06-27,3985.66
2014-06-26,3992.78
2014-06-25,3996.32
2014-06-24,3980.82
2014-06-23,3958.98
2014-06-20,3986.24
2014-06-19,3968.53
2014-06-18,3979.7
2014-06-17,3986.64
2014-06-16,3963.6
2014-06-13,3957.4
2014-06-12,4017.96
2014-06-11,4022.86
2014-06-10,4055.86
2014-06-09,4028.97
2014-06-06,4000.34
2014-06-05,3945.35
2014-06-04,3884.38
2014-06-03,3895.43
2014-06-02,3874.77
2014-05-30,3842.32
2014-05-29,3783.74
2014-05-28,3817.53
2014-05-27,3821.38
2014-05-26,3821.67
2014-05-23,3871.21
2014-05-22,3851.05
2014-05-21,3839.43
2014-05-20,3826.92
2014-05-19,3772.26
2014-05-16,3795.23
2014-05-15,3784.91
2014-05-14,3809.28
2014-05-13,3770.98
2014-05-12,3732.03
2014-05-09,3661.8
2014-05-08,3624.6
2014-05-07,3634.1
2014-05-06,3655.05
2014-05-05,3663.67
2014-05-02,3681.36
2014-04-30,3680.68
2014-04-29,3706.69
2014-04-28,3743.76
2014-04-25,3761.34
2014-04-23,3786.47
2014-04-22,3793.22
2014-04-21,3804.01
2014-04-17,3795.55
2014-04-16,3768.95
2014-04-15,3778.64
2014-04-11,3767.5
2014-04-10,3774.78
2014-04-09,3780.33
2014-04-07,3753.54
2014-04-04,3747.47
2014-04-03,3772.58
2014-04-02,3771.2
2014-04-01,3769.75
2014-03-31,3766.54
2014-03-28,3742.85
2014-03-27,3711.62
2014-03-26,3671.81
2014-03-25,3679.92
2014-03-24,3663.86
2014-03-22,3653.54
2014-03-21,3643.39
2014-03-20,3630.24
2014-03-19,3628.92
2014-03-18,3589.11
2014-03-14,3548.52
2014-03-13,3565.44
2014-03-12,3586.17
2014-03-11,3560.2
2014-03-10,3571.08
2014-03-07,3556.31
2014-03-06,3513.05
2014-03-05,3493.89
2014-03-04,3495.73
2014-03-03,3467.77
2014-02-28,3462.51
2014-02-26,3455.2
2014-02-25,3452.89
2014-02-24,3435.9
2014-02-21,3440.08
2014-02-20,3430.64
2014-02-19,3452.2
2014-02-18,3450.2
2014-02-17,3444.26
2014-02-14,3456.38
2014-02-13,3444.9
2014-02-12,3482.38
2014-02-11,3489.0
2014-02-10,3498.6
2014-02-07,3539.75
2014-02-06,3548.56
2014-02-05,3521.06
2014-02-04,3527.87
2014-02-03,3489.25
2014-01-31,3514.25
2014-01-30,3465.77
2014-01-29,3502.59
2014-01-28,3489.47
2014-01-27,3492.38
2014-01-24,3555.57
2014-01-23,3600.83
2014-01-22,3593.46
2014-01-21,3588.35
2014-01-20,3603.68
2014-01-17,3572.4
2014-01-16,3589.56
2014-01-15,3642.88
2014-01-14,3632.49
2014-01-13,3649.13
2014-01-10,3653.85
2014-01-09,3640.8
2014-01-08,3663.69
2014-01-07,3658.72
2014-01-06,3666.05
2014-01-03,3653.78
2014-01-02,3629.56
2014-01-01,3703.93
2013-12-31,3675.97
2013-12-30,3669.88
2013-12-27,3655.64
2013-12-26,3640.61
2013-12-24,3632.61
2013-12-23,3634.58
2013-12-20,3642.89
2013-12-19,3616.3
2013-12-18,3631.18
2013-12-17,3600.13
2013-12-16,3563.54
2013-12-13,3591.78
2013-12-12,3618.09
2013-12-11,3631.74
2013-12-10,3644.05
2013-12-09,3651.02
2013-12-06,3635.87
2013-12-05,3630.65
2013-12-04,3641.29
2013-12-03,3664.35
2013-12-02,3683.61
2013-11-29,3665.12
2013-11-28,3640.75
2013-11-27,3623.27
2013-11-26,3613.31
2013-11-25,3645.11
2013-11-22,3598.74
2013-11-21,3595.65
2013-11-20,3654.66
2013-11-19,3702.46
2013-11-18,3688.71
2013-11-14,3630.37
2013-11-13,3601.92
2013-11-12,3615.41
2013-11-11,3631.22
2013-11-08,3673.6
2013-11-07,3695.97
2013-11-06,3752.3
2013-11-05,3781.38
2013-11-03,3821.87
2013-11-01,3810.32
2013-10-31,3813.91
2013-10-30,3778.81
2013-10-29,3730.29
2013-10-28,3684.45
2013-10-25,3743.22
2013-10-24,3775.21
2013-10-23,3774.85
2013-10-22,3774.01
2013-10-21,3759.41
2013-10-18,3731.47
2013-10-17,3680.54
2013-10-15,3651.5
2013-10-14,3654.93
2013-10-11,3673.31
2013-10-10,3674.01
2013-10-09,3655.64
2013-10-08,3640.17
2013-10-07,3626.43
2013-10-04,3625.08
2013-10-03,3625.65
2013-10-01,3588.78
2013-09-30,3577.01
2013-09-27,3624.87
2013-09-26,3621.53
2013-09-25,3626.32
2013-09-24,3620.54
2013-09-23,3615.4
2013-09-20,3643.24
2013-09-19,3690.42
2013-09-18,3569.84
2013-09-17,3535.36
2013-09-16,3543.02
2013-09-13,3533.48
2013-09-12,3550.48
2013-09-11,3580.43
2013-09-10,3588.29
2013-09-06,3432.41
2013-09-05,3404.85
2013-09-04,3347.78
2013-09-03,3294.58
2013-09-02,3418.55
2013-08-30,3345.58
2013-08-29,3295.27
2013-08-28,3206.8
2013-08-27,3263.73
2013-08-26,3358.9
2013-08-23,3335.19
2013-08-22,3322.69
2013-08-21,3285.75
2013-08-20,3362.21
2013-08-19,3385.15
2013-08-16,3460.81
2013-08-14,3602.84
2013-08-13,3581.79
2013-08-12,3514.3
2013-08-08,3464.67
2013-08-07,3429.0
2013-08-06,3443.54
2013-08-05,3552.4
2013-08-02,3569.51
2013-08-01,3588.05
2013-07-31,3621.53
2013-07-30,3600.77
2013-07-29,3679.78
2013-07-26,3737.56
2013-07-25,3770.31
2013-07-24,3794.1
2013-07-23,3801.62
2013-07-22,3793.19
2013-07-19,3803.29
2013-07-18,3822.28
2013-07-17,3756.89
2013-07-16,3689.11
2013-07-15,3655.0
2013-07-12,3600.06
2013-07-11,3592.38
2013-07-10,3554.99
2013-07-09,3564.05
2013-07-08,3545.02
2013-07-05,3528.29
2013-07-04,3523.79
2013-07-03,3470.47
2013-07-02,3489.04
2013-07-01,3492.0
2013-06-28,3384.4
2013-06-27,3336.35
2013-06-26,3308.88
2013-06-25,3313.03
2013-06-24,3313.42
2013-06-21,3392.77
2013-06-20,3402.18
2013-06-19,3471.11
2013-06-18,3440.49
2013-06-17,3431.91
2013-06-14,3388.36
2013-06-13,3349.74
2013-06-12,3369.88
2013-06-11,3414.74
2013-06-10,3473.32
2013-06-07,3497.57
2013-06-06,3531.48
2013-06-05,3554.21
2013-06-04,3558.38
2013-06-03,3540.76
2013-05-31,3539.49
2013-05-30,3572.64
2013-05-29,3556.71
2013-05-28,3543.14
2013-05-27,3538.09
2013-05-24,3478.41
2013-05-23,3454.1
2013-05-22,3500.7
2013-05-21,3479.34
2013-05-20,3482.33
2013-05-17,3520.26
2013-05-16,3522.0
2013-05-15,3530.03
2013-05-14,3482.33
2013-05-13,3465.75
2013-05-11,3514.44
2013-05-10,3498.7
2013-05-09,3482.46
2013-05-08,3509.41
2013-05-07,3509.42
2013-05-06,3468.42
2013-05-03,3453.51
2013-05-02,3456.21
2013-04-30,3414.36
2013-04-29,3307.71
2013-04-26,3254.36
2013-04-25,3245.57
2013-04-23,3220.94
2013-04-22,3237.78
2013-04-18,3193.27
2013-04-17,3158.0
2013-04-16,3135.1
2013-04-15,3100.98
2013-04-12,3096.79
2013-04-11,3075.47
2013-04-10,3061.73
2013-04-09,3042.58
2013-04-08,3073.31
2013-04-05,3048.51
2013-04-04,3066.77
2013-04-03,3113.56
2013-04-02,3140.74
2013-04-01,3137.18
2013-03-28,3116.28
2013-03-26,3093.49
2013-03-25,3065.0
2013-03-22,3072.16
2013-03-21,3082.72
2013-03-20,3086.61
2013-03-19,3113.7
2013-03-18,3166.38
2013-03-15,3158.02
2013-03-14,3149.88
2013-03-13,3131.45
2013-03-12,3143.94
2013-03-11,3151.77
2013-03-08,3148.01
2013-03-07,3102.26
2013-03-06,3086.69
2013-03-05,3096.15
2013-03-04,3055.9
2013-03-01,3075.74
2013-02-28,3042.6
2013-02-27,3073.78
2013-02-26,3050.71
2013-02-25,3071.19
2013-02-22,3088.63
2013-02-21,3082.22
2013-02-20,3135.0
2013-02-19,3151.6
2013-02-18,3138.24
2013-02-15,3133.47
2013-02-14,3122.64
2013-02-13,3136.6
2013-02-12,3163.34
2013-02-11,3153.52
2013-02-08,3155.04
2013-02-07,3173.67
2013-02-06,3203.51
2013-02-05,3193.22
2013-02-04,3221.85
2013-02-01,3216.07
2013-01-31,3211.98
2013-01-30,3199.75
2013-01-29,3197.62
2013-01-28,3219.47
2013-01-25,3219.87
2013-01-24,3185.15
2013-01-23,3223.47
2013-01-22,3210.24
2013-01-21,3236.29
2013-01-18,3210.63
2013-01-17,3225.06
2013-01-16,3213.09
2013-01-15,3247.86
2013-01-14,3230.47
2013-01-11,3199.06
2013-01-10,3245.18
2013-01-09,3250.61
2013-01-08,3270.08
2013-01-07,3260.99
2013-01-04,3281.14
2013-01-03,3286.76
2013-01-02,3274.24
2013-01-01,3264.54
2012-12-31,3236.03
2012-12-28,3231.75
2012-12-27,3216.92
2012-12-26,3241.71
2012-12-24,3217.25
2012-12-21,3202.96
2012-12-20,3246.14
2012-12-19,3225.32
2012-12-18,3212.8
2012-12-17,3171.06
2012-12-14,3193.52
2012-12-13,3196.92
2012-12-12,3238.11
2012-12-11,3236.88
2012-12-10,3238.24
2012-12-07,3240.75
2012-12-06,3257.95
2012-12-05,3258.77
2012-12-04,3264.99
2012-12-03,3239.41
2012-11-30,3230.76
2012-11-29,3227.41
2012-11-27,3189.75
2012-11-26,3112.24
2012-11-23,3055.44
2012-11-22,3031.4
2012-11-21,3022.93
2012-11-20,2994.98
2012-11-19,3005.19
2012-11-16,3016.7
2012-11-15,3053.08
2012-11-13,3032.4
2012-11-12,3012.26
2012-11-09,2954.89
2012-11-08,2972.14
2012-11-07,2941.0
2012-11-06,2921.24
2012-11-05,2909.79
2012-11-02,2895.28
2012-11-01,2889.45
2012-10-31,2849.99
2012-10-30,2833.52
2012-10-29,2840.6
2012-10-26,2855.5
2012-10-25,2897.51
2012-10-23,2907.12
2012-10-22,2917.87
2012-10-19,2910.63
2012-10-18,2912.26
2012-10-17,2906.01
2012-10-16,2890.85
2012-10-15,2885.82
2012-10-12,2884.19
2012-10-11,2885.66
2012-10-10,2862.37
2012-10-09,2884.36
2012-10-08,2869.95
2012-10-05,2876.25
2012-10-04,2887.53
2012-10-03,2862.05
2012-10-01,2850.78
2012-09-28,2844.08
2012-09-27,2806.84
2012-09-26,2771.58
2012-09-25,2775.78
2012-09-24,2747.78
2012-09-21,2750.98
2012-09-20,2712.9
2012-09-18,2716.14
2012-09-17,2701.15
2012-09-14,2704.36
2012-09-13,2700.16
2012-09-12,2687.86
2012-09-11,2679.37
2012-09-10,2674.04
2012-09-08,2670.67
2012-09-07,2661.97
2012-09-06,2643.04
2012-09-05,2654.53
2012-09-04,2642.27
2012-09-03,2614.8
2012-08-31,2603.83
2012-08-30,2614.15
2012-08-29,2596.2
2012-08-28,2599.25
2012-08-27,2596.77
2012-08-24,2594.95
2012-08-23,2598.88
2012-08-22,2596.91
2012-08-21,2617.22
2012-08-17,2601.97
2012-08-16,2590.67
2012-08-14,2608.6
2012-08-13,2604.83
2012-08-10,2567.1
2012-08-09,2565.73
2012-08-08,2567.81
2012-08-07,2596.08
2012-08-06,2594.76
2012-08-03,2594.47
2012-08-02,2590.7
2012-08-01,2568.63
2012-07-31,2563.78
2012-07-30,2560.42
2012-07-27,2530.03
2012-07-26,2520.12
2012-07-25,2548.69
2012-07-24,2557.65
2012-07-23,2525.09
2012-07-20,2566.22
2012-07-19,2548.87
2012-07-18,2557.63
2012-07-17,2549.81
2012-07-16,2542.7
2012-07-13,2535.85
2012-07-12,2536.59
2012-07-11,2544.52
2012-07-10,2559.18
2012-07-09,2538.74
2012-07-06,2570.07
2012-07-05,2577.97
2012-07-04,2574.32
2012-07-03,2569.4
2012-07-02,2543.63
2012-06-29,2533.98
2012-06-28,2486.5
2012-06-27,2481.68
2012-06-26,2466.88
2012-06-25,2467.89
2012-06-22,2475.63
2012-06-21,2482.72
2012-06-20,2464.85
2012-06-19,2453.57
2012-06-18,2440.83
2012-06-15,2470.74
2012-06-14,2447.72
2012-06-13,2462.65
2012-06-12,2447.6
2012-06-11,2428.93
2012-06-08,2427.85
2012-06-07,2421.88
2012-06-06,2398.0
2012-06-05,2338.78
2012-06-04,2345.95
2012-06-01,2383.86
2012-05-31,2430.18
2012-05-30,2407.37
2012-05-29,2427.91
2012-05-28,2437.37
2012-05-25,2403.06
2012-05-24,2399.7
2012-05-23,2368.43
2012-05-22,2385.85
2012-05-21,2407.39
2012-05-18,2410.56
2012-05-17,2409.46
2012-05-16,2402.27
2012-05-15,2431.05
2012-05-14,2427.54
2012-05-11,2422.42
2012-05-10,2437.3
2012-05-09,2438.75
2012-05-08,2438.99
2012-05-07,2472.87
2012-05-04,2466.82
2012-05-03,2496.58
2012-05-02,2496.72
2012-04-30,2472.94
2012-04-28,2473.09
2012-04-27,2460.19
2012-04-26,2466.15
2012-04-25,2464.96
2012-04-24,2457.64
2012-04-23,2460.89
2012-04-20,2504.31
2012-04-19,2504.24
2012-04-18,2492.89
2012-04-17,2491.4
2012-04-16,2472.84
2012-04-13,2466.77
2012-04-12,2470.86
2012-04-11,2455.45
2012-04-10,2470.73
2012-04-09,2457.43
2012-04-04,2476.69
2012-04-03,2491.61
2012-04-02,2467.0
2012-03-30,2438.87
2012-03-29,2403.54
2012-03-28,2399.7
2012-03-27,2415.1
2012-03-26,2374.98
2012-03-23,2396.31
2012-03-22,2375.49
2012-03-21,2417.79
2012-03-20,2378.87
2012-03-19,2364.46
2012-03-16,2381.4
2012-03-15,2389.99
2012-03-14,2423.05
2012-03-13,2419.79
2012-03-12,2387.17
2012-03-09,2368.54
2012-03-07,2335.2
2012-03-06,2344.67
2012-03-05,2369.0
2012-03-03,2371.39
2012-03-02,2375.66
2012-03-01,2363.1
2012-02-29,2371.28
2012-02-28,2362.22
2012-02-27,2327.29
2012-02-24,2363.41
2012-02-23,2354.28
2012-02-22,2352.03
2012-02-21,2414.98
2012-02-17,2391.24
2012-02-16,2385.59
2012-02-15,2393.49
2012-02-14,2355.16
2012-02-13,2344.74
2012-02-10,2359.12
2012-02-09,2359.94
2012-02-08,2344.58
2012-02-07,2349.12
2012-02-06,2370.62
2012-02-03,2360.57
2012-02-02,2342.17
2012-02-01,2317.44
2012-01-31,2312.49
2012-01-30,2261.93
2012-01-27,2296.67
2012-01-25,2275.22
2012-01-24,2238.04
2012-01-23,2225.79
2012-01-20,2208.72
2012-01-19,2217.49
2012-01-18,2214.92
2012-01-17,2232.46
2012-01-16,2212.51
2012-01-13,2202.77
2012-01-12,2184.62
2012-01-11,2163.46
2012-01-10,2156.27
2012-01-09,2133.81
2012-01-07,2138.99
2012-01-06,2136.56
2012-01-05,2142.95
2012-01-04,2147.94
2012-01-03,2160.87
2012-01-02,2120.31
2011-12-30,2125.38
2011-12-29,2124.08
2011-12-28,2143.14
2011-12-27,2160.57
2011-12-26,2163.55
2011-12-23,2136.21
2011-12-22,2152.22
2011-12-21,2134.35
2011-12-20,2091.16
2011-12-19,2112.11
2011-12-16,2122.3
2011-12-15,2157.47
2011-12-14,2164.95
2011-12-13,2174.91
2011-12-12,2173.58
2011-12-09,2211.39
2011-12-08,2238.13
2011-12-07,2269.94
2011-12-05,2269.18
2011-12-02,2278.27
2011-12-01,2239.36
2011-11-30,2241.51
2011-11-29,2236.39
2011-11-28,2247.42
2011-11-25,2214.15
2011-11-24,2214.56
2011-11-23,2190.65
2011-11-22,2229.8
2011-11-21,2246.82
2011-11-18,2283.79
2011-11-17,2287.06
2011-11-16,2316.48
2011-11-15,2303.29
2011-11-14,2356.23
2011-11-11,2359.42
2011-11-09,2383.19
2011-11-08,2385.67
2011-11-04,2383.59
2011-11-03,2353.52
2011-11-02,2342.54
2011-11-01,2341.57
2011-10-31,2352.92
2011-10-28,2320.48
2011-10-26,2292.94
2011-10-25,2278.44
2011-10-24,2267.43
2011-10-21,2248.88
2011-10-20,2276.32
2011-10-19,2291.05
2011-10-18,2264.57
2011-10-17,2293.92
2011-10-14,2285.85
2011-10-13,2269.94
2011-10-12,2276.79
2011-10-11,2252.34
2011-10-10,2240.84
2011-10-07,2216.13
2011-10-05,2187.33
2011-10-04,2196.28
2011-10-03,2225.22
2011-09-30,2252.6
2011-09-29,2258.52
2011-09-28,2254.25
2011-09-27,2268.59
2011-09-26,2230.47
2011-09-23,2263.62
2011-09-22,2264.88
2011-09-21,2337.02
2011-09-20,2316.43
2011-09-19,2298.28
2011-09-16,2303.84
2011-09-15,2332.23
2011-09-14,2325.33
2011-09-13,2317.32
2011-09-12,2324.35
2011-09-09,2351.78
2011-09-08,2366.56
2011-09-07,2368.99
2011-09-06,2349.54
2011-09-05,2359.63
2011-09-02,2347.84
2011-08-30,2332.21
2011-08-29,2312.49
2011-08-26,2274.93
2011-08-25,2321.37
2011-08-24,2316.21
2011-08-23,2325.42
2011-08-22,2313.24
2011-08-19,2264.65
2011-08-18,2298.08
2011-08-17,2321.52
2011-08-16,2312.51
2011-08-12,2328.5
2011-08-11,2338.87
2011-08-10,2351.08
2011-08-09,2330.67
2011-08-08,2334.69
2011-08-05,2357.14
2011-08-04,2409.41
2011-08-03,2416.28
2011-08-02,2426.42
2011-08-01,2459.35
2011-07-29,2459.75
2011-07-28,2440.8
2011-07-27,2449.35
2011-07-26,2437.36
2011-07-25,2472.08
2011-07-22,2433.19
2011-07-21,2395.5
2011-07-20,2413.88
2011-07-19,2428.09
2011-07-18,2417.43
2011-07-15,2414.97
2011-07-14,2425.59
2011-07-13,2424.55
2011-07-12,2402.04
2011-07-11,2429.01
2011-07-08,2438.42
2011-07-07,2459.06
2011-07-06,2412.21
2011-07-05,2411.74
2011-07-04,2430.75
2011-07-01,2415.46
2011-06-30,2407.94
2011-06-29,2384.84
2011-06-28,2350.29
2011-06-27,2336.65
2011-06-24,2325.25
2011-06-23,2294.84
2011-06-22,2269.76
2011-06-21,2307.48
2011-06-20,2317.93
2011-06-17,2365.77
2011-06-16,2358.02
2011-06-15,2369.76
2011-06-14,2371.82
2011-06-13,2360.52
2011-06-10,2353.79
2011-06-09,2353.27
2011-06-08,2359.03
2011-06-07,2346.8
2011-06-06,2342.34
2011-06-03,2343.54
2011-06-02,2340.45
2011-06-01,2357.43
2011-05-31,2341.29
2011-05-30,2302.38
2011-05-27,2277.72
2011-05-26,2252.95
2011-05-25,2258.81
2011-05-24,2261.95
2011-05-23,2255.68
2011-05-20,2272.47
2011-05-19,2260.55
2011-05-18,2269.83
2011-05-17,2273.7
2011-05-16,2266.5
2011-05-13,2276.85
2011-05-12,2251.0
2011-05-11,2262.37
2011-05-10,2248.81
2011-05-09,2240.81
2011-05-06,2216.33
2011-05-05,2196.88
2011-05-04,2239.2
2011-05-03,2251.63
2011-05-02,2286.93
2011-04-29,2298.29
2011-04-28,2281.99
2011-04-27,2300.8
2011-04-26,2295.83
2011-04-25,2295.03
2011-04-21,2292.35
2011-04-20,2287.47
2011-04-19,2259.66
2011-04-18,2261.15
2011-04-15,2280.79
2011-04-13,2288.13
2011-04-11,2248.51
2011-04-08,2263.53
2011-04-07,2270.75
2011-04-06,2266.95
2011-04-05,2273.1
2011-04-04,2250.32
2011-04-01,2239.19
2011-03-31,2222.29
2011-03-30,2208.34
2011-03-29,2194.12
2011-03-28,2178.29
2011-03-25,2162.61
2011-03-24,2142.44
2011-03-23,2138.22
2011-03-22,2118.52
2011-03-21,2103.48
2011-03-18,2113.22
2011-03-17,2127.67
2011-03-16,2133.92
2011-03-15,2116.84
2011-03-14,2141.37
2011-03-11,2129.19
2011-03-10,2137.73
2011-03-09,2140.22
2011-03-08,2131.27
2011-03-07,2112.36
2011-03-04,2136.84
2011-03-03,2143.1
2011-03-01,2132.57
2011-02-28,2079.07
2011-02-25,2062.69
2011-02-24,2041.68
2011-02-23,2106.1
2011-02-22,2114.29
2011-02-21,2125.89
2011-02-18,2120.87
2011-02-17,2153.22
2011-02-16,2130.08
2011-02-15,2118.75
2011-02-14,2119.2
2011-02-11,2058.54
2011-02-10,2047.83
2011-02-09,2068.28
2011-02-08,2112.89
2011-02-07,2147.8
2011-02-04,2152.82
2011-02-03,2201.37
2011-02-02,2167.41
2011-02-01,2162.66
2011-01-31,2199.52
2011-01-28,2215.35
2011-01-27,2246.03
2011-01-25,2291.14
2011-01-24,2306.47
2011-01-21,2307.77
2011-01-20,2320.01
2011-01-19,2322.05
2011-01-18,2334.38
2011-01-17,2318.8
2011-01-14,2333.37
2011-01-13,2338.03
2011-01-12,2354.9
2011-01-11,2312.75
2011-01-10,2310.65
2011-01-07,2368.71
2011-01-06,2433.48
2011-01-05,2452.74
2011-01-04,2461.8
2011-01-03,2458.21
2010-12-31,2441.58
2010-12-30,2417.3
2010-12-29,2408.61
2010-12-28,2379.31
2010-12-27,2373.4
2010-12-24,2395.4
2010-12-23,2364.66
2010-12-22,2365.96
2010-12-21,2355.22
2010-12-20,2343.55
2010-12-16,2344.4
2010-12-15,2344.43
2010-12-14,2349.92
2010-12-13,2322.41
2010-12-10,2306.34
2010-12-09,2280.5
2010-12-08,2348.05
2010-12-07,2376.22
2010-12-06,2383.34
2010-12-03,2383.73
2010-12-02,2402.51
2010-12-01,2398.52
2010-11-30,2382.62
2010-11-29,2322.85
2010-11-26,2300.26
2010-11-25,2344.1
2010-11-24,2379.81
2010-11-23,2387.94
2010-11-22,2420.91
2010-11-19,2398.91
2010-11-18,2416.44
2010-11-16,2415.15
2010-11-15,2451.38
2010-11-12,2445.63
2010-11-11,2499.24
2010-11-10,2546.21
2010-11-09,2548.72
2010-11-08,2513.48
2010-11-05,2511.22
2010-11-04,2498.47
2010-11-03,2487.95
2010-11-02,2494.19
2010-11-01,2483.18
2010-10-29,2450.39
2010-10-28,2439.38
2010-10-27,2454.31
2010-10-26,2473.26
2010-10-25,2472.22
2010-10-22,2455.3
2010-10-21,2472.83
2010-10-20,2417.78
2010-10-19,2438.31
2010-10-18,2440.01
2010-10-15,2453.97
2010-10-14,2491.79
2010-10-13,2506.65
2010-10-12,2477.84
2010-10-11,2498.82
2010-10-08,2497.05
2010-10-07,2509.04
2010-10-06,2517.19
2010-10-05,2509.22
2010-10-04,2517.1
2010-10-01,2511.74
2010-09-30,2494.38
2010-09-29,2491.55
2010-09-28,2517.18
2010-09-27,2523.26
2010-09-24,2525.97
2010-09-23,2480.39
2010-09-22,2479.82
2010-09-21,2486.2
2010-09-20,2509.17
2010-09-17,2462.92
2010-09-16,2411.97
2010-09-15,2432.23
2010-09-14,2431.54
2010-09-13,2427.06
2010-09-09,2425.12
2010-09-08,2420.83
2010-09-07,2408.29
2010-09-06,2393.76
2010-09-03,2377.42
2010-09-02,2364.47
2010-09-01,2358.58
2010-08-31,2320.12
2010-08-30,2310.25
2010-08-27,2310.06
2010-08-26,2325.9
2010-08-25,2323.4
2010-08-24,2338.19
2010-08-23,2342.92
2010-08-20,2333.77
2010-08-19,2340.48
2010-08-18,2320.51
2010-08-17,2309.46
2010-08-16,2307.12
2010-08-13,2317.08
2010-08-12,2300.25
2010-08-11,2302.34
2010-08-10,2307.62
2010-08-09,2321.26
2010-08-06,2296.73
2010-08-05,2287.4
2010-08-04,2294.89
2010-08-03,2286.93
2010-08-02,2276.51
2010-07-30,2248.87
2010-07-29,2266.42
2010-07-28,2276.13
2010-07-27,2268.81
2010-07-26,2261.73
2010-07-23,2267.61
2010-07-22,2256.36
2010-07-21,2237.01
2010-07-20,2242.47
2010-07-19,2254.9
2010-07-16,2254.33
2010-07-15,2233.12
2010-07-14,2225.56
2010-07-13,2233.33
2010-07-12,2239.47
2010-07-09,2238.58
2010-07-08,2193.08
2010-07-07,2169.99
2010-07-06,2159.78
2010-07-05,2152.35
2010-07-02,2154.46
2010-07-01,2172.15
2010-06-30,2180.2
2010-06-29,2147.78
2010-06-28,2166.2
2010-06-25,2141.77
2010-06-24,2148.7
2010-06-23,2132.06
2010-06-22,2111.2
2010-06-21,2111.69
2010-06-18,2093.09
2010-06-17,2101.24
2010-06-16,2094.45
2010-06-15,2094.43
2010-06-14,2070.44
2010-06-11,2052.99
2010-06-10,2065.57
2010-06-09,2031.05
2010-06-08,2015.42
2010-06-07,2031.71
2010-06-04,2037.16
2010-06-03,2013.23
2010-06-02,1970.6
2010-06-01,1922.61
2010-05-31,1951.28
2010-05-28,1945.15
2010-05-27,1907.53
2010-05-26,1892.57
2010-05-25,1889.07
2010-05-24,1927.22
2010-05-21,1910.86
2010-05-20,1929.23
2010-05-19,1924.72
2010-05-18,1988.03
2010-05-17,1980.58
2010-05-14,1976.4
2010-05-13,1967.92
2010-05-12,1949.32
2010-05-11,1967.37
2010-05-10,1999.65
2010-05-07,1976.69
2010-05-06,1997.97
2010-05-05,2008.86
2010-05-04,2006.56
2010-05-03,2032.97
2010-04-30,2032.65
2010-04-29,2017.44
2010-04-28,2026.95
2010-04-27,2046.01
2010-04-26,2044.93
2010-04-23,2048.86
2010-04-22,2051.01
2010-04-21,2043.64
2010-04-20,2031.77
2010-04-19,2021.82
2010-04-16,2039.14
2010-04-15,2037.52
2010-04-13,2040.86
2010-04-12,2051.88
2010-04-09,2046.59
2010-04-08,2037.64
2010-04-07,2048.39
2010-04-06,2037.87
2010-04-05,2027.35
2010-04-01,1997.79
2010-03-31,2003.01
2010-03-30,2007.28
2010-03-29,2007.43
2010-03-26,2007.59
2010-03-25,1993.88
2010-03-23,1985.03
2010-03-22,1995.9
2010-03-19,2006.22
2010-03-18,1985.61
2010-03-17,1976.56
2010-03-16,1974.11
2010-03-15,1961.01
2010-03-12,1959.55
2010-03-11,1972.05
2010-03-10,1983.08
2010-03-09,1982.73
2010-03-08,1994.03
2010-03-05,1994.98
2010-03-04,1978.79
2010-03-03,1967.83
2010-03-02,1933.57
2010-02-26,1892.59
2010-02-25,1881.9
2010-02-24,1898.2
2010-02-23,1913.21
2010-02-22,1920.75
2010-02-19,1931.89
2010-02-18,1949.31
2010-02-17,1958.13
2010-02-16,1934.63
2010-02-15,1932.42
2010-02-11,1968.76
2010-02-10,1953.88
2010-02-09,1959.16
2010-02-08,1954.54
2010-02-06,1935.75
2010-02-05,1919.22
2010-02-04,1947.79
2010-02-03,1973.7
2010-02-02,1948.03
2010-02-01,1977.03
2010-01-29,1941.8
2010-01-28,1958.72
2010-01-27,1967.01
2010-01-25,2011.38
2010-01-22,2006.31
2010-01-21,2007.21
2010-01-20,2040.37
2010-01-19,2024.26
2010-01-18,2046.66
2010-01-15,2041.77
2010-01-14,2034.14
2010-01-13,2027.4
2010-01-12,2024.78
2010-01-11,2054.73
2010-01-08,2037.34
2010-01-07,2041.76
2010-01-06,2042.89
2010-01-05,2036.24
2010-01-04,2004.11
2009-12-31,1985.09
2009-12-30,1989.7
2009-12-29,1992.58
2009-12-24,1986.13
2009-12-23,1983.27
2009-12-22,1954.0
2009-12-21,1937.63
2009-12-18,1946.06
2009-12-17,1970.16
2009-12-16,1961.1
2009-12-15,1950.91
2009-12-14,1979.1
2009-12-11,2007.78
2009-12-10,2024.32
2009-12-09,2013.45
2009-12-08,2011.94
2009-12-07,1979.68
2009-12-04,1991.77
2009-12-03,1994.33
2009-12-02,1978.78
2009-12-01,1987.62
2009-11-30,1957.28
2009-11-27,1920.61
2009-11-26,1935.29
2009-11-25,1950.43
2009-11-24,1949.12
2009-11-23,1935.79
2009-11-20,1932.34
2009-11-19,1924.54
2009-11-18,1943.51
2009-11-17,1935.6
2009-11-16,1950.07
2009-11-13,1924.73
2009-11-12,1921.79
2009-11-11,1926.91
2009-11-10,1901.84
2009-11-09,1922.73
2009-11-06,1914.17
2009-11-05,1907.68
2009-11-04,1869.12
2009-11-03,1831.95
2009-10-30,1873.97
2009-10-29,1908.05
2009-10-28,1934.69
2009-10-27,1931.4
2009-10-26,1996.06
2009-10-23,1999.73
2009-10-22,1974.73
2009-10-21,1975.66
2009-10-20,1999.02
2009-10-17,2015.28
2009-10-16,2006.47
2009-10-15,2008.32
2009-10-14,2010.66
2009-10-12,2022.69
2009-10-09,1986.57
2009-10-08,1984.77
2009-10-07,1992.71
2009-10-06,1985.63
2009-10-05,2017.21
2009-10-01,2055.23
2009-09-30,2042.25
2009-09-29,2039.8
2009-09-25,2028.74
2009-09-24,2021.95
2009-09-23,2003.84
2009-09-22,2032.23
2009-09-18,2020.26
2009-09-17,2017.16
2009-09-16,1996.11
2009-09-15,1978.67
2009-09-14,1957.81
2009-09-11,1967.38
2009-09-10,1977.2
2009-09-09,1985.28
2009-09-08,2008.67
2009-09-07,2026.99
2009-09-04,1986.68
2009-09-03,1975.31
2009-09-02,1963.41
2009-09-01,1955.61
2009-08-31,1964.68
2009-08-28,1978.26
2009-08-27,1961.48
2009-08-26,1955.56
2009-08-25,1943.92
2009-08-24,1943.26
2009-08-21,1895.23
2009-08-20,1869.11
2009-08-19,1852.85
2009-08-18,1877.44
2009-08-17,1845.19
2009-08-14,1910.53
2009-08-13,1919.96
2009-08-12,1857.14
2009-08-11,1842.05
2009-08-10,1832.89
2009-08-07,1871.04
2009-08-06,1931.8
2009-08-05,1983.57
2009-08-04,1984.74
2009-08-03,1992.02
2009-07-31,1978.54
2009-07-30,1951.56
2009-07-29,1937.0
2009-07-28,1959.04
2009-07-27,1956.36
2009-07-24,1918.97
2009-07-23,1889.91
2009-07-22,1848.37
2009-07-21,1856.23
2009-07-20,1862.93
2009-07-17,1844.4
2009-07-16,1799.49
2009-07-15,1782.7
2009-07-14,1743.93
2009-07-13,1709.97
2009-07-10,1737.47
2009-07-09,1764.91
2009-07-08,1754.87
2009-07-07,1788.73
2009-07-06,1754.73
2009-07-03,1812.14
2009-07-02,1801.27
2009-07-01,1804.97
2009-06-30,1776.68
2009-06-29,1818.31
2009-06-26,1814.11
2009-06-25,1777.46
2009-06-24,1793.07
2009-06-23,1761.17
2009-06-22,1765.88
2009-06-19,1787.68
2009-06-18,1759.38
2009-06-17,1790.85
2009-06-16,1853.14
2009-06-15,1830.72
2009-06-12,1848.93
2009-06-11,1890.75
2009-06-10,1872.78
2009-06-09,1840.33
2009-06-08,1786.8
2009-06-05,1864.87
2009-06-04,1876.09
2009-06-03,1838.29
2009-06-02,1783.31
2009-06-01,1784.12
2009-05-29,1757.01
2009-05-28,1730.8
2009-05-27,1742.86
2009-05-26,1696.2
2009-05-25,1772.48
2009-05-22,1743.91
2009-05-21,1741.04
2009-05-20,1745.38
2009-05-19,1731.37
2009-05-18,1741.27
2009-05-15,1536.01
2009-05-14,1511.74
2009-05-13,1522.7
2009-05-12,1523.65
2009-05-11,1495.44
2009-05-08,1529.25
2009-05-07,1548.04
2009-05-06,1520.5
2009-05-05,1533.25
2009-05-04,1533.26
2009-04-29,1478.5
2009-04-28,1448.77
2009-04-27,1486.68
2009-04-24,1508.7
2009-04-23,1482.35
2009-04-22,1471.18
2009-04-21,1488.02
2009-04-20,1472.93
2009-04-17,1457.19
2009-04-16,1448.22
2009-04-15,1488.31
2009-04-13,1447.43
2009-04-09,1430.75
2009-04-08,1427.34
2009-04-06,1392.14
2009-04-02,1366.24
2009-04-01,1337.3
2009-03-31,1334.65
2009-03-30,1317.85
2009-03-27,1345.22
2009-03-26,1322.15
2009-03-25,1291.58
2009-03-24,1279.87
2009-03-23,1282.32
2009-03-20,1238.9
2009-03-19,1237.0
2009-03-18,1243.35
2009-03-17,1235.65
2009-03-16,1234.01
2009-03-13,1195.34
2009-03-12,1159.99
2009-03-09,1156.11
2009-03-06,1182.5
2009-03-05,1177.79
2009-03-04,1199.76
2009-03-03,1200.5
2009-03-02,1231.13
2009-02-27,1261.24
2009-02-26,1272.77
2009-02-25,1261.23
2009-02-24,1255.7
2009-02-20,1262.87
2009-02-19,1282.58
2009-02-18,1280.6
2009-02-17,1287.17
2009-02-16,1320.04
2009-02-13,1351.37
2009-02-12,1321.26
2009-02-11,1331.04
2009-02-10,1328.89
2009-02-09,1315.89
2009-02-06,1294.12
2009-02-05,1272.55
2009-02-04,1278.21
2009-02-03,1273.31
2009-02-02,1273.6
2009-01-30,1309.36
2009-01-29,1280.47
2009-01-28,1299.35
2009-01-27,1278.76
2009-01-23,1253.63
2009-01-22,1271.54
2009-01-21,1293.5
2009-01-20,1316.61
2009-01-19,1344.21
2009-01-16,1330.04
2009-01-15,1316.19
2009-01-14,1349.0
2009-01-13,1315.35
2009-01-12,1338.2
2009-01-09,1352.84
2009-01-07,1398.8
2009-01-06,1485.93
2009-01-05,1496.11
2009-01-02,1481.34
2009-01-01,1473.09
2008-12-31,1443.61
2008-12-30,1449.61
2008-12-29,1413.03
2008-12-26,1392.75
2008-12-24,1402.06
2008-12-23,1420.54
2008-12-22,1448.0
2008-12-19,1459.97
2008-12-18,1429.11
2008-12-17,1398.64
2008-12-16,1448.04
2008-12-15,1436.16
2008-12-12,1418.22
2008-12-11,1413.7
2008-12-10,1398.92
2008-12-08,1347.08
2008-12-05,1320.59
2008-12-04,1344.61
2008-12-03,1286.42
2008-12-02,1278.58
2008-12-01,1269.9
2008-11-28,1295.31
2008-11-26,1289.58
2008-11-25,1277.15
2008-11-24,1284.89
2008-11-21,1268.65
2008-11-20,1235.09
2008-11-19,1279.79
2008-11-18,1297.75
2008-11-17,1344.88
2008-11-14,1351.01
2008-11-12,1348.32
2008-11-11,1381.72
2008-11-10,1434.87
2008-11-07,1386.42
2008-11-06,1361.74
2008-11-05,1400.55
2008-11-04,1448.55
2008-11-03,1405.08
2008-10-31,1333.1
2008-10-29,1240.76
2008-10-28,1258.97
2008-10-27,1197.31
2008-10-24,1223.82
2008-10-23,1349.99
2008-10-22,1392.53
2008-10-21,1445.14
2008-10-20,1409.57
2008-10-17,1391.67
2008-10-16,1454.25
2008-10-15,1456.48
2008-10-14,1536.44
2008-10-13,1501.96
2008-10-10,1410.53
2008-10-08,1537.15
2008-10-07,1606.66
2008-10-06,1626.07
2008-10-03,1709.96
2008-10-01,1743.24
2008-09-30,1728.51
2008-09-29,1702.82
2008-09-26,1757.01
2008-09-25,1775.77
2008-09-24,1801.6
2008-09-23,1793.61
2008-09-22,1818.59
2008-09-19,1816.91
2008-09-18,1747.93
2008-09-17,1767.71
2008-09-16,1801.73
2008-09-15,1800.44
2008-09-12,1859.91
2008-09-11,1874.13
2008-09-10,1902.18
2008-09-09,1908.78
2008-09-08,1907.36
2008-09-05,1874.89
2008-09-04,1889.4
2008-09-02,1907.95
2008-09-01,1866.96
2008-08-29,1881.73
2008-08-28,1835.44
2008-08-27,1861.21
2008-08-26,1869.69
2008-08-25,1875.42
2008-08-22,1863.93
2008-08-21,1844.79
2008-08-20,1882.5
2008-08-19,1861.87
2008-08-18,1893.69
2008-08-14,1911.64
2008-08-13,1950.51
2008-08-12,1946.84
2008-08-11,1959.03
2008-08-08,1936.38
2008-08-07,1938.53
2008-08-06,1938.36
2008-08-05,1915.39
2008-08-04,1889.86
2008-08-01,1882.24
2008-07-31,1891.98
2008-07-30,1904.12
2008-07-29,1870.64
2008-07-28,1910.65
2008-07-25,1897.55
2008-07-24,1902.7
2008-07-23,1928.57
2008-07-22,1832.94
2008-07-21,1782.19
2008-07-18,1762.08
2008-07-17,1710.76
2008-07-16,1680.08
2008-07-15,1683.25
2008-07-14,1754.8
2008-07-11,1766.48
2008-07-10,1796.56
2008-07-09,1793.38
2008-07-08,1719.31
2008-07-07,1742.5
2008-07-04,1717.01
2008-07-03,1665.6
2008-07-02,1746.82
2008-07-01,1709.49
2008-06-30,1788.88
2008-06-27,1843.9
2008-06-26,1908.75
2008-06-25,1914.67
2008-06-24,1877.05
2008-06-23,1920.17
2008-06-20,1969.56
2008-06-19,2034.43
2008-06-18,2050.46
2008-06-17,2066.04
2008-06-16,2049.35
2008-06-13,2037.05
2008-06-12,2048.48
2008-06-11,2023.31
2008-06-10,2018.34
2008-06-09,2042.09
2008-06-06,2086.11
2008-06-05,2113.2
2008-06-04,2081.78
2008-06-03,2125.7
2008-06-02,2142.87
2008-05-30,2185.23
2008-05-29,2157.48
2008-05-28,2168.66
2008-05-27,2129.65
2008-05-26,2141.23
2008-05-23,2180.0
2008-05-22,2198.05
2008-05-21,2237.17
2008-05-20,2228.58
2008-05-16,2234.23
2008-05-15,2210.2
2008-05-14,2183.93
2008-05-13,2164.77
2008-05-12,2164.64
2008-05-09,2161.95
2008-05-08,2186.38
2008-05-07,2195.32
2008-05-06,2203.5
2008-05-05,2235.58
2008-05-02,2239.51
2008-04-30,2223.53
2008-04-29,2216.71
2008-04-28,2226.48
2008-04-25,2207.64
2008-04-24,2151.79
2008-04-23,2148.77
2008-04-22,2168.13
2008-04-21,2162.25
2008-04-17,2123.26
2008-04-16,2112.74
2008-04-15,2106.53
2008-04-11,2066.67
2008-04-10,2068.29
2008-04-09,2089.9
2008-04-08,2088.62
2008-04-07,2103.29
2008-04-04,2052.07
2008-04-03,2089.12
2008-04-02,2098.61
2008-04-01,2097.43
2008-03-31,2084.18
2008-03-28,2128.66
2008-03-27,2091.59
2008-03-26,2074.42
2008-03-25,2070.03
2008-03-24,1986.89
2008-03-19,1977.23
2008-03-18,1972.72
2008-03-17,1948.23
2008-03-14,2040.59
2008-03-13,2017.03
2008-03-12,2099.94
2008-03-11,2116.99
2008-03-10,2076.91
2008-03-07,2063.16
2008-03-05,2101.54
2008-03-04,2085.71
2008-03-03,2130.7
2008-02-29,2183.37
2008-02-28,2181.41
2008-02-27,2182.81
2008-02-26,2185.44
2008-02-25,2173.85
2008-02-22,2170.15
2008-02-21,2184.54
2008-02-20,2177.83
2008-02-19,2225.76
2008-02-18,2205.96
2008-02-15,2190.13
2008-02-14,2159.34
2008-02-13,2076.23
2008-02-12,2073.32
2008-02-11,2093.72
2008-02-08,2187.29
2008-02-07,2189.95
2008-02-06,2263.85
2008-02-05,2314.27
2008-02-04,2318.7
2008-02-01,2258.04
2008-01-31,2234.87
2008-01-30,2232.02
2008-01-29,2275.04
2008-01-28,2250.44
2008-01-25,2282.39
2008-01-24,2164.4
2008-01-23,2218.63
2008-01-22,2093.93
2008-01-21,2255.27
2008-01-18,2456.26
2008-01-17,2538.02
2008-01-16,2524.37
2008-01-15,2574.63
2008-01-14,2628.82
2008-01-11,2646.31
2008-01-10,2668.39
2008-01-09,2761.49
2008-01-08,2762.25
2008-01-07,2764.61
2008-01-04,2734.3
2008-01-03,2696.78
2008-01-02,2714.23
2008-01-01,2711.29
2007-12-31,2692.79
2007-12-28,2634.79
2007-12-27,2607.24
2007-12-26,2613.66
2007-12-24,2570.13
2007-12-20,2503.21
2007-12-19,2529.93
2007-12-18,2499.36
2007-12-17,2509.76
2007-12-14,2592.71
2007-12-13,2556.23
2007-12-12,2562.6
2007-12-11,2521.21
2007-12-10,2468.56
2007-12-07,2463.1
2007-12-06,2453.39
2007-12-05,2458.48
2007-12-04,2437.12
2007-12-03,2410.04
2007-11-30,2362.04
2007-11-29,2289.66
2007-11-28,2289.1
2007-11-27,2285.67
2007-11-26,2289.88
2007-11-23,2256.68
2007-11-22,2232.85
2007-11-21,2249.94
2007-11-20,2341.29
2007-11-19,2369.4
2007-11-16,2334.34
2007-11-15,2294.11
2007-11-14,2263.73
2007-11-13,2208.82
2007-11-12,2180.37
2007-11-09,2195.09
2007-11-08,2203.87
2007-11-07,2229.17
2007-11-06,2233.89
2007-11-05,2245.18
2007-11-02,2247.17
2007-11-01,2255.49
2007-10-31,2329.72
2007-10-30,2356.4
2007-10-29,2376.47
2007-10-26,2325.26
2007-10-25,2318.09
2007-10-24,2294.34
2007-10-23,2291.75
2007-10-22,2196.25
2007-10-19,2192.32
2007-10-18,2224.45
2007-10-17,2270.34
2007-10-16,2322.93
2007-10-15,2330.71
2007-10-12,2279.68
2007-10-11,2332.84
2007-10-10,2278.12
2007-10-09,2253.24
2007-10-08,2162.11
2007-10-05,2207.6
2007-10-04,2225.75
2007-10-03,2232.96
2007-10-01,2211.21
2007-09-28,2194.69
2007-09-27,2176.72
2007-09-26,2187.49
2007-09-25,2193.51
2007-09-24,2186.86
2007-09-21,2169.23
2007-09-20,2163.99
2007-09-19,2154.22
2007-09-18,2100.87
2007-09-17,2086.94
2007-09-14,2076.33
2007-09-13,2081.75
2007-09-12,2083.75
2007-09-11,2078.52
2007-09-10,2071.19
2007-09-07,2061.73
2007-09-06,2057.93
2007-09-05,2045.3
2007-09-04,2042.93
2007-09-03,2049.56
2007-08-31,2022.47
2007-08-30,2003.17
2007-08-29,1974.8
2007-08-28,1967.18
2007-08-27,1961.01
2007-08-24,1912.64
2007-08-23,1893.3
2007-08-22,1898.69
2007-08-21,1869.44
2007-08-20,1928.66
2007-08-17,1895.23
2007-08-16,1922.54
2007-08-14,2008.44
2007-08-13,2012.23
2007-08-10,1988.87
2007-08-09,2020.2
2007-08-08,2053.38
2007-08-07,2026.92
2007-08-06,2021.4
2007-08-03,2045.64
2007-08-02,2022.44
2007-08-01,2015.0
2007-07-31,2093.89
2007-07-30,2063.49
2007-07-27,2050.89
2007-07-26,2106.62
2007-07-25,2094.48
2007-07-24,2076.36
2007-07-23,2108.6
2007-07-20,2079.0
2007-07-19,2080.97
2007-07-18,2062.18
2007-07-17,2062.47
2007-07-16,2078.58
2007-07-13,2065.41
2007-07-12,2065.34
2007-07-11,2042.37
2007-07-10,2038.82
2007-07-09,2048.05
2007-07-06,2044.2
2007-07-05,2034.21
2007-07-04,2041.16
2007-07-03,2041.42
2007-07-02,2006.83
2007-06-29,2005.36
2007-06-28,1986.89
2007-06-27,1991.38
2007-06-26,2002.66
2007-06-25,1984.1
2007-06-22,1981.5
2007-06-21,1974.39
2007-06-20,1958.84
2007-06-19,1941.34
2007-06-18,1918.25
2007-06-15,1928.33
2007-06-14,1920.46
2007-06-13,1899.85
2007-06-12,1913.92
2007-06-11,1915.82
2007-06-08,1921.37
2007-06-07,1948.47
2007-06-06,1967.11
2007-06-05,1994.66
2007-06-04,1990.7
2007-06-01,2003.38
2007-05-31,2005.2
2007-05-30,1969.24
2007-05-29,2001.18
2007-05-28,1990.7
2007-05-25,1975.28
2007-05-24,1962.41
2007-05-23,1969.12
2007-05-22,1984.98
2007-05-21,1972.09
2007-05-18,1947.11
2007-05-17,1939.74
2007-05-16,1921.9
2007-05-15,1896.69
2007-05-14,1897.94
2007-05-11,1888.29
2007-05-10,1890.08
2007-05-09,1886.66
2007-05-08,1882.78
2007-05-07,1898.59
2007-05-04,1903.1
2007-05-03,1900.42
2007-04-30,1882.57
2007-04-27,1890.14
2007-04-26,1926.34
2007-04-25,1927.32
2007-04-24,1921.54
2007-04-23,1901.25
2007-04-20,1902.74
2007-04-19,1880.4
2007-04-18,1884.22
2007-04-17,1877.05
2007-04-16,1895.59
2007-04-13,1847.72
2007-04-12,1832.86
2007-04-11,1846.11
2007-04-10,1844.19
2007-04-09,1823.37
2007-04-05,1786.99
2007-04-04,1767.6
2007-04-03,1757.13
2007-04-02,1736.38
2007-03-30,1797.11
2007-03-29,1780.16
2007-03-28,1764.08
2007-03-26,1776.39
2007-03-23,1780.31
2007-03-22,1791.35
2007-03-21,1747.22
2007-03-20,1716.23
2007-03-19,1705.13
2007-03-16,1677.77
2007-03-15,1695.56
2007-03-14,1689.34
2007-03-13,1735.38
2007-03-12,1722.84
2007-03-09,1716.11
2007-03-08,1736.45
2007-03-07,1675.51
2007-03-06,1686.77
2007-03-05,1670.47
2007-03-02,1737.42
2007-03-01,1759.4
2007-02-28,1745.81
2007-02-27,1781.75
2007-02-26,1792.12
2007-02-23,1792.94
2007-02-22,1846.28
2007-02-21,1874.93
2007-02-20,1876.37
2007-02-19,1902.43
2007-02-15,1904.83
2007-02-14,1855.94
2007-02-13,1833.63
2007-02-12,1858.91
2007-02-09,1920.83
2007-02-08,1947.98
2007-02-07,1952.03
2007-02-06,1950.84
2007-02-05,1974.61
2007-02-02,1967.5
2007-02-01,1932.58
2007-01-31,1909.17
2007-01-29,1930.77
2007-01-25,1939.87
2007-01-24,1922.06
2007-01-23,1928.71
2007-01-22,1946.37
2007-01-19,1945.16
2007-01-18,1933.25
2007-01-17,1912.78
2007-01-16,1907.5
2007-01-15,1904.48
2007-01-12,1890.93
2007-01-11,1859.96
2007-01-10,1811.6
2007-01-09,1833.48
2007-01-08,1845.42
2007-01-05,1864.03
2007-01-04,1875.43
2007-01-03,1884.58
2007-01-02,1877.64
2006-12-29,1861.16
2006-12-28,1852.72
2006-12-27,1852.99
2006-12-26,1841.39
2006-12-22,1825.08
2006-12-21,1812.75
2006-12-20,1801.94
2006-12-19,1812.99
2006-12-18,1846.19
2006-12-15,1853.11
2006-12-14,1836.6
2006-12-13,1792.61
2006-12-12,1758.06
2006-12-11,1823.62
2006-12-08,1884.31
2006-12-07,1900.01
2006-12-06,1910.12
2006-12-05,1921.72
2006-12-04,1908.44
2006-12-01,1900.53
2006-11-30,1877.53
2006-11-29,1879.19
2006-11-28,1872.43
2006-11-27,1898.91
2006-11-24,1887.06
2006-11-23,1878.57
2006-11-22,1882.77
2006-11-21,1868.55
2006-11-20,1837.93
2006-11-17,1830.86
2006-11-16,1853.19
2006-11-15,1864.04
2006-11-14,1855.83
2006-11-13,1872.88
2006-11-10,1855.68
2006-11-09,1856.84
2006-11-08,1845.03
2006-11-07,1867.53
2006-11-06,1862.78
2006-11-03,1848.29
2006-11-02,1852.79
2006-11-01,1851.3
2006-10-31,1828.54
2006-10-30,1841.29
2006-10-27,1828.53
2006-10-26,1798.61
2006-10-23,1813.1
2006-10-21,1823.16
2006-10-20,1817.79
2006-10-19,1808.39
2006-10-18,1822.22
2006-10-17,1809.44
2006-10-16,1819.93
2006-10-13,1802.49
2006-10-12,1780.78
2006-10-11,1765.1
2006-10-10,1780.07
2006-10-09,1779.05
2006-10-06,1781.35
2006-10-05,1772.4
2006-10-04,1755.96
2006-10-03,1772.2
2006-09-29,1778.15
2006-09-28,1752.56
2006-09-27,1759.3
2006-09-26,1761.41
2006-09-25,1751.07
2006-09-22,1759.86
2006-09-21,1763.0
2006-09-20,1747.41
2006-09-19,1721.03
2006-09-18,1738.79
2006-09-15,1723.98
2006-09-14,1725.57
2006-09-13,1725.1
2006-09-12,1691.37
2006-09-11,1678.26
2006-09-08,1733.62
2006-09-07,1716.94
2006-09-06,1715.05
2006-09-05,1707.9
2006-09-04,1711.02
2006-09-01,1691.19
2006-08-31,1680.47
2006-08-30,1700.94
2006-08-29,1696.92
2006-08-28,1696.71
2006-08-25,1693.38
2006-08-24,1677.75
2006-08-23,1664.2
2006-08-22,1679.44
2006-08-21,1684.76
2006-08-18,1681.18
2006-08-17,1678.0
2006-08-16,1676.42
2006-08-14,1661.52
2006-08-11,1636.2
2006-08-10,1632.81
2006-08-09,1621.43
2006-08-08,1594.5
2006-08-07,1568.07
2006-08-04,1570.49
2006-08-03,1576.98
2006-08-02,1574.44
2006-08-01,1555.4
2006-07-31,1553.74
2006-07-28,1556.7
2006-07-27,1568.94
2006-07-26,1559.5
2006-07-25,1523.78
2006-07-24,1507.89
2006-07-21,1508.42
2006-07-20,1554.49
2006-07-19,1507.91
2006-07-18,1548.46
2006-07-17,1557.23
2006-07-14,1602.24
2006-07-13,1615.17
2006-07-12,1619.91
2006-07-11,1606.91
2006-07-10,1610.24
2006-07-07,1588.69
2006-07-06,1622.88
2006-07-05,1635.16
2006-07-04,1600.67
2006-07-03,1608.29
2006-06-30,1597.2
2006-06-29,1538.55
2006-06-28,1549.51
2006-06-27,1547.14
2006-06-26,1529.92
2006-06-25,1584.72
2006-06-23,1585.46
2006-06-22,1575.06
2006-06-21,1549.21
2006-06-20,1520.86
2006-06-19,1533.35
2006-06-16,1497.55
2006-06-15,1434.87
2006-06-14,1341.34
2006-06-13,1366.55
2006-06-12,1430.61
2006-06-09,1466.39
2006-06-08,1386.39
2006-06-07,1472.63
2006-06-06,1531.62
2006-06-05,1591.34
2006-06-02,1620.24
2006-06-01,1584.04
2006-05-31,1641.58
2006-05-30,1691.59
2006-05-29,1717.48
2006-05-26,1717.09
2006-05-25,1686.98
2006-05-24,1657.1
2006-05-23,1682.52
2006-05-22,1625.1
2006-05-19,1723.43
2006-05-18,1810.32
2006-05-17,1942.35
2006-05-16,1889.42
2006-05-15,1875.45
2006-05-12,1961.77
2006-05-11,1979.81
2006-05-10,1994.2
2006-05-09,1991.47
2006-05-08,2001.58
2006-05-05,1992.52
2006-05-04,1993.79
2006-05-03,2002.86
2006-05-02,1993.66
2006-04-29,1976.06
2006-04-28,1941.29
2006-04-27,1924.54
2006-04-26,1925.82
2006-04-25,1888.66
2006-04-24,1932.52
2006-04-21,1924.19
2006-04-20,1918.51
2006-04-19,1900.23
2006-04-18,1899.71
2006-04-17,1867.74
2006-04-13,1850.04
2006-04-12,1886.57
2006-04-10,1951.92
2006-04-07,1939.99
2006-04-05,1977.36
2006-04-04,1954.31
2006-04-03,1943.39
2006-03-31,1900.98
2006-03-30,1886.66
2006-03-29,1852.47
2006-03-28,1829.42
2006-03-27,1831.47
2006-03-24,1806.94
2006-03-23,1788.47
2006-03-22,1772.83
2006-03-21,1786.91
2006-03-20,1790.08
2006-03-17,1767.28
2006-03-16,1768.58
2006-03-14,1750.12
2006-03-13,1753.83
2006-03-10,1730.83
2006-03-09,1696.5
2006-03-08,1692.69
2006-03-07,1734.37
2006-03-06,1714.25
2006-03-03,1700.81
2006-03-02,1696.15
2006-03-01,1671.31
2006-02-28,1648.26
2006-02-27,1638.54
2006-02-24,1639.78
2006-02-23,1634.34
2006-02-22,1628.86
2006-02-21,1629.77
2006-02-20,1623.7
2006-02-17,1626.62
2006-02-16,1649.34
2006-02-15,1652.64
2006-02-14,1629.41
2006-02-13,1620.29
2006-02-10,1600.76
2006-02-08,1576.81
2006-02-07,1584.18
2006-02-06,1568.79
2006-02-03,1546.78
2006-02-02,1545.53
2006-02-01,1537.71
2006-01-31,1565.08
2006-01-30,1553.13
2006-01-27,1556.01
2006-01-25,1544.62
2006-01-24,1531.88
2006-01-23,1526.64
2006-01-20,1525.48
2006-01-19,1519.98
2006-01-18,1496.45
2006-01-17,1496.79
2006-01-16,1509.64
2006-01-13,1518.44
2006-01-12,1522.46
2006-01-10,1531.65
2006-01-09,1549.75
2006-01-06,1532.81
2006-01-05,1521.8
2006-01-04,1527.1
2006-01-03,1520.05
2006-01-02,1504.34
2005-12-30,1506.66
2005-12-29,1485.95
2005-12-28,1476.38
2005-12-27,1484.32
2005-12-26,1449.76
2005-12-23,1496.14
2005-12-22,1516.99
2005-12-21,1519.55
2005-12-20,1519.96
2005-12-19,1524.59
2005-12-16,1501.86
2005-12-15,1483.9
2005-12-14,1502.37
2005-12-13,1501.01
2005-12-12,1483.62
2005-12-09,1482.82
2005-12-08,1463.8
2005-12-07,1455.93
2005-12-06,1434.99
2005-12-05,1438.23
2005-12-02,1449.05
2005-12-01,1439.99
2005-11-30,1418.47
2005-11-29,1437.85
2005-11-28,1453.28
2005-11-26,1439.97
2005-11-25,1428.02
2005-11-24,1396.9
2005-11-23,1378.77
2005-11-22,1371.65
2005-11-21,1380.63
2005-11-18,1393.11
2005-11-17,1385.3
2005-11-16,1376.45
2005-11-14,1376.0
2005-11-11,1373.47
2005-11-10,1354.11
2005-11-09,1355.89
2005-11-08,1347.4
2005-11-07,1337.67
2005-11-02,1315.32
2005-11-01,1294.08
2005-10-31,1277.51
2005-10-28,1251.93
2005-10-27,1265.12
2005-10-26,1304.36
2005-10-25,1312.36
2005-10-24,1304.37
2005-10-21,1322.81
2005-10-20,1296.52
2005-10-19,1314.96
2005-10-18,1354.87
2005-10-17,1362.65
2005-10-14,1367.53
2005-10-13,1395.58
2005-10-11,1409.21
2005-10-10,1412.92
2005-10-07,1413.36
2005-10-06,1411.97
2005-10-05,1436.65
2005-10-04,1446.32
2005-10-03,1431.16
2005-09-30,1417.81
2005-09-29,1427.88
2005-09-28,1434.78
2005-09-27,1428.19
2005-09-26,1422.76
2005-09-23,1373.93
2005-09-22,1361.14
2005-09-21,1428.88
2005-09-20,1436.77
2005-09-19,1441.63
2005-09-16,1435.88
2005-09-15,1425.92
2005-09-14,1406.7
2005-09-13,1410.44
2005-09-12,1397.68
2005-09-09,1383.55
2005-09-08,1384.99
2005-09-06,1370.6
2005-09-05,1363.08
2005-09-02,1360.1
2005-09-01,1355.5
2005-08-31,1344.9
2005-08-30,1340.05
2005-08-29,1323.84
2005-08-26,1320.98
2005-08-25,1314.17
2005-08-24,1297.34
2005-08-23,1310.51
2005-08-22,1332.12
2005-08-19,1340.85
2005-08-18,1352.84
2005-08-17,1353.98
2005-08-16,1344.41
2005-08-12,1338.76
2005-08-11,1338.9
2005-08-10,1317.68
2005-08-09,1291.98
2005-08-08,1303.59
2005-08-05,1315.0
2005-08-04,1310.42
2005-08-03,1297.16
2005-08-02,1303.6
2005-08-01,1291.45
2005-07-29,1287.91
2005-07-27,1287.29
2005-07-26,1287.0
2005-07-25,1280.62
2005-07-22,1260.88
2005-07-21,1240.26
2005-07-20,1246.27
2005-07-19,1241.23
2005-07-18,1232.47
2005-07-15,1212.57
2005-07-14,1197.94
2005-07-13,1218.87
2005-07-12,1209.3
2005-07-11,1191.02
2005-07-08,1174.04
2005-07-07,1152.14
2005-07-06,1168.86
2005-07-05,1156.98
2005-07-04,1167.14
2005-07-01,1139.95
2005-06-30,1128.66
2005-06-29,1117.95
2005-06-28,1105.04
2005-06-27,1117.38
2005-06-24,1115.99
2005-06-23,1101.01
2005-06-22,1100.76
2005-06-21,1091.48
2005-06-20,1079.21
2005-06-17,1084.23
2005-06-16,1089.53
2005-06-15,1106.51
2005-06-14,1097.59
2005-06-13,1098.12
2005-06-10,1091.89
2005-06-09,1095.35
2005-06-08,1090.62
2005-06-07,1092.54
2005-06-06,1087.66
2005-06-04,1088.23
2005-06-03,1084.41
2005-06-02,1068.43
2005-06-01,1074.18
2005-05-31,1068.08
2005-05-30,1059.97
2005-05-27,1057.21
2005-05-26,1052.39
2005-05-25,1040.43
2005-05-24,1041.87
2005-05-23,1036.85
2005-05-20,1033.48
2005-05-19,1038.08
2005-05-18,1030.78
2005-05-17,1032.37
2005-05-16,1043.7
2005-05-13,1032.89
2005-05-12,1032.19
2005-05-11,1032.23
2005-05-10,1032.34
2005-05-09,1032.08
2005-05-06,1020.38
2005-05-05,1013.66
2005-05-04,1012.37
2005-05-03,1002.51
2005-05-02,996.33
2005-04-29,997.01
2005-04-28,1007.92
2005-04-27,1001.37
2005-04-26,1005.8
2005-04-25,1005.88
2005-04-22,996.33
2005-04-21,989.59
2005-04-20,984.7
2005-04-19,977.42
2005-04-18,976.93
2005-04-15,981.26
2005-04-13,1002.74
2005-04-12,998.35
2005-04-11,994.47
2005-04-08,1005.21
2005-04-07,1008.73
2005-04-06,1008.14
2005-04-05,993.09
2005-04-04,999.4
2005-04-01,1000.0
