Date,NIFTY_MIDSMALLCAP400_MOMENTUM_QUALITY_100
2024-07-26,68841.17
2024-07-25,67886.36
2024-07-24,68090.66
2024-07-23,67438.23
2024-07-22,68220.04
2024-07-19,67459.33
2024-07-18,69128.57
2024-07-16,70558.61
2024-07-15,70830.13
2024-07-12,70328.32
2024-07-11,70231.04
2024-07-10,69652.97
2024-07-09,69967.87
2024-07-08,70004.09
2024-07-05,70123.65
2024-07-04,69266.85
2024-07-03,68386.06
2024-07-02,67451.4
2024-07-01,67469.2
2024-06-28,66619.37
2024-06-27,66195.17
2024-06-26,66229.34
2024-06-25,66634.56
2024-06-24,66689.95
2024-06-21,66430.17
2024-06-20,66506.28
2024-06-19,66413.42
2024-06-18,67046.32
2024-06-14,66637.29
2024-06-13,66004.8
2024-06-12,65280.8
2024-06-11,64671.8
2024-06-10,64042.94
2024-06-07,63613.21
2024-06-06,62396.61
2024-06-05,60412.11
2024-06-04,58526.29
2024-06-03,64507.11
2024-05-31,62021.68
2024-05-30,62180.0
2024-05-29,63101.94
2024-05-28,63311.64
2024-05-27,63758.0
2024-05-24,63287.25
2024-05-23,62958.25
2024-05-22,62482.95
2024-05-21,62712.01
2024-05-18,62627.38
2024-05-17,62321.63
2024-05-16,61362.62
2024-05-15,60517.18
2024-05-14,59835.05
2024-05-13,59030.66
2024-05-10,58849.32
2024-05-09,58388.96
2024-05-08,59743.87
2024-05-07,59134.0
2024-05-06,60079.03
2024-05-03,60666.16
2024-05-02,60659.19
2024-04-30,60024.65
2024-04-29,59483.63
2024-04-26,59011.79
2024-04-25,58420.06
2024-04-24,57907.17
2024-04-23,57417.28
2024-04-22,56976.07
2024-04-19,56641.33
2024-04-18,56874.32
2024-04-16,57075.01
2024-04-15,56932.27
2024-04-12,57766.75
2024-04-10,58125.45
2024-04-09,57845.63
2024-04-08,57942.25
2024-04-05,58165.48
2024-04-04,57894.72
2024-04-03,57914.79
2024-04-02,57407.35
2024-04-01,56805.59
2024-03-28,55841.32
2024-03-27,55771.57
2024-03-26,55730.7
2024-03-22,54994.98
2024-03-21,54733.99
2024-03-20,53221.36
2024-03-19,53193.76
2024-03-18,53789.91
2024-03-15,54125.38
2024-03-14,54138.08
2024-03-13,52746.51
2024-03-12,55217.57
2024-03-11,55938.75
2024-03-07,56159.7
2024-03-06,56067.0
2024-03-05,56374.3
2024-03-04,56606.69
2024-03-02,56555.89
2024-03-01,56213.64
2024-02-29,55558.44
2024-02-28,55056.74
2024-02-27,56003.95
2024-02-26,56085.84
2024-02-23,56363.5
2024-02-22,56035.11
2024-02-21,55533.41
2024-02-20,56281.36
2024-02-19,56518.67
2024-02-16,56224.64
2024-02-15,55891.45
2024-02-14,55195.47
2024-02-13,54647.52
2024-02-12,54459.13
2024-02-09,55884.05
2024-02-08,56801.02
2024-02-07,56804.2
2024-02-06,56736.97
2024-02-05,56056.22
2024-02-02,56010.09
2024-02-01,55261.66
2024-01-31,55508.82
2024-01-30,54766.77
2024-01-29,55030.9
2024-01-25,53899.17
2024-01-24,54007.76
2024-01-23,52770.89
2024-01-20,54146.66
2024-01-19,53936.17
2024-01-18,52927.75
2024-01-17,52932.52
2024-01-16,53439.92
2024-01-15,53721.08
2024-01-12,53232.02
2024-01-11,52954.49
2024-01-10,52892.52
2024-01-09,52849.13
2024-01-08,52873.31
2024-01-05,53324.98
2024-01-04,53137.72
2024-01-03,52454.56
2024-01-02,52484.73
2024-01-01,52600.99
2023-12-29,52422.62
2023-12-28,52248.18
2023-12-27,52090.68
2023-12-26,52155.47
2023-12-22,51917.68
2023-12-21,51401.86
2023-12-20,50577.47
2023-12-19,52019.63
2023-12-18,52209.66
2023-12-15,52122.25
2023-12-14,52026.42
2023-12-13,51432.5
2023-12-12,50847.85
2023-12-11,50990.97
2023-12-08,50441.03
2023-12-07,50534.37
2023-12-06,50291.77
2023-12-05,50222.12
2023-12-04,50193.22
2023-12-01,49533.02
2023-11-30,48963.78
2023-11-29,48587.19
2023-11-28,48219.57
2023-11-24,48282.01
2023-11-23,48347.13
2023-11-22,48383.24
2023-11-21,48019.27
2023-11-20,48098.75
2023-11-17,47772.36
2023-11-16,47494.29
2023-11-15,47036.57
2023-11-13,46653.38
2023-11-12,46589.36
2023-11-10,46213.7
2023-11-09,45910.73
2023-11-08,45804.88
2023-11-07,45347.34
2023-11-06,45084.96
2023-11-03,44766.25
2023-11-02,44416.58
2023-11-01,43787.62
2023-10-31,43928.73
2023-10-30,43794.5
2023-10-27,43734.46
2023-10-26,42988.14
2023-10-25,43410.31
2023-10-23,43762.92
2023-10-20,44925.25
2023-10-19,45420.77
2023-10-18,45501.16
2023-10-17,45892.18
2023-10-16,45763.93
2023-10-13,45612.32
2023-10-12,45663.88
2023-10-11,45461.13
2023-10-10,45324.46
2023-10-09,44816.45
2023-10-06,45394.21
2023-10-05,45199.14
2023-10-04,45154.82
2023-10-03,45727.65
2023-09-29,45667.48
2023-09-28,45298.03
2023-09-27,45681.6
2023-09-26,45153.93
2023-09-25,45114.35
2023-09-22,45036.08
2023-09-21,45079.27
2023-09-20,45506.91
2023-09-18,45626.63
2023-09-15,45788.39
2023-09-14,45809.04
2023-09-13,45253.65
2023-09-12,45200.48
2023-09-11,46813.09
2023-09-08,46347.84
2023-09-07,45825.73
2023-09-06,45585.44
2023-09-05,45554.6
2023-09-04,45007.28
2023-09-01,44746.01
2023-08-31,44466.81
2023-08-30,44249.04
2023-08-29,43951.31
2023-08-28,43862.57
2023-08-25,43745.26
2023-08-24,43913.03
2023-08-23,43771.27
2023-08-22,43586.52
2023-08-21,43294.05
2023-08-18,43005.69
2023-08-17,43035.79
2023-08-16,42825.39
2023-08-14,42742.57
2023-08-11,42868.57
2023-08-10,42893.28
2023-08-09,43031.22
2023-08-08,43016.69
2023-08-07,42982.09
2023-08-04,42805.57
2023-08-03,42562.82
2023-08-02,42569.06
2023-08-01,42944.55
2023-07-31,43010.07
2023-07-28,42575.86
2023-07-27,42245.97
2023-07-26,42011.57
2023-07-25,41971.79
2023-07-24,41966.9
2023-07-21,41729.12
2023-07-20,41940.92
2023-07-19,41885.24
2023-07-18,41473.55
2023-07-17,41425.72
2023-07-14,41334.31
2023-07-13,40797.64
2023-07-12,41009.92
2023-07-11,40750.8
2023-07-10,40310.69
2023-07-07,40522.61
2023-07-06,40847.17
2023-07-05,40521.4
2023-07-04,40325.74
2023-07-03,40435.98
2023-06-30,40502.53
2023-06-28,40357.59
2023-06-27,40131.54
2023-06-26,40045.9
2023-06-23,39676.56
2023-06-22,40229.54
2023-06-21,40553.25
2023-06-20,40416.11
2023-06-19,40175.8
2023-06-16,40259.3
2023-06-15,39997.56
2023-06-14,39887.17
2023-06-13,39736.23
2023-06-12,39381.45
2023-06-09,39204.64
2023-06-08,39212.98
2023-06-07,39591.47
2023-06-06,39279.15
2023-06-05,39204.83
2023-06-02,39085.78
2023-06-01,38848.95
2023-05-31,38727.15
2023-05-30,38459.57
2023-05-29,38431.68
2023-05-26,38336.78
2023-05-25,38048.16
2023-05-24,37860.55
2023-05-23,37751.15
2023-05-22,37754.57
2023-05-19,37476.16
2023-05-18,37486.97
2023-05-17,37747.88
2023-05-16,37644.39
2023-05-15,37453.86
2023-05-12,37415.64
2023-05-11,37526.07
2023-05-10,37399.04
2023-05-09,37252.14
2023-05-08,37133.88
2023-05-05,36879.97
2023-05-04,36954.99
2023-05-03,36720.44
2023-05-02,36625.92
2023-04-28,36459.33
2023-04-27,36142.97
2023-04-26,35912.73
2023-04-25,35695.34
2023-04-24,35641.65
2023-04-21,35396.05
2023-04-20,35474.76
2023-04-19,35600.64
2023-04-18,35677.49
2023-04-17,35670.41
2023-04-13,35581.4
2023-04-12,35512.6
2023-04-11,35336.18
2023-04-10,35118.84
2023-04-06,34961.56
2023-04-05,34862.38
2023-04-03,34583.89
2023-03-31,34620.28
2023-03-29,34292.62
2023-03-28,33734.66
2023-03-27,33710.9
2023-03-24,34014.99
2023-03-23,34348.26
2023-03-22,34395.85
2023-03-21,34327.71
2023-03-20,34182.13
2023-03-17,34535.77
2023-03-16,34337.83
2023-03-15,34570.49
2023-03-14,34401.01
2023-03-13,34564.37
2023-03-10,35206.35
2023-03-09,35477.73
2023-03-08,35655.16
2023-03-06,35479.47
2023-03-03,35177.93
2023-03-02,35089.57
2023-03-01,35196.9
2023-02-28,34645.49
2023-02-27,34407.82
2023-02-24,34582.99
2023-02-23,34618.34
2023-02-22,34544.8
2023-02-21,34925.9
2023-02-20,34949.5
2023-02-17,34938.38
2023-02-16,35102.39
2023-02-15,34685.35
2023-02-14,34534.63
2023-02-13,34642.41
2023-02-10,35143.85
2023-02-09,34997.81
2023-02-08,35035.97
2023-02-07,34850.27
2023-02-06,34811.88
2023-02-03,34520.75
2023-02-02,34629.43
2023-02-01,34438.72
2023-01-31,34591.82
2023-01-30,33979.5
2023-01-27,34018.11
2023-01-25,34367.44
2023-01-24,34834.12
2023-01-23,34980.09
2023-01-20,34848.71
2023-01-19,34974.09
2023-01-18,35045.78
2023-01-17,34987.35
2023-01-16,34829.57
2023-01-13,34877.22
2023-01-12,35033.32
2023-01-11,35008.44
2023-01-10,35150.95
2023-01-09,35376.75
2023-01-06,35165.86
2023-01-05,35360.6
2023-01-04,35291.11
2023-01-03,35475.11
2023-01-02,35379.49
2022-12-30,35189.36
2022-12-29,35081.89
2022-12-28,35128.31
2022-12-27,35030.16
2022-12-26,34819.22
2022-12-23,34024.28
2022-12-22,35230.77
2022-12-21,35569.5
2022-12-20,36129.57
2022-12-19,36129.3
2022-12-16,36009.25
2022-12-15,36491.51
2022-12-14,36911.24
2022-12-13,36709.75
2022-12-12,36709.3
2022-12-09,36812.99
2022-12-08,36958.69
2022-12-07,36723.63
2022-12-06,36844.3
2022-12-05,37087.15
2022-12-02,37084.5
2022-12-01,36739.07
2022-11-30,36399.54
2022-11-29,36060.35
2022-11-28,36398.24
2022-11-25,36119.59
2022-11-24,35901.82
2022-11-23,35752.73
2022-11-22,35631.6
2022-11-21,35484.01
2022-11-18,35437.72
2022-11-17,35637.11
2022-11-16,35623.9
2022-11-15,35607.6
2022-11-14,35572.57
2022-11-11,35584.86
2022-11-10,35544.39
2022-11-09,35945.76
2022-11-07,36272.72
2022-11-04,36110.75
2022-11-03,36235.95
2022-11-02,36178.17
2022-11-01,36146.56
2022-10-31,35752.52
2022-10-28,35370.16
2022-10-27,35759.23
2022-10-25,35697.75
2022-10-24,35626.53
2022-10-21,35384.96
2022-10-20,35664.64
2022-10-19,35728.31
2022-10-18,35670.9
2022-10-17,35325.86
2022-10-14,35384.68
2022-10-13,35364.09
2022-10-12,35580.69
2022-10-11,35524.83
2022-10-10,36061.94
2022-10-07,36429.18
2022-10-06,36438.87
2022-10-04,35989.81
2022-10-03,35176.18
2022-09-30,35532.8
2022-09-29,35076.03
2022-09-28,34931.15
2022-09-27,35101.32
2022-09-26,35160.53
2022-09-23,36367.43
2022-09-22,36955.38
2022-09-21,36537.5
2022-09-20,36711.97
2022-09-19,36150.52
2022-09-16,36350.56
2022-09-15,37303.0
2022-09-14,37206.97
2022-09-13,37403.07
2022-09-12,37350.02
2022-09-09,36872.78
2022-09-08,36759.12
2022-09-07,36629.77
2022-09-06,36445.49
2022-09-05,36366.77
2022-09-02,36118.88
2022-09-01,36179.14
2022-08-30,35940.97
2022-08-29,35453.18
2022-08-26,35754.15
2022-08-25,35618.47
2022-08-24,35712.15
2022-08-23,35440.18
2022-08-22,35125.55
2022-08-19,35668.17
2022-08-18,36148.02
2022-08-17,36116.09
2022-08-16,36050.35
2022-08-12,35664.91
2022-08-11,35438.49
2022-08-10,35110.52
2022-08-08,35042.81
2022-08-05,34802.14
2022-08-04,34749.89
2022-08-03,34400.01
2022-08-02,34496.94
2022-08-01,34459.2
2022-07-29,33904.93
2022-07-28,33534.46
2022-07-27,33190.59
2022-07-26,32850.46
2022-07-25,33286.9
2022-07-22,33119.94
2022-07-21,33103.02
2022-07-20,32718.22
2022-07-19,32492.31
2022-07-18,32190.52
2022-07-15,31868.01
2022-07-14,31558.05
2022-07-13,31716.18
2022-07-12,31663.44
2022-07-11,31908.9
2022-07-08,31760.56
2022-07-07,31694.19
2022-07-06,31328.93
2022-07-05,30903.02
2022-07-04,30896.44
2022-07-01,30748.77
2022-06-30,30865.82
2022-06-29,31093.47
2022-06-28,31182.45
2022-06-27,31221.56
2022-06-24,30690.94
2022-06-23,30446.86
2022-06-22,29942.61
2022-06-21,30391.32
2022-06-20,29614.99
2022-06-17,30317.84
2022-06-16,30531.03
2022-06-15,31325.8
2022-06-14,31160.88
2022-06-13,31230.35
2022-06-10,32199.69
2022-06-09,32468.47
2022-06-08,32226.99
2022-06-07,32438.11
2022-06-06,32669.66
2022-06-03,32769.27
2022-06-02,33210.99
2022-06-01,33070.52
2022-05-31,32983.3
2022-05-30,32821.39
2022-05-27,32037.3
2022-05-26,31438.23
2022-05-25,31164.0
2022-05-24,32219.17
2022-05-23,32488.49
2022-05-20,32519.34
2022-05-19,31971.81
2022-05-18,32795.27
2022-05-17,32587.01
2022-05-16,31749.41
2022-05-13,31398.49
2022-05-12,31133.32
2022-05-11,31661.2
2022-05-10,31924.92
2022-05-09,32658.29
2022-05-06,33258.27
2022-05-05,34086.12
2022-05-04,34037.06
2022-05-02,34697.23
2022-04-29,35134.67
2022-04-28,35376.89
2022-04-27,35132.29
2022-04-26,35375.34
2022-04-25,35010.66
2022-04-22,35791.02
2022-04-21,35841.65
2022-04-20,35456.32
2022-04-19,35374.95
2022-04-18,35964.37
2022-04-13,36489.72
2022-04-12,36407.0
2022-04-11,37056.74
2022-04-08,37169.34
2022-04-07,36880.88
2022-04-06,37122.71
2022-04-05,37236.03
2022-04-04,36760.02
2022-04-01,36276.94
2022-03-31,36041.35
2022-03-30,35966.29
2022-03-29,35515.4
2022-03-28,35339.34
2022-03-25,35314.83
2022-03-24,35494.69
2022-03-23,35298.13
2022-03-22,35196.25
2022-03-21,35054.92
2022-03-17,35005.81
2022-03-16,34522.62
2022-03-15,33930.42
2022-03-14,34318.95
2022-03-11,34196.47
2022-03-10,33920.07
2022-03-09,33641.06
2022-03-08,32957.43
2022-03-07,32462.94
2022-03-04,32986.88
2022-03-03,33455.79
2022-03-02,33412.79
2022-02-28,33417.16
2022-02-25,33139.3
2022-02-24,31697.29
2022-02-23,33478.08
2022-02-22,33222.89
2022-02-21,33486.77
2022-02-18,33942.24
2022-02-17,34183.27
2022-02-16,34370.53
2022-02-15,34545.12
2022-02-14,33646.7
2022-02-11,34910.27
2022-02-10,35815.09
2022-02-09,35704.66
2022-02-08,35234.65
2022-02-07,35525.35
2022-02-04,35862.39
2022-02-03,36083.76
2022-02-02,36583.99
2022-02-01,36119.02
2022-01-31,35891.6
2022-01-28,35229.95
2022-01-27,34638.67
2022-01-25,35391.26
2022-01-24,35034.03
2022-01-21,36555.28
2022-01-20,37357.91
2022-01-19,37314.21
2022-01-18,37357.03
2022-01-17,38127.4
2022-01-14,38123.24
2022-01-13,38202.87
2022-01-12,37986.23
2022-01-11,37655.49
2022-01-10,37633.97
2022-01-07,37514.46
2022-01-06,37377.77
2022-01-05,37528.44
2022-01-04,37667.72
2022-01-03,37506.07
2021-12-31,37183.72
2021-12-30,36820.72
2021-12-29,36567.84
2021-12-28,36451.25
2021-12-27,36005.29
2021-12-24,35932.29
2021-12-23,36130.29
2021-12-22,35706.18
2021-12-21,35063.1
2021-12-20,34559.08
2021-12-17,35928.21
2021-12-16,36550.3
2021-12-15,36540.11
2021-12-14,36677.07
2021-12-13,36632.5
2021-12-10,36580.76
2021-12-09,36520.86
2021-12-08,36242.61
2021-12-07,35660.41
2021-12-06,35266.84
2021-12-03,35745.45
2021-12-02,35767.84
2021-12-01,35261.68
2021-11-30,35083.56
2021-11-29,34662.51
2021-11-26,35042.93
2021-11-25,36133.72
2021-11-24,35906.46
2021-11-23,36103.97
2021-11-22,35517.81
2021-11-18,36499.32
2021-11-17,37079.94
2021-11-16,37132.37
2021-11-15,37075.96
2021-11-12,36938.43
2021-11-11,36716.42
2021-11-10,36850.22
2021-11-09,36891.5
2021-11-08,36678.8
2021-11-04,36382.02
2021-11-03,35994.83
2021-11-02,36096.72
2021-11-01,36001.29
2021-10-29,35474.6
2021-10-28,35485.35
2021-10-27,36009.83
2021-10-26,35735.73
2021-10-25,35085.28
2021-10-22,35585.17
2021-10-21,35991.63
2021-10-20,36511.0
2021-10-19,37380.28
2021-10-18,37655.49
2021-10-14,37516.63
2021-10-13,37068.58
2021-10-12,36889.6
2021-10-11,36871.71
2021-10-08,36874.7
2021-10-07,36638.91
2021-10-06,35960.73
2021-10-05,36014.42
2021-10-04,35804.65
2021-10-01,35301.19
2021-09-30,35324.99
2021-09-29,35188.33
2021-09-28,35033.17
2021-09-27,35423.13
2021-09-24,35740.57
2021-09-23,35855.02
2021-09-22,35445.13
2021-09-21,35063.06
2021-09-20,34934.32
2021-09-17,35504.47
2021-09-16,35789.72
2021-09-15,35720.79
2021-09-14,35350.08
2021-09-13,35194.82
2021-09-09,34801.45
2021-09-08,34632.93
2021-09-07,34611.76
2021-09-06,34650.52
2021-09-03,34465.99
2021-09-02,34346.44
2021-09-01,33943.96
2021-08-31,33743.96
2021-08-30,33626.08
2021-08-27,33220.86
2021-08-26,32911.48
2021-08-25,32839.17
2021-08-24,32775.44
2021-08-23,32257.09
2021-08-20,32580.39
2021-08-18,33099.36
2021-08-17,33064.33
2021-08-16,32693.35
2021-08-13,32884.07
2021-08-12,32941.75
2021-08-11,32432.04
2021-08-10,32668.99
2021-08-09,32969.33
2021-08-06,33108.95
2021-08-05,33169.19
2021-08-04,33028.04
2021-08-03,33332.09
2021-08-02,33361.46
2021-07-30,32809.88
2021-07-29,32425.47
2021-07-28,32212.44
2021-07-27,32448.76
2021-07-26,32720.74
2021-07-23,32559.56
2021-07-22,32473.26
2021-07-20,32166.34
2021-07-19,32534.58
2021-07-16,32555.46
2021-07-15,32441.6
2021-07-14,32043.71
2021-07-13,31782.56
2021-07-12,31690.42
2021-07-09,31489.22
2021-07-08,31304.21
2021-07-07,31370.0
2021-07-06,31352.38
2021-07-05,31409.61
2021-07-02,31314.7
2021-07-01,30972.76
2021-06-30,30924.37
2021-06-29,30542.03
2021-06-28,30504.03
2021-06-25,30336.8
2021-06-24,30134.79
2021-06-23,30070.9
2021-06-22,30072.25
2021-06-21,30040.52
2021-06-18,30016.26
2021-06-17,30169.02
2021-06-16,30292.57
2021-06-15,30393.85
2021-06-14,30148.18
2021-06-11,30202.97
2021-06-10,30125.34
2021-06-09,29705.39
2021-06-08,29955.43
2021-06-07,29647.44
2021-06-04,29402.32
2021-06-03,29273.46
2021-06-02,28980.84
2021-06-01,28764.34
2021-05-31,28876.77
2021-05-28,28731.23
2021-05-27,28749.82
2021-05-26,28632.33
2021-05-25,28464.64
2021-05-24,28504.55
2021-05-21,28360.33
2021-05-20,28238.36
2021-05-19,28117.19
2021-05-18,28005.05
2021-05-17,27579.53
2021-05-14,27274.14
2021-05-12,27454.16
2021-05-11,27718.63
2021-05-10,27615.02
2021-05-07,27529.35
2021-05-06,27806.63
2021-05-05,27557.7
2021-05-04,27252.69
2021-05-03,27350.79
2021-04-30,27173.95
2021-04-29,27208.47
2021-04-28,27196.79
2021-04-27,26991.72
2021-04-26,26619.79
2021-04-23,26369.06
2021-04-22,26303.2
2021-04-20,26198.4
2021-04-19,26219.39
2021-04-16,26465.37
2021-04-15,26189.68
2021-04-13,26151.6
2021-04-12,26103.6
2021-04-09,27256.11
2021-04-08,27111.06
2021-04-07,26889.65
2021-04-06,26439.22
2021-04-05,26248.91
2021-04-01,26523.0
2021-03-31,26256.6
2021-03-30,26148.44
2021-03-26,25594.5
2021-03-25,25323.02
2021-03-24,25676.84
2021-03-23,26033.57
2021-03-22,25914.19
2021-03-19,25765.44
2021-03-18,25428.77
2021-03-17,25869.78
2021-03-16,26383.6
2021-03-15,26165.86
2021-03-12,26297.08
2021-03-10,26345.75
2021-03-09,26075.91
2021-03-08,26121.77
2021-03-05,26047.29
2021-03-04,26459.49
2021-03-03,26359.28
2021-03-02,26099.83
2021-03-01,25649.89
2021-02-26,25262.19
2021-02-25,25593.42
2021-02-24,25311.15
2021-02-23,25276.87
2021-02-22,25120.5
2021-02-19,25364.74
2021-02-18,25624.64
2021-02-17,25587.85
2021-02-16,25610.54
2021-02-15,25616.68
2021-02-12,25351.82
2021-02-11,25352.33
2021-02-10,25273.31
2021-02-09,25110.47
2021-02-08,25232.42
2021-02-05,24865.9
2021-02-04,25050.34
2021-02-03,24748.99
2021-02-02,24358.71
2021-02-01,24051.32
2021-01-29,23585.21
2021-01-28,23826.72
2021-01-27,23934.85
2021-01-25,24054.21
2021-01-22,24245.81
2021-01-21,24459.36
2021-01-20,24639.97
2021-01-19,24414.16
2021-01-18,23976.63
2021-01-15,24350.68
2021-01-14,24755.03
2021-01-13,24701.21
2021-01-12,24785.54
2021-01-11,24783.21
2021-01-08,24786.67
2021-01-07,24511.58
2021-01-06,24361.32
2021-01-05,24294.02
2021-01-04,24129.08
2021-01-01,23820.52
2020-12-31,23569.56
2020-12-30,23520.38
2020-12-29,23433.37
2020-12-28,23443.86
2020-12-24,23229.07
2020-12-23,23105.36
2020-12-22,22576.18
2020-12-21,22312.72
2020-12-18,23080.56
2020-12-17,23077.78
2020-12-16,23013.83
2020-12-15,22812.75
2020-12-14,22775.38
2020-12-11,22667.54
2020-12-10,22652.45
2020-12-09,22721.45
2020-12-08,22599.57
2020-12-07,22673.18
2020-12-04,22538.38
2020-12-03,22475.41
2020-12-02,22392.58
2020-12-01,22347.54
2020-11-27,22333.27
2020-11-26,21820.25
2020-11-25,21692.18
2020-11-24,22103.47
2020-11-23,21897.61
2020-11-20,21643.84
2020-11-19,21445.35
2020-11-18,21534.79
2020-11-17,21401.26
2020-11-14,21337.58
2020-11-13,21211.81
2020-11-12,21051.8
2020-11-11,20907.59
2020-11-10,20802.04
2020-11-09,21179.35
2020-11-06,21021.12
2020-11-05,20949.08
2020-11-04,20546.55
2020-11-03,20382.86
2020-11-02,20271.27
2020-10-30,20385.08
2020-10-29,20348.31
2020-10-28,20391.58
2020-10-27,20540.35
2020-10-26,20389.03
2020-10-23,20584.47
2020-10-22,20495.36
2020-10-21,20438.61
2020-10-20,20412.09
2020-10-19,20318.7
2020-10-16,20326.89
2020-10-15,20198.02
2020-10-14,20462.25
2020-10-13,20385.04
2020-10-12,20426.83
2020-10-09,20354.89
2020-10-08,20441.19
2020-10-07,20469.84
2020-10-06,20547.34
2020-10-05,20473.2
2020-10-01,20476.08
2020-09-30,20450.14
2020-09-29,20428.95
2020-09-28,20468.43
2020-09-25,19962.35
2020-09-24,19578.55
2020-09-23,19936.47
2020-09-22,20001.29
2020-09-21,20273.2
2020-09-18,20937.95
2020-09-17,20941.16
2020-09-16,20919.24
2020-09-15,20804.04
2020-09-14,20522.66
2020-09-11,19744.44
2020-09-10,19617.27
2020-09-09,19399.33
2020-09-08,19560.83
2020-09-07,19685.52
2020-09-04,19796.58
2020-09-03,20037.1
2020-09-02,19844.55
2020-09-01,19549.6
2020-08-31,19422.78
2020-08-28,20268.46
2020-08-27,20302.57
2020-08-26,20279.99
2020-08-25,20222.8
2020-08-24,20164.43
2020-08-21,19922.0
2020-08-20,19762.82
2020-08-19,19673.89
2020-08-18,19541.73
2020-08-17,19323.81
2020-08-14,19290.83
2020-08-13,19462.89
2020-08-12,19282.21
2020-08-11,19371.32
2020-08-10,19472.05
2020-08-07,19216.73
2020-08-06,18980.53
2020-08-05,18755.73
2020-08-04,18641.0
2020-08-03,18445.54
2020-07-31,18243.99
2020-07-30,18119.31
2020-07-29,18229.48
2020-07-28,18180.98
2020-07-27,18094.4
2020-07-24,18178.16
2020-07-23,18114.4
2020-07-22,17971.58
2020-07-21,17942.7
2020-07-20,17964.88
2020-07-17,17770.08
2020-07-16,17596.78
2020-07-15,17506.76
2020-07-14,17485.75
2020-07-13,17560.85
2020-07-10,17559.48
2020-07-09,17592.08
2020-07-08,17474.35
2020-07-07,17512.62
2020-07-06,17494.78
2020-07-03,17237.51
2020-07-02,17152.71
2020-07-01,16997.75
2020-06-30,16937.85
2020-06-29,16913.85
2020-06-26,17010.8
2020-06-25,16956.66
2020-06-24,16800.0
2020-06-23,17067.79
2020-06-22,16864.87
2020-06-19,16667.02
2020-06-18,16566.87
2020-06-17,16447.03
2020-06-16,16445.69
2020-06-15,16369.39
2020-06-12,16518.35
2020-06-11,16406.0
2020-06-10,16583.31
2020-06-09,16439.98
2020-06-08,16553.93
2020-06-05,16540.71
2020-06-04,16385.92
2020-06-03,16387.12
2020-06-02,16312.11
2020-06-01,16118.28
2020-05-29,15731.55
2020-05-28,15591.19
2020-05-27,15383.62
2020-05-26,15321.12
2020-05-22,15114.55
2020-05-21,15197.01
2020-05-20,15102.05
2020-05-19,14889.53
2020-05-18,14871.4
2020-05-15,15530.01
2020-05-14,15626.28
2020-05-13,15666.74
2020-05-12,15406.49
2020-05-11,15534.03
2020-05-08,15478.9
2020-05-07,15502.67
2020-05-06,15595.53
2020-05-05,15386.67
2020-05-04,15505.29
2020-04-30,16031.79
2020-04-29,15805.77
2020-04-28,15582.25
2020-04-27,15361.52
2020-04-24,15082.71
2020-04-23,15373.91
2020-04-22,15129.89
2020-04-21,14977.64
2020-04-20,15434.35
2020-04-17,15434.17
2020-04-16,15128.45
2020-04-15,14861.22
2020-04-13,14722.25
2020-04-09,14916.37
2020-04-08,14414.92
2020-04-07,14174.79
2020-04-03,13433.13
2020-04-01,13607.34
2020-03-31,13851.43
2020-03-30,13484.47
2020-03-27,13667.88
2020-03-26,13631.18
2020-03-25,13171.65
2020-03-24,12570.07
2020-03-23,12386.14
2020-03-20,14302.26
2020-03-19,13650.39
2020-03-18,14333.9
2020-03-17,15143.67
2020-03-16,15522.51
2020-03-13,16468.38
2020-03-12,16051.0
2020-03-11,17322.58
2020-03-09,17376.53
2020-03-06,18076.99
2020-03-05,18295.25
2020-03-04,18225.67
2020-03-03,18500.8
2020-03-02,18127.59
2020-02-28,18284.64
2020-02-27,18809.29
2020-02-26,18970.27
2020-02-25,19116.56
2020-02-24,19149.85
2020-02-20,19485.78
2020-02-19,19425.77
2020-02-18,19186.35
2020-02-17,19180.85
2020-02-14,19307.31
2020-02-13,19376.15
2020-02-12,19404.21
2020-02-11,19378.15
2020-02-10,19414.23
2020-02-07,19537.99
2020-02-06,19406.69
2020-02-05,19301.38
2020-02-04,19189.3
2020-02-03,18960.13
2020-02-01,18783.73
2020-01-31,19205.65
2020-01-30,19264.11
2020-01-29,19421.75
2020-01-28,19420.82
2020-01-27,19367.04
2020-01-24,19337.4
2020-01-23,19190.03
2020-01-22,18961.71
2020-01-21,19002.54
2020-01-20,18989.04
2020-01-17,19068.16
2020-01-16,18994.73
2020-01-15,18858.88
2020-01-14,18664.09
2020-01-13,18488.26
2020-01-10,18345.21
2020-01-09,18284.84
2020-01-08,18051.54
2020-01-07,17984.9
2020-01-06,17812.37
2020-01-03,18177.62
2020-01-02,18246.79
2020-01-01,18120.35
2019-12-31,18053.83
2019-12-30,18042.96
2019-12-27,17966.56
2019-12-26,17821.87
2019-12-24,17811.39
2019-12-23,17825.29
2019-12-20,17856.82
2019-12-19,17853.49
2019-12-18,17834.94
2019-12-17,17865.94
2019-12-16,17808.93
2019-12-13,17893.76
2019-12-12,17737.86
2019-12-11,17631.05
2019-12-10,17487.06
2019-12-09,17637.93
2019-12-06,17609.79
2019-12-05,17816.07
2019-12-04,17769.91
2019-12-03,17703.93
2019-12-02,17814.4
2019-11-29,17922.28
2019-11-28,17902.49
2019-11-27,17758.14
2019-11-26,17703.02
2019-11-25,17844.6
2019-11-22,17669.38
2019-11-21,17730.09
2019-11-20,17905.44
2019-11-19,17925.78
2019-11-18,17893.04
2019-11-15,17759.64
2019-11-14,17702.93
2019-11-13,17567.81
2019-11-11,17774.22
2019-11-08,17667.51
2019-11-07,17771.91
2019-11-06,17667.22
2019-11-05,17703.19
2019-11-04,17911.24
2019-11-01,17970.68
2019-10-31,17926.83
2019-10-30,17642.01
2019-10-29,17582.81
2019-10-27,17361.07
2019-10-25,17222.87
2019-10-24,17252.78
2019-10-23,17236.91
2019-10-22,17217.77
2019-10-18,17136.67
2019-10-17,16848.45
2019-10-16,16601.54
2019-10-15,16619.9
2019-10-14,16609.5
2019-10-11,16569.08
2019-10-10,16531.9
2019-10-09,16670.93
2019-10-07,16450.85
2019-10-04,16465.73
2019-10-03,16588.67
2019-10-01,16610.83
2019-09-30,16842.24
2019-09-27,17006.64
2019-09-26,17081.75
2019-09-25,16950.0
2019-09-24,17246.62
2019-09-23,17293.5
2019-09-20,16812.34
2019-09-19,15914.03
2019-09-18,16159.69
2019-09-17,16107.56
2019-09-16,16385.96
2019-09-13,16392.39
2019-09-12,16274.21
2019-09-11,16341.0
2019-09-09,16263.13
2019-09-06,16058.13
2019-09-05,15985.91
2019-09-04,15941.49
2019-09-03,15861.59
2019-08-30,16095.48
2019-08-29,15918.72
2019-08-28,15996.86
2019-08-27,16100.53
2019-08-26,15875.47
2019-08-23,15647.93
2019-08-22,15501.48
2019-08-21,15823.22
2019-08-20,16037.45
2019-08-19,16159.09
2019-08-16,16100.31
2019-08-14,16015.62
2019-08-13,15877.21
2019-08-09,16228.01
2019-08-08,16089.75
2019-08-07,15980.39
2019-08-06,15992.85
2019-08-05,15664.69
2019-08-02,15888.31
2019-08-01,15948.02
2019-07-31,16125.2
2019-07-30,15967.39
2019-07-29,16186.85
2019-07-26,16295.93
2019-07-25,16270.32
2019-07-24,16161.97
2019-07-23,16449.8
2019-07-22,16414.91
2019-07-19,16530.49
2019-07-18,16817.09
2019-07-17,17111.88
2019-07-16,17218.52
2019-07-15,17036.49
2019-07-12,17099.11
2019-07-11,17040.92
2019-07-10,16954.6
2019-07-09,17109.07
2019-07-08,17109.52
2019-07-05,17546.93
2019-07-04,17798.85
2019-07-03,17798.9
2019-07-02,17767.48
2019-07-01,17718.75
2019-06-28,17731.9
2019-06-27,17758.8
2019-06-26,17665.44
2019-06-25,17641.0
2019-06-24,17549.92
2019-06-21,17535.7
2019-06-20,17533.43
2019-06-19,17321.1
2019-06-18,17470.68
2019-06-17,17499.35
2019-06-14,17690.09
2019-06-13,17821.41
2019-06-12,17842.5
2019-06-11,17941.58
2019-06-10,17920.01
2019-06-07,17859.58
2019-06-06,17879.93
2019-06-04,18058.35
2019-06-03,18125.65
2019-05-31,17967.47
2019-05-30,17917.76
2019-05-29,17809.1
2019-05-28,17897.15
2019-05-27,17837.2
2019-05-24,17860.47
2019-05-23,17528.64
2019-05-22,17604.8
2019-05-21,17569.41
2019-05-20,17607.77
2019-05-17,17134.81
2019-05-16,16957.48
2019-05-15,16913.79
2019-05-14,16936.6
2019-05-13,16908.0
2019-05-10,17136.55
2019-05-09,17083.34
2019-05-08,17132.54
2019-05-07,17331.53
2019-05-06,17468.58
2019-05-03,17631.92
2019-05-02,17691.6
2019-04-30,17751.57
2019-04-26,17861.49
2019-04-25,17923.76
2019-04-24,17963.85
2019-04-23,17866.55
2019-04-22,17851.3
2019-04-18,18088.9
2019-04-16,18241.56
2019-04-15,18227.66
2019-04-12,18105.83
2019-04-11,18081.69
2019-04-10,18070.91
2019-04-09,18050.03
2019-04-08,18010.71
2019-04-05,18095.56
2019-04-04,17975.39
2019-04-03,18001.46
2019-04-02,18143.56
2019-04-01,18202.34
2019-03-29,18105.77
2019-03-28,17989.44
2019-03-27,17835.79
2019-03-26,17741.05
2019-03-25,17565.88
2019-03-22,17709.16
2019-03-20,17774.68
2019-03-19,17768.55
2019-03-18,17710.01
2019-03-15,17773.01
2019-03-14,17778.43
2019-03-13,17788.67
2019-03-12,17921.23
2019-03-11,17801.16
2019-03-08,17486.95
2019-03-07,17476.38
2019-03-06,17529.71
2019-03-05,17410.24
2019-03-01,17080.8
2019-02-28,16866.28
2019-02-27,16773.03
2019-02-26,16696.68
2019-02-25,16698.77
2019-02-22,16574.39
2019-02-21,16528.98
2019-02-20,16398.95
2019-02-19,16307.16
2019-02-18,16306.88
2019-02-15,16455.99
2019-02-14,16648.08
2019-02-13,16591.41
2019-02-12,16600.33
2019-02-11,16641.01
2019-02-08,16937.55
2019-02-07,17101.93
2019-02-06,17013.6
2019-02-05,16944.65
2019-02-04,17017.81
2019-02-01,17078.16
2019-01-31,16885.69
2019-01-30,16736.81
2019-01-29,16549.15
2019-01-28,16516.26
2019-01-25,16829.83
2019-01-24,17076.79
2019-01-23,17150.63
2019-01-22,17131.82
2019-01-21,17165.5
2019-01-18,17224.29
2019-01-17,17303.7
2019-01-16,17339.23
2019-01-15,17380.69
2019-01-14,17268.0
2019-01-11,17298.01
2019-01-10,17297.07
2019-01-09,17241.18
2019-01-08,17233.17
2019-01-07,17227.59
2019-01-04,17180.75
2019-01-03,17175.97
2019-01-02,17322.74
2019-01-01,17482.03
2018-12-31,17492.39
2018-12-28,17418.96
2018-12-27,17258.58
2018-12-26,17182.51
2018-12-24,17194.88
2018-12-21,17456.18
2018-12-20,17717.53
2018-12-19,17743.39
2018-12-18,17536.35
2018-12-17,17474.93
2018-12-14,17427.19
2018-12-13,17434.77
2018-12-12,17343.28
2018-12-11,16923.68
2018-12-10,16688.96
2018-12-07,17038.51
2018-12-06,17002.71
2018-12-05,17285.86
2018-12-04,17437.66
2018-12-03,17450.02
2018-11-30,17406.51
2018-11-29,17217.85
2018-11-28,17194.24
2018-11-27,17275.75
2018-11-26,17244.93
2018-11-22,17203.15
2018-11-21,17325.88
2018-11-20,17302.89
2018-11-19,17425.07
2018-11-16,17369.72
2018-11-15,17396.83
2018-11-14,17374.5
2018-11-13,17411.74
2018-11-12,17372.72
2018-11-09,17494.5
2018-11-07,17319.98
2018-11-06,17175.38
2018-11-05,17261.39
2018-11-02,17358.76
2018-11-01,17347.68
2018-10-31,17265.99
2018-10-30,16956.23
2018-10-29,16850.87
2018-10-26,16443.22
2018-10-25,16440.34
2018-10-24,16545.43
2018-10-23,16387.53
2018-10-22,16680.56
2018-10-19,16936.92
2018-10-17,17192.7
2018-10-16,17483.36
2018-10-15,17150.53
2018-10-12,16905.68
2018-10-11,16519.41
2018-10-10,16798.11
2018-10-09,16091.04
2018-10-08,16158.64
2018-10-05,16482.47
2018-10-04,16897.15
2018-10-03,17367.08
2018-10-01,17530.8
2018-09-28,17550.53
2018-09-27,17856.98
2018-09-26,18282.51
2018-09-25,18288.43
2018-09-24,18343.35
2018-09-21,18800.46
2018-09-19,19039.12
2018-09-18,19268.08
2018-09-17,19425.01
2018-09-14,19538.09
2018-09-12,19275.37
2018-09-11,19229.96
2018-09-10,19448.07
2018-09-07,19765.31
2018-09-06,19628.09
2018-09-05,19554.92
2018-09-04,19675.47
2018-09-03,20077.36
2018-08-31,20206.84
2018-08-30,20078.54
2018-08-29,20054.69
2018-08-28,20084.06
2018-08-27,20021.42
2018-08-24,19790.75
2018-08-23,19847.54
2018-08-21,19798.12
2018-08-20,19699.21
2018-08-17,19669.18
2018-08-16,19529.58
2018-08-14,19510.4
2018-08-13,19270.28
2018-08-10,19341.55
2018-08-09,19380.4
2018-08-08,19282.3
2018-08-07,19192.36
2018-08-06,19182.48
2018-08-03,19184.64
2018-08-02,18948.0
2018-08-01,19005.72
2018-07-31,18902.14
2018-07-30,18733.78
2018-07-27,18716.19
2018-07-26,18613.04
2018-07-25,18508.68
2018-07-24,18495.41
2018-07-23,18294.22
2018-07-20,18173.78
2018-07-19,17971.32
2018-07-18,18142.69
2018-07-17,18254.49
2018-07-16,17970.51
2018-07-13,18315.75
2018-07-12,18515.39
2018-07-11,18537.04
2018-07-10,18596.81
2018-07-09,18416.76
2018-07-06,18065.86
2018-07-05,18015.87
2018-07-04,18114.7
2018-07-03,18036.6
2018-07-02,17838.97
2018-06-29,17859.56
2018-06-28,17437.4
2018-06-27,17785.46
2018-06-26,18019.84
2018-06-25,18051.34
2018-06-22,18183.64
2018-06-21,18107.24
2018-06-20,18204.21
2018-06-19,18180.08
2018-06-18,18447.72
2018-06-15,18487.61
2018-06-14,18563.52
2018-06-13,18477.83
2018-06-12,18527.84
2018-06-11,18377.91
2018-06-08,18402.05
2018-06-07,18331.24
2018-06-06,18056.36
2018-06-05,17716.1
2018-06-04,18049.44
2018-06-01,18326.86
2018-05-31,18639.62
2018-05-30,18684.38
2018-05-29,18678.91
2018-05-28,18710.6
2018-05-25,18491.44
2018-05-24,18187.97
2018-05-23,18209.69
2018-05-22,18258.3
2018-05-21,18160.4
2018-05-18,18482.9
2018-05-17,18721.22
2018-05-16,18664.71
2018-05-15,18616.95
2018-05-14,18794.13
2018-05-11,19026.4
2018-05-10,18961.25
2018-05-09,19229.19
2018-05-08,19298.51
2018-05-07,19280.98
2018-05-04,19055.97
2018-05-03,19090.63
2018-05-02,19290.78
2018-04-30,19610.22
2018-04-27,19475.3
2018-04-26,19424.05
2018-04-25,19347.56
2018-04-24,19519.58
2018-04-23,19524.8
2018-04-20,19453.64
2018-04-19,19462.44
2018-04-18,19297.92
2018-04-17,19324.63
2018-04-16,19280.63
2018-04-13,19151.87
2018-04-12,19079.96
2018-04-11,19110.11
2018-04-10,19102.09
2018-04-09,19119.77
2018-04-06,19030.61
2018-04-05,18933.36
2018-04-04,18564.11
2018-04-03,18761.57
2018-04-02,18639.77
2018-03-28,18284.83
2018-03-27,18429.27
2018-03-26,18218.63
2018-03-23,18018.2
2018-03-22,18285.1
2018-03-21,18491.89
2018-03-20,18385.29
2018-03-19,18348.88
2018-03-16,18690.79
2018-03-15,18930.8
2018-03-14,18846.55
2018-03-13,18826.6
2018-03-12,18582.2
2018-03-09,18396.85
2018-03-08,18377.38
2018-03-07,18220.68
2018-03-06,18531.15
2018-03-05,18702.3
2018-03-01,18838.25
2018-02-28,18882.53
2018-02-27,18912.14
2018-02-26,18966.88
2018-02-23,18807.93
2018-02-22,18443.23
2018-02-21,18567.44
2018-02-20,18547.66
2018-02-19,18631.72
2018-02-16,18897.87
2018-02-15,19088.18
2018-02-14,19236.11
2018-02-12,19083.99
2018-02-09,18764.36
2018-02-08,18745.82
2018-02-07,18389.6
2018-02-06,18241.1
2018-02-05,18590.11
2018-02-02,18784.94
2018-02-01,19708.52
2018-01-31,19885.09
2018-01-30,20377.55
2018-01-29,20668.8
2018-01-25,20860.24
2018-01-24,21025.17
2018-01-23,21178.34
2018-01-22,21004.69
2018-01-19,20746.32
2018-01-18,20451.17
2018-01-17,20735.14
2018-01-16,20628.31
2018-01-15,20955.66
2018-01-12,20923.81
2018-01-11,20912.11
2018-01-10,20819.97
2018-01-09,20893.71
2018-01-08,20873.63
2018-01-05,20740.81
2018-01-04,20553.75
2018-01-03,20430.18
2018-01-02,20333.61
2018-01-01,20528.76
2017-12-29,20560.98
2017-12-28,20359.78
2017-12-27,20357.52
2017-12-26,20441.6
2017-12-22,20336.11
2017-12-21,20283.65
2017-12-20,20068.81
2017-12-19,19964.01
2017-12-18,19662.79
2017-12-15,19484.17
2017-12-14,19166.1
2017-12-13,19198.65
2017-12-12,19308.57
2017-12-11,19456.7
2017-12-08,19327.93
2017-12-07,19142.96
2017-12-06,18914.74
2017-12-05,19022.04
2017-12-04,18996.03
2017-12-01,18924.83
2017-11-30,19083.57
2017-11-29,19077.19
2017-11-28,19138.52
2017-11-27,19101.09
2017-11-24,19001.1
2017-11-23,18931.98
2017-11-22,18854.1
2017-11-21,18862.48
2017-11-20,18819.36
2017-11-17,18675.67
2017-11-16,18553.41
2017-11-15,18357.1
2017-11-14,18502.11
2017-11-13,18494.16
2017-11-10,18544.85
2017-11-09,18495.16
2017-11-08,18279.57
2017-11-07,18457.38
2017-11-06,18599.77
2017-11-03,18547.39
2017-11-02,18547.2
2017-11-01,18483.95
2017-10-31,18455.8
2017-10-30,18328.13
2017-10-27,18129.68
2017-10-26,18122.8
2017-10-25,18059.99
2017-10-24,18191.39
2017-10-23,18155.28
2017-10-19,17982.55
2017-10-18,18035.12
2017-10-17,18014.67
2017-10-16,17872.81
2017-10-13,17821.63
2017-10-12,17758.5
2017-10-11,17511.78
2017-10-10,17638.6
2017-10-09,17419.36
2017-10-06,17348.44
2017-10-05,17200.12
2017-10-04,17125.82
2017-10-03,16998.61
2017-09-29,16862.38
2017-09-28,16648.38
2017-09-27,16537.61
2017-09-26,16875.91
2017-09-25,16794.66
2017-09-22,17100.96
2017-09-21,17557.64
2017-09-20,17575.62
2017-09-19,17689.09
2017-09-18,17661.72
2017-09-15,17456.33
2017-09-14,17327.26
2017-09-13,17207.42
2017-09-12,17327.9
2017-09-11,17170.46
2017-09-08,17092.69
2017-09-07,17080.92
2017-09-06,16973.79
2017-09-05,16888.26
2017-09-04,16679.63
2017-09-01,16806.53
2017-08-31,16639.63
2017-08-30,16495.58
2017-08-29,16281.75
2017-08-28,16405.0
2017-08-24,16218.45
2017-08-23,16107.15
2017-08-22,15951.17
2017-08-21,16041.92
2017-08-18,16215.23
2017-08-17,16299.07
2017-08-16,16233.62
2017-08-14,16069.99
2017-08-11,15647.47
2017-08-10,15692.22
2017-08-09,16200.13
2017-08-08,16469.82
2017-08-07,16649.82
2017-08-04,16534.49
2017-08-03,16535.31
2017-08-02,16689.91
2017-08-01,16642.29
2017-07-31,16593.59
2017-07-28,16576.78
2017-07-27,16530.65
2017-07-26,16539.66
2017-07-25,16483.15
2017-07-24,16395.62
2017-07-21,16353.29
2017-07-20,16411.7
2017-07-19,16449.59
2017-07-18,16342.53
2017-07-17,16434.5
2017-07-14,16448.29
2017-07-13,16464.17
2017-07-12,16389.29
2017-07-11,16231.44
2017-07-10,16335.24
2017-07-07,16285.31
2017-07-06,16288.39
2017-07-05,16241.25
2017-07-04,16136.93
2017-07-03,16139.48
2017-06-30,15995.15
2017-06-29,15864.33
2017-06-28,15731.87
2017-06-27,15652.16
2017-06-23,15924.32
2017-06-22,16156.25
2017-06-21,16260.35
2017-06-20,16238.07
2017-06-19,16258.52
2017-06-16,16312.06
2017-06-15,16275.22
2017-06-14,16281.54
2017-06-13,16148.45
2017-06-12,16092.72
2017-06-09,16176.27
2017-06-08,16078.45
2017-06-07,15977.31
2017-06-06,15885.6
2017-06-05,15966.43
2017-06-02,15878.47
2017-06-01,15739.82
2017-05-31,15582.4
2017-05-30,15384.57
2017-05-29,15303.2
2017-05-26,15463.84
2017-05-25,15222.86
2017-05-24,14971.4
2017-05-23,15154.31
2017-05-22,15343.85
2017-05-19,15507.84
2017-05-18,15645.18
2017-05-17,15920.14
2017-05-16,15984.14
2017-05-15,15961.75
2017-05-12,15749.26
2017-05-11,15897.82
2017-05-10,15869.48
2017-05-09,15744.87
2017-05-08,15711.87
2017-05-05,15638.01
2017-05-04,15765.63
2017-05-03,15663.43
2017-05-02,15734.74
2017-04-28,15621.84
2017-04-27,15572.53
2017-04-26,15571.6
2017-04-25,15637.91
2017-04-24,15505.66
2017-04-21,15428.13
2017-04-20,15446.93
2017-04-19,15265.36
2017-04-18,15166.17
2017-04-17,15190.37
2017-04-13,15148.78
2017-04-12,15170.93
2017-04-11,15237.14
2017-04-10,15110.0
2017-04-07,15058.25
2017-04-06,15106.75
2017-04-05,15189.46
2017-04-03,15123.53
2017-03-31,14981.0
2017-03-30,14864.29
2017-03-29,14825.57
2017-03-28,14706.93
2017-03-27,14595.67
2017-03-24,14580.42
2017-03-23,14529.79
2017-03-22,14423.12
2017-03-21,14555.46
2017-03-20,14563.58
2017-03-17,14528.06
2017-03-16,14490.76
2017-03-15,14370.61
2017-03-14,14245.9
2017-03-10,14038.74
2017-03-09,14077.55
2017-03-08,14079.2
2017-03-07,14134.46
2017-03-06,14128.7
2017-03-03,14071.0
2017-03-02,14016.46
2017-03-01,14163.12
2017-02-28,14138.74
2017-02-27,14090.3
2017-02-23,14043.09
2017-02-22,14008.31
2017-02-21,14093.28
2017-02-20,14038.12
2017-02-17,13972.88
2017-02-16,13918.94
2017-02-15,13721.25
2017-02-14,13883.64
2017-02-13,13911.39
2017-02-10,13994.23
2017-02-09,13945.56
2017-02-08,13898.33
2017-02-07,13891.33
2017-02-06,13932.49
2017-02-03,13783.5
2017-02-02,13625.03
2017-02-01,13476.09
2017-01-31,13231.52
2017-01-30,13348.33
2017-01-27,13373.79
2017-01-25,13254.0
2017-01-24,13082.9
2017-01-23,12944.34
2017-01-20,12906.38
2017-01-19,13069.08
2017-01-18,13003.06
2017-01-17,12911.83
2017-01-16,12861.32
2017-01-13,12801.18
2017-01-12,12823.16
2017-01-11,12828.69
2017-01-10,12694.12
2017-01-09,12638.21
2017-01-06,12599.4
2017-01-05,12617.14
2017-01-04,12500.17
2017-01-03,12497.02
2017-01-02,12403.92
2016-12-30,12283.13
2016-12-29,12213.8
2016-12-28,12037.21
2016-12-27,11896.75
2016-12-26,11713.6
2016-12-23,12006.72
2016-12-22,11963.26
2016-12-21,12070.62
2016-12-20,12050.44
2016-12-19,12194.56
2016-12-16,12230.62
2016-12-15,12248.7
2016-12-14,12208.7
2016-12-13,12263.93
2016-12-12,12344.42
2016-12-09,12502.51
2016-12-08,12477.86
2016-12-07,12286.42
2016-12-06,12319.23
2016-12-05,12264.68
2016-12-02,12269.41
2016-12-01,12472.14
2016-11-30,12594.13
2016-11-29,12428.07
2016-11-28,12275.58
2016-11-25,12203.83
2016-11-24,11977.69
2016-11-23,12026.52
2016-11-22,11884.98
2016-11-21,11707.19
2016-11-18,12029.09
2016-11-17,12044.96
2016-11-16,12063.29
2016-11-15,12012.24
2016-11-11,12593.82
2016-11-10,13171.97
2016-11-09,13067.26
2016-11-08,13389.7
2016-11-07,13334.79
2016-11-04,13232.2
2016-11-03,13434.26
2016-11-02,13582.39
2016-11-01,13820.85
2016-10-30,13850.7
2016-10-28,13767.31
2016-10-27,13640.8
2016-10-26,13771.17
2016-10-25,13854.15
2016-10-24,13828.99
2016-10-21,13821.54
2016-10-20,13808.3
2016-10-19,13800.67
2016-10-18,13802.0
2016-10-17,13628.98
2016-10-14,13738.89
2016-10-13,13598.4
2016-10-10,13725.5
2016-10-07,13725.18
2016-10-06,13735.48
2016-10-05,13778.13
2016-10-04,13728.57
2016-10-03,13608.7
2016-09-30,13277.38
2016-09-29,13044.03
2016-09-28,13403.38
2016-09-27,13248.79
2016-09-26,13199.85
2016-09-23,13228.2
2016-09-22,13191.78
2016-09-21,13098.08
2016-09-20,13084.15
2016-09-19,13119.77
2016-09-16,13021.52
2016-09-15,13015.95
2016-09-14,12975.13
2016-09-12,12841.89
2016-09-09,13117.82
2016-09-08,13166.75
2016-09-07,13122.93
2016-09-06,13121.18
2016-09-02,12985.33
2016-09-01,12910.13
2016-08-31,12912.44
2016-08-30,12903.39
2016-08-29,12801.61
2016-08-26,12760.47
2016-08-25,12718.23
2016-08-24,12725.05
2016-08-23,12656.34
2016-08-22,12689.49
2016-08-19,12767.8
2016-08-18,12686.87
2016-08-17,12583.02
2016-08-16,12532.69
2016-08-12,12512.34
2016-08-11,12504.91
2016-08-10,12465.9
2016-08-09,12582.95
2016-08-08,12601.11
2016-08-05,12506.07
2016-08-04,12352.26
2016-08-03,12295.72
2016-08-02,12437.84
2016-08-01,12484.64
2016-07-29,12368.81
2016-07-28,12288.12
2016-07-27,12189.81
2016-07-26,12144.76
2016-07-25,12237.99
2016-07-22,12139.17
2016-07-21,12055.38
2016-07-20,12057.78
2016-07-19,11960.47
2016-07-18,11974.5
2016-07-15,12034.58
2016-07-14,12127.76
2016-07-13,12062.52
2016-07-12,12114.3
2016-07-11,12089.93
2016-07-08,11994.81
2016-07-07,11999.01
2016-07-05,12025.19
2016-07-04,12035.84
2016-07-01,11912.99
2016-06-30,11859.51
2016-06-29,11761.0
2016-06-28,11652.75
2016-06-27,11594.96
2016-06-24,11510.38
2016-06-23,11614.26
2016-06-22,11620.56
2016-06-21,11634.32
2016-06-20,11573.46
2016-06-17,11515.54
2016-06-16,11500.91
2016-06-15,11568.96
2016-06-14,11535.01
2016-06-13,11495.89
2016-06-10,11535.65
2016-06-09,11546.25
2016-06-08,11584.9
2016-06-07,11576.13
2016-06-06,11497.91
2016-06-03,11515.1
2016-06-02,11599.76
2016-06-01,11566.25
2016-05-31,11546.46
2016-05-30,11578.25
2016-05-27,11498.93
2016-05-26,11429.47
2016-05-25,11334.12
2016-05-24,11254.72
2016-05-23,11303.27
2016-05-20,11313.31
2016-05-19,11389.82
2016-05-18,11520.31
2016-05-17,11524.15
2016-05-16,11464.84
2016-05-13,11492.32
2016-05-12,11499.0
2016-05-11,11388.27
2016-05-10,11409.76
2016-05-09,11420.71
2016-05-06,11322.74
2016-05-05,11304.48
2016-05-04,11328.61
2016-05-03,11395.84
2016-05-02,11448.1
2016-04-29,11417.9
2016-04-28,11414.8
2016-04-27,11517.77
2016-04-26,11493.68
2016-04-25,11415.65
2016-04-22,11474.35
2016-04-21,11518.06
2016-04-20,11633.24
2016-04-18,11592.2
2016-04-13,11436.67
2016-04-12,11325.03
2016-04-11,11227.67
2016-04-08,11141.14
2016-04-07,11059.59
2016-04-06,11113.26
2016-04-05,11058.0
2016-04-04,11157.96
2016-04-01,11119.1
2016-03-31,11083.26
2016-03-30,10982.1
2016-03-29,10795.57
2016-03-28,10823.14
2016-03-23,10976.62
2016-03-22,10980.39
2016-03-21,10962.22
2016-03-18,10820.19
2016-03-17,10716.8
2016-03-16,10671.59
2016-03-15,10795.88
2016-03-14,10895.69
2016-03-11,10811.78
2016-03-10,10808.2
2016-03-09,10822.55
2016-03-08,10831.25
2016-03-04,10819.26
2016-03-03,10764.68
2016-03-02,10668.14
2016-03-01,10485.84
2016-02-29,10213.47
2016-02-26,10209.75
2016-02-25,10239.78
2016-02-24,10331.64
2016-02-23,10443.6
2016-02-22,10556.41
2016-02-19,10506.14
2016-02-18,10499.24
2016-02-17,10462.58
2016-02-16,10405.64
2016-02-15,10586.26
2016-02-12,10265.23
2016-02-11,10396.39
2016-02-10,10811.65
2016-02-09,10892.61
2016-02-08,11024.07
2016-02-05,11057.39
2016-02-04,10937.79
2016-02-03,11006.61
2016-02-02,11183.64
2016-02-01,11203.77
2016-01-29,11120.04
2016-01-28,10996.5
2016-01-27,11023.09
2016-01-25,11009.24
2016-01-22,10893.27
2016-01-21,10680.45
2016-01-20,10604.63
2016-01-19,10782.05
2016-01-18,10664.46
2016-01-15,10994.03
2016-01-14,11277.79
2016-01-13,11404.91
2016-01-12,11540.32
2016-01-11,11622.47
2016-01-08,11688.84
2016-01-07,11613.03
2016-01-06,11861.28
2016-01-05,11881.64
2016-01-04,11808.73
2016-01-01,11918.18
2015-12-31,11845.91
2015-12-30,11796.04
2015-12-29,11791.06
2015-12-28,11786.06
2015-12-24,11751.97
2015-12-23,11722.14
2015-12-22,11662.23
2015-12-21,11667.71
2015-12-18,11640.28
2015-12-17,11671.12
2015-12-16,11479.8
2015-12-15,11460.18
2015-12-14,11363.31
2015-12-11,11357.85
2015-12-10,11415.51
2015-12-09,11304.69
2015-12-08,11486.15
2015-12-07,11580.4
2015-12-04,11563.36
2015-12-03,11610.68
2015-12-02,11700.39
2015-12-01,11708.84
2015-11-30,11663.63
2015-11-27,11635.71
2015-11-26,11599.04
2015-11-24,11589.36
2015-11-23,11585.81
2015-11-20,11558.34
2015-11-19,11464.43
2015-11-18,11317.02
2015-11-17,11371.73
2015-11-16,11301.73
2015-11-13,11269.37
2015-11-11,11398.97
2015-11-10,11285.33
2015-11-09,11388.79
2015-11-06,11313.87
2015-11-05,11345.53
2015-11-04,11494.63
2015-11-03,11539.7
2015-11-02,11500.68
2015-10-30,11557.93
2015-10-29,11670.88
2015-10-28,11753.19
2015-10-27,11793.18
2015-10-26,11816.27
2015-10-23,11876.88
2015-10-21,11898.89
2015-10-20,11926.31
2015-10-19,11876.68
2015-10-16,11805.87
2015-10-15,11836.84
2015-10-14,11832.81
2015-10-13,11771.15
2015-10-12,11811.47
2015-10-09,11794.94
2015-10-08,11827.72
2015-10-07,11877.64
2015-10-06,11917.92
2015-10-05,11795.3
2015-10-01,11577.12
2015-09-30,11570.8
2015-09-29,11389.29
2015-09-28,11392.25
2015-09-24,11359.36
2015-09-23,11285.67
2015-09-22,11239.64
2015-09-21,11362.63
2015-09-18,11289.8
2015-09-16,11201.62
2015-09-15,11292.32
2015-09-14,11318.82
2015-09-11,11242.96
2015-09-10,11172.69
2015-09-09,11217.76
2015-09-08,11042.26
2015-09-07,10996.75
2015-09-04,11210.59
2015-09-03,11436.62
2015-09-02,11314.66
2015-09-01,11273.75
2015-08-31,11422.32
2015-08-28,11489.55
2015-08-27,11480.48
2015-08-26,11241.53
2015-08-25,11210.72
2015-08-24,11022.32
2015-08-21,12031.63
2015-08-20,12107.27
2015-08-19,12306.3
2015-08-18,12258.65
2015-08-17,12109.06
2015-08-14,12068.24
2015-08-13,11890.51
2015-08-12,11936.53
2015-08-11,12166.45
2015-08-10,12287.65
2015-08-07,12265.07
2015-08-06,12278.95
2015-08-05,12307.52
2015-08-04,12220.58
2015-08-03,12057.32
2015-07-31,11963.09
2015-07-30,11853.63
2015-07-29,11751.61
2015-07-28,11624.05
2015-07-27,11633.71
2015-07-24,11728.28
2015-07-23,11786.71
2015-07-22,11767.31
2015-07-21,11709.35
2015-07-20,11876.8
2015-07-17,11821.11
2015-07-16,11784.91
2015-07-15,11669.52
2015-07-14,11592.81
2015-07-13,11564.19
2015-07-10,11442.1
2015-07-09,11445.76
2015-07-08,11544.14
2015-07-07,11741.35
2015-07-06,11671.41
2015-07-03,11582.75
2015-07-02,11571.46
2015-07-01,11514.58
2015-06-30,11369.21
2015-06-29,11257.67
2015-06-26,11436.04
2015-06-25,11394.16
2015-06-24,11361.93
2015-06-23,11444.1
2015-06-22,11394.78
2015-06-19,11220.93
2015-06-18,11182.58
2015-06-17,11047.16
2015-06-16,10864.86
2015-06-15,10838.02
2015-06-12,10815.33
2015-06-11,10878.09
2015-06-10,11083.0
2015-06-09,10953.87
2015-06-08,11019.83
2015-06-05,11179.99
2015-06-04,11178.22
2015-06-03,11147.16
2015-06-02,11261.54
2015-06-01,11547.03
2015-05-29,11543.8
2015-05-28,11339.61
2015-05-27,11386.36
2015-05-26,11400.8
2015-05-25,11417.9
2015-05-22,11421.75
2015-05-21,11348.86
2015-05-20,11334.26
2015-05-19,11319.66
2015-05-18,11299.05
2015-05-15,11169.82
2015-05-14,11052.13
2015-05-13,10924.58
2015-05-12,10793.18
2015-05-11,10973.4
2015-05-08,10837.4
2015-05-07,10673.32
2015-05-06,10849.95
2015-05-05,11166.5
2015-05-04,11140.05
2015-04-30,10930.66
2015-04-29,10955.09
2015-04-28,10814.31
2015-04-27,10665.17
2015-04-24,10992.2
2015-04-23,11255.66
2015-04-22,11272.06
2015-04-21,11306.91
2015-04-20,11374.07
2015-04-17,11614.06
2015-04-16,11833.14
2015-04-15,11894.24
2015-04-13,11996.31
2015-04-10,11996.23
2015-04-09,11961.62
2015-04-08,11991.01
2015-04-07,11879.2
2015-04-06,11799.42
2015-04-01,11657.5
2015-03-31,11469.28
2015-03-30,11437.07
2015-03-27,11276.84
2015-03-26,11283.53
2015-03-25,11363.77
2015-03-24,11389.44
2015-03-23,11475.26
2015-03-20,11518.77
2015-03-19,11670.51
2015-03-18,11731.45
2015-03-17,11752.84
2015-03-16,11625.29
2015-03-13,11632.37
2015-03-12,11821.73
2015-03-11,11648.52
2015-03-10,11687.81
2015-03-09,11728.0
2015-03-05,11856.24
2015-03-04,11755.28
2015-03-03,11854.82
2015-03-02,11673.69
2015-02-28,11519.17
2015-02-27,11530.56
2015-02-26,11316.93
2015-02-25,11449.06
2015-02-24,11445.34
2015-02-23,11477.72
2015-02-20,11562.74
2015-02-19,11546.46
2015-02-18,11557.2
2015-02-16,11451.7
2015-02-13,11440.59
2015-02-12,11359.03
2015-02-11,11216.71
2015-02-10,11057.84
2015-02-09,10963.65
2015-02-06,11127.32
2015-02-05,11233.77
2015-02-04,11347.13
2015-02-03,11362.31
2015-02-02,11319.8
2015-01-30,11248.68
2015-01-29,11334.81
2015-01-28,11400.86
2015-01-27,11347.29
2015-01-23,11271.4
2015-01-22,11304.91
2015-01-21,11282.25
2015-01-20,11305.88
2015-01-19,11302.18
2015-01-16,11291.48
2015-01-15,11227.2
2015-01-14,11145.62
2015-01-13,11110.93
2015-01-12,11034.36
2015-01-09,10956.83
2015-01-08,10929.16
2015-01-07,10730.75
2015-01-06,10669.62
2015-01-05,10986.33
2015-01-02,11006.26
2015-01-01,10873.68
2014-12-31,10830.59
2014-12-30,10655.61
2014-12-29,10621.1
2014-12-26,10479.15
2014-12-24,10420.87
2014-12-23,10436.92
2014-12-22,10446.26
2014-12-19,10363.65
2014-12-18,10288.57
2014-12-17,9970.57
2014-12-16,10043.45
2014-12-15,10317.36
2014-12-12,10358.29
2014-12-11,10421.94
2014-12-10,10500.99
2014-12-09,10434.35
2014-12-08,10595.05
2014-12-05,10710.6
2014-12-04,10771.87
2014-12-03,10727.39
2014-12-02,10531.38
2014-12-01,10439.34
2014-11-28,10426.19
2014-11-27,10364.25
2014-11-26,10295.24
2014-11-25,10266.57
2014-11-24,10367.67
2014-11-21,10341.46
2014-11-20,10358.64
2014-11-19,10390.37
2014-11-18,10428.22
2014-11-17,10362.67
2014-11-14,10266.09
2014-11-13,10230.76
2014-11-12,10257.66
2014-11-11,10173.32
2014-11-10,10120.05
2014-11-07,10056.99
2014-11-05,10019.29
2014-11-03,9956.88
2014-10-31,9894.38
2014-10-30,9776.47
2014-10-29,9685.13
2014-10-28,9612.35
2014-10-27,9592.84
2014-10-23,9661.71
2014-10-22,9577.67
2014-10-21,9473.2
2014-10-20,9380.23
2014-10-17,9276.13
2014-10-16,9258.17
2014-10-14,9529.5
2014-10-13,9526.99
2014-10-10,9457.43
2014-10-09,9596.95
2014-10-08,9433.68
2014-10-07,9459.03
2014-10-01,9518.28
2014-09-30,9528.04
2014-09-29,9483.42
2014-09-26,9374.07
2014-09-25,9286.03
2014-09-24,9449.67
2014-09-23,9540.49
2014-09-22,9706.88
2014-09-19,9696.37
2014-09-18,9662.6
2014-09-17,9520.92
2014-09-16,9478.57
2014-09-15,9809.18
2014-09-12,9809.73
2014-09-11,9762.7
2014-09-10,9654.53
2014-09-09,9637.05
2014-09-08,9570.27
2014-09-05,9408.81
2014-09-04,9358.56
2014-09-03,9288.86
2014-09-02,9141.09
2014-09-01,9058.45
2014-08-28,8916.92
2014-08-27,8959.24
2014-08-26,8881.45
2014-08-25,8819.83
2014-08-22,8853.64
2014-08-21,8816.2
2014-08-20,8768.94
2014-08-19,8747.13
2014-08-18,8687.12
2014-08-14,8507.81
2014-08-13,8420.75
2014-08-12,8463.29
2014-08-11,8398.0
2014-08-08,8291.06
2014-08-07,8399.94
2014-08-06,8439.21
2014-08-05,8431.98
2014-08-04,8386.24
2014-08-01,8328.83
2014-07-31,8374.16
2014-07-30,8326.17
2014-07-28,8306.64
2014-07-25,8334.86
2014-07-24,8415.76
2014-07-23,8461.0
2014-07-22,8446.26
2014-07-21,8432.16
2014-07-18,8406.34
2014-07-17,8435.34
2014-07-16,8289.59
2014-07-15,8194.21
2014-07-14,8021.18
2014-07-11,8027.83
2014-07-10,8152.1
2014-07-09,8153.53
2014-07-08,8291.53
2014-07-07,8543.6
2014-07-04,8525.73
2014-07-03,8490.58
2014-07-02,8444.98
2014-07-01,8352.89
2014-06-30,8323.22
2014-06-27,8214.73
2014-06-26,8128.79
2014-06-25,8119.2
2014-06-24,8074.44
2014-06-23,7973.08
2014-06-20,7916.87
2014-06-19,7932.0
2014-06-18,7939.35
2014-06-17,7958.46
2014-06-16,7872.89
2014-06-13,7824.29
2014-06-12,7960.63
2014-06-11,7902.23
2014-06-10,7910.94
2014-06-09,7864.91
2014-06-06,7781.81
2014-06-05,7676.08
2014-06-04,7594.76
2014-06-03,7520.53
2014-06-02,7444.52
2014-05-30,7336.91
2014-05-29,7303.03
2014-05-28,7309.71
2014-05-27,7267.24
2014-05-26,7256.54
2014-05-23,7359.34
2014-05-22,7307.74
2014-05-21,7181.3
2014-05-20,7087.07
2014-05-19,7009.73
2014-05-16,6905.78
2014-05-15,6886.75
2014-05-14,6956.49
2014-05-13,6929.49
2014-05-12,6878.69
2014-05-09,6861.11
2014-05-08,6805.86
2014-05-07,6797.72
2014-05-06,6801.95
2014-05-05,6768.62
2014-05-02,6778.08
2014-04-30,6720.75
2014-04-29,6773.04
2014-04-28,6795.91
2014-04-25,6738.91
2014-04-23,6761.8
2014-04-22,6741.78
2014-04-21,6749.38
2014-04-17,6689.6
2014-04-16,6599.43
2014-04-15,6663.73
2014-04-11,6649.89
2014-04-10,6647.4
2014-04-09,6632.88
2014-04-07,6550.24
2014-04-04,6602.13
2014-04-03,6598.05
2014-04-02,6598.16
2014-04-01,6516.31
2014-03-31,6504.42
2014-03-28,6447.84
2014-03-27,6398.76
2014-03-26,6383.79
2014-03-25,6383.18
2014-03-24,6365.32
2014-03-22,6376.86
2014-03-21,6355.98
2014-03-20,6287.78
2014-03-19,6289.64
2014-03-18,6290.04
2014-03-14,6237.45
2014-03-13,6242.96
2014-03-12,6269.7
2014-03-11,6262.0
2014-03-10,6263.24
2014-03-07,6268.2
2014-03-06,6354.44
2014-03-05,6316.26
2014-03-04,6262.2
2014-03-03,6216.19
2014-02-28,6223.65
2014-02-26,6176.25
2014-02-25,6176.75
2014-02-24,6133.23
2014-02-21,6112.34
2014-02-20,6072.28
2014-02-19,6079.74
2014-02-18,6048.75
2014-02-17,6024.83
2014-02-14,6039.45
2014-02-13,6029.92
2014-02-12,6065.73
2014-02-11,6039.77
2014-02-10,6002.98
2014-02-07,5989.58
2014-02-06,5942.18
2014-02-05,5962.78
2014-02-04,5930.06
2014-02-03,5930.55
2014-01-31,5939.69
2014-01-30,5836.25
2014-01-29,5864.1
2014-01-28,5853.71
2014-01-27,5849.24
2014-01-24,5956.67
2014-01-23,6014.24
2014-01-22,6053.0
2014-01-21,6042.48
2014-01-20,6012.94
2014-01-17,5938.77
2014-01-16,6016.4
2014-01-15,6001.02
2014-01-14,5998.63
2014-01-13,6031.78
2014-01-10,6053.15
2014-01-09,6090.82
2014-01-08,6104.52
2014-01-07,6064.62
2014-01-06,6083.12
2014-01-03,6058.06
2014-01-02,6014.03
2014-01-01,6091.16
2013-12-31,6055.74
2013-12-30,6032.16
2013-12-27,6036.06
2013-12-26,5999.87
2013-12-24,5988.84
2013-12-23,5947.17
2013-12-20,5926.76
2013-12-19,5815.0
2013-12-18,5816.17
2013-12-17,5746.52
2013-12-16,5745.89
2013-12-13,5698.48
2013-12-12,5740.44
2013-12-11,5740.86
2013-12-10,5712.94
2013-12-09,5702.12
2013-12-06,5708.07
2013-12-05,5691.69
2013-12-04,5709.01
2013-12-03,5737.34
2013-12-02,5723.32
2013-11-29,5670.92
2013-11-28,5650.94
2013-11-27,5608.54
2013-11-26,5581.13
2013-11-25,5562.85
2013-11-22,5533.09
2013-11-21,5530.98
2013-11-20,5566.22
2013-11-19,5571.59
2013-11-18,5563.63
2013-11-14,5523.68
2013-11-13,5490.68
2013-11-12,5516.09
2013-11-11,5525.33
2013-11-08,5543.7
2013-11-07,5551.65
2013-11-06,5595.83
2013-11-05,5587.73
2013-11-03,5535.66
2013-11-01,5482.55
2013-10-31,5456.54
2013-10-30,5398.84
2013-10-29,5375.87
2013-10-28,5336.26
2013-10-25,5348.63
2013-10-24,5357.23
2013-10-23,5338.93
2013-10-22,5345.61
2013-10-21,5302.7
2013-10-18,5269.49
2013-10-17,5236.54
2013-10-15,5243.25
2013-10-14,5297.14
2013-10-11,5269.27
2013-10-10,5267.41
2013-10-09,5221.55
2013-10-08,5173.88
2013-10-07,5176.57
2013-10-04,5152.35
2013-10-03,5133.26
2013-10-01,5090.98
2013-09-30,5066.27
2013-09-27,5052.86
2013-09-26,5040.69
2013-09-25,5049.41
2013-09-24,5023.77
2013-09-23,4990.86
2013-09-20,5018.38
2013-09-19,5052.71
2013-09-18,4983.8
2013-09-17,4943.95
2013-09-16,4947.2
2013-09-13,4957.95
2013-09-12,4960.87
2013-09-11,4966.95
2013-09-10,4907.91
2013-09-06,4851.13
2013-09-05,4828.08
2013-09-04,4761.41
2013-09-03,4723.69
2013-09-02,4786.66
2013-08-30,4724.01
2013-08-29,4706.69
2013-08-28,4648.91
2013-08-27,4703.41
2013-08-26,4795.25
2013-08-23,4757.51
2013-08-22,4684.17
2013-08-21,4686.65
2013-08-20,4711.9
2013-08-19,4789.37
2013-08-16,4885.35
2013-08-14,4985.31
2013-08-13,4946.44
2013-08-12,4889.06
2013-08-08,4806.35
2013-08-07,4757.57
2013-08-06,4781.38
2013-08-05,4886.97
2013-08-02,4878.97
2013-08-01,4881.67
2013-07-31,4921.28
2013-07-30,4958.55
2013-07-29,5039.73
2013-07-26,5092.77
2013-07-25,5132.61
2013-07-24,5200.97
2013-07-23,5265.62
2013-07-22,5260.88
2013-07-19,5262.69
2013-07-18,5266.97
2013-07-17,5250.83
2013-07-16,5257.16
2013-07-15,5323.95
2013-07-12,5269.29
2013-07-11,5255.87
2013-07-10,5221.14
2013-07-09,5212.91
2013-07-08,5170.81
2013-07-05,5169.65
2013-07-04,5153.62
2013-07-03,5102.56
2013-07-02,5166.31
2013-07-01,5166.64
2013-06-28,5136.72
2013-06-27,5041.03
2013-06-26,5009.02
2013-06-25,5019.55
2013-06-24,5047.56
2013-06-21,5157.36
2013-06-20,5228.13
2013-06-19,5314.96
2013-06-18,5285.13
2013-06-17,5270.12
2013-06-14,5237.29
2013-06-13,5165.15
2013-06-12,5216.95
2013-06-11,5237.6
2013-06-10,5316.84
2013-06-07,5340.47
2013-06-06,5339.67
2013-06-05,5350.8
2013-06-04,5344.37
2013-06-03,5326.56
2013-05-31,5344.16
2013-05-30,5381.97
2013-05-29,5382.74
2013-05-28,5378.35
2013-05-27,5344.63
2013-05-24,5275.2
2013-05-23,5261.58
2013-05-22,5320.11
2013-05-21,5341.93
2013-05-20,5365.72
2013-05-17,5387.57
2013-05-16,5387.21
2013-05-15,5383.92
2013-05-14,5300.27
2013-05-13,5273.6
2013-05-11,5344.72
2013-05-10,5328.89
2013-05-09,5311.69
2013-05-08,5320.85
2013-05-07,5277.95
2013-05-06,5227.41
2013-05-03,5151.76
2013-05-02,5164.53
2013-04-30,5126.83
2013-04-29,5095.98
2013-04-26,5069.51
2013-04-25,5071.44
2013-04-23,5043.74
2013-04-22,5063.02
2013-04-18,5003.23
2013-04-17,4971.16
2013-04-16,4977.45
2013-04-15,4941.68
2013-04-12,4948.39
2013-04-11,4973.42
2013-04-10,4957.06
2013-04-09,4940.24
2013-04-08,4982.0
2013-04-05,4977.13
2013-04-04,4984.42
2013-04-03,5078.35
2013-04-02,5099.73
2013-04-01,5049.36
2013-03-28,5018.21
2013-03-26,4944.74
2013-03-25,4944.02
2013-03-22,4952.65
2013-03-21,4968.71
2013-03-20,5018.69
2013-03-19,5073.44
2013-03-18,5096.09
2013-03-15,5105.23
2013-03-14,5132.73
2013-03-13,5121.14
2013-03-12,5179.91
2013-03-11,5199.35
2013-03-08,5186.89
2013-03-07,5150.7
2013-03-06,5111.53
2013-03-05,5075.94
2013-03-04,5012.62
2013-03-01,5055.61
2013-02-28,5027.24
2013-02-27,5088.19
2013-02-26,5056.12
2013-02-25,5111.57
2013-02-22,5128.25
2013-02-21,5128.71
2013-02-20,5181.62
2013-02-19,5166.24
2013-02-18,5094.03
2013-02-15,5071.19
2013-02-14,5063.13
2013-02-13,5115.09
2013-02-12,5113.7
2013-02-11,5109.37
2013-02-08,5115.29
2013-02-07,5142.91
2013-02-06,5148.09
2013-02-05,5150.66
2013-02-04,5192.19
2013-02-01,5218.92
2013-01-31,5197.64
2013-01-30,5152.24
2013-01-29,5154.3
2013-01-28,5160.84
2013-01-25,5160.13
2013-01-24,5097.34
2013-01-23,5162.49
2013-01-22,5197.98
2013-01-21,5227.93
2013-01-18,5235.2
2013-01-17,5257.6
2013-01-16,5261.71
2013-01-15,5305.92
2013-01-14,5282.66
2013-01-11,5265.73
2013-01-10,5324.34
2013-01-09,5330.38
2013-01-08,5335.79
2013-01-07,5324.06
2013-01-04,5316.43
2013-01-03,5296.84
2013-01-02,5286.15
2013-01-01,5248.62
2012-12-31,5210.76
2012-12-28,5191.81
2012-12-27,5171.21
2012-12-26,5177.91
2012-12-24,5145.73
2012-12-21,5105.18
2012-12-20,5154.07
2012-12-19,5171.85
2012-12-18,5152.45
2012-12-17,5142.82
2012-12-14,5119.93
2012-12-13,5088.32
2012-12-12,5123.64
2012-12-11,5114.72
2012-12-10,5154.23
2012-12-07,5133.24
2012-12-06,5125.1
2012-12-05,5108.86
2012-12-04,5116.02
2012-12-03,5105.67
2012-11-30,5044.95
2012-11-29,5014.88
2012-11-27,4992.05
2012-11-26,4980.19
2012-11-23,4897.46
2012-11-22,4886.01
2012-11-21,4846.44
2012-11-20,4854.61
2012-11-19,4868.62
2012-11-16,4923.13
2012-11-15,4956.38
2012-11-13,4952.63
2012-11-12,4916.01
2012-11-09,4889.11
2012-11-08,4916.0
2012-11-07,4913.66
2012-11-06,4869.44
2012-11-05,4827.13
2012-11-02,4824.88
2012-11-01,4815.23
2012-10-31,4785.87
2012-10-30,4719.77
2012-10-29,4749.1
2012-10-26,4762.61
2012-10-25,4815.16
2012-10-23,4811.48
2012-10-22,4805.3
2012-10-19,4784.47
2012-10-18,4809.22
2012-10-17,4769.87
2012-10-16,4762.55
2012-10-15,4784.16
2012-10-12,4786.36
2012-10-11,4769.18
2012-10-10,4717.52
2012-10-09,4761.71
2012-10-08,4747.23
2012-10-05,4755.03
2012-10-04,4801.82
2012-10-03,4819.1
2012-10-01,4790.77
2012-09-28,4742.94
2012-09-27,4682.8
2012-09-26,4657.23
2012-09-25,4636.81
2012-09-24,4619.09
2012-09-21,4622.48
2012-09-20,4542.15
2012-09-18,4570.57
2012-09-17,4567.12
2012-09-14,4541.0
2012-09-13,4516.4
2012-09-12,4510.51
2012-09-11,4486.09
2012-09-10,4490.4
2012-09-08,4481.41
2012-09-07,4464.63
2012-09-06,4402.49
2012-09-05,4379.0
2012-09-04,4396.74
2012-09-03,4378.71
2012-08-31,4370.59
2012-08-30,4366.46
2012-08-29,4345.02
2012-08-28,4360.16
2012-08-27,4413.7
2012-08-24,4450.45
2012-08-23,4465.39
2012-08-22,4461.05
2012-08-21,4480.64
2012-08-17,4477.13
2012-08-16,4459.81
2012-08-14,4438.72
2012-08-13,4408.95
2012-08-10,4384.06
2012-08-09,4382.43
2012-08-08,4382.32
2012-08-07,4385.39
2012-08-06,4366.5
2012-08-03,4350.14
2012-08-02,4349.87
2012-08-01,4323.93
2012-07-31,4290.83
2012-07-30,4269.55
2012-07-27,4211.53
2012-07-26,4237.47
2012-07-25,4294.11
2012-07-24,4309.81
2012-07-23,4280.83
2012-07-20,4337.27
2012-07-19,4340.22
2012-07-18,4329.11
2012-07-17,4318.7
2012-07-16,4329.78
2012-07-13,4344.35
2012-07-12,4360.33
2012-07-11,4383.48
2012-07-10,4396.15
2012-07-09,4358.19
2012-07-06,4392.7
2012-07-05,4420.21
2012-07-04,4373.68
2012-07-03,4347.54
2012-07-02,4326.74
2012-06-29,4295.58
2012-06-28,4231.27
2012-06-27,4236.68
2012-06-26,4224.09
2012-06-25,4196.65
2012-06-22,4199.04
2012-06-21,4202.56
2012-06-20,4167.3
2012-06-19,4135.23
2012-06-18,4126.47
2012-06-15,4168.4
2012-06-14,4141.96
2012-06-13,4194.3
2012-06-12,4209.64
2012-06-11,4178.84
2012-06-08,4203.17
2012-06-07,4180.58
2012-06-06,4152.7
2012-06-05,4095.29
2012-06-04,4076.17
2012-06-01,4088.26
2012-05-31,4145.34
2012-05-30,4114.83
2012-05-29,4178.37
2012-05-28,4183.46
2012-05-25,4125.81
2012-05-24,4109.58
2012-05-23,4077.28
2012-05-22,4073.29
2012-05-21,4085.42
2012-05-18,4062.03
2012-05-17,4059.97
2012-05-16,4061.97
2012-05-15,4104.57
2012-05-14,4073.64
2012-05-11,4113.5
2012-05-10,4152.0
2012-05-09,4124.58
2012-05-08,4155.89
2012-05-07,4214.76
2012-05-04,4188.32
2012-05-03,4263.77
2012-05-02,4308.7
2012-04-30,4307.08
2012-04-28,4267.92
2012-04-27,4261.5
2012-04-26,4265.32
2012-04-25,4289.39
2012-04-24,4310.57
2012-04-23,4316.09
2012-04-20,4381.02
2012-04-19,4416.56
2012-04-18,4407.19
2012-04-17,4375.8
2012-04-16,4363.36
2012-04-13,4316.2
2012-04-12,4344.5
2012-04-11,4302.81
2012-04-10,4317.05
2012-04-09,4349.34
2012-04-04,4411.0
2012-04-03,4404.65
2012-04-02,4368.92
2012-03-30,4334.54
2012-03-29,4228.98
2012-03-28,4202.61
2012-03-27,4235.49
2012-03-26,4236.77
2012-03-23,4299.08
2012-03-22,4273.15
2012-03-21,4347.17
2012-03-20,4272.32
2012-03-19,4240.22
2012-03-16,4265.11
2012-03-15,4285.32
2012-03-14,4338.61
2012-03-13,4316.77
2012-03-12,4294.65
2012-03-09,4261.74
2012-03-07,4166.56
2012-03-06,4163.41
2012-03-05,4193.13
2012-03-03,4240.17
2012-03-02,4239.67
2012-03-01,4225.3
2012-02-29,4251.37
2012-02-28,4203.9
2012-02-27,4073.9
2012-02-24,4177.77
2012-02-23,4196.57
2012-02-22,4216.71
2012-02-21,4356.4
2012-02-17,4321.68
2012-02-16,4316.4
2012-02-15,4321.59
2012-02-14,4244.85
2012-02-13,4207.25
2012-02-10,4187.31
2012-02-09,4164.84
2012-02-08,4133.78
2012-02-07,4087.25
2012-02-06,4099.87
2012-02-03,4058.0
2012-02-02,4031.75
2012-02-01,3999.88
2012-01-31,3956.14
2012-01-30,3880.24
2012-01-27,3954.76
2012-01-25,3954.28
2012-01-24,3894.66
2012-01-23,3832.29
2012-01-20,3826.93
2012-01-19,3809.21
2012-01-18,3772.15
2012-01-17,3809.5
2012-01-16,3759.15
2012-01-13,3766.12
2012-01-12,3760.22
2012-01-11,3734.99
2012-01-10,3707.94
2012-01-09,3637.74
2012-01-07,3616.12
2012-01-06,3590.6
2012-01-05,3599.23
2012-01-04,3595.75
2012-01-03,3589.69
2012-01-02,3493.12
2011-12-30,3503.08
2011-12-29,3497.92
2011-12-28,3502.5
2011-12-27,3540.23
2011-12-26,3569.55
2011-12-23,3544.81
2011-12-22,3543.81
2011-12-21,3508.44
2011-12-20,3458.22
2011-12-19,3537.97
2011-12-16,3610.52
2011-12-15,3667.3
2011-12-14,3703.84
2011-12-13,3733.4
2011-12-12,3746.21
2011-12-09,3825.32
2011-12-08,3846.79
2011-12-07,3918.08
2011-12-05,3940.32
2011-12-02,3932.55
2011-12-01,3870.34
2011-11-30,3831.58
2011-11-29,3846.29
2011-11-28,3855.38
2011-11-25,3801.49
2011-11-24,3795.6
2011-11-23,3745.46
2011-11-22,3805.7
2011-11-21,3808.1
2011-11-18,3865.18
2011-11-17,3893.92
2011-11-16,3934.65
2011-11-15,3970.93
2011-11-14,4056.61
2011-11-11,4108.97
2011-11-09,4142.15
2011-11-08,4189.05
2011-11-04,4192.49
2011-11-03,4153.58
2011-11-02,4142.39
2011-11-01,4132.6
2011-10-31,4147.54
2011-10-28,4129.9
2011-10-26,4056.72
2011-10-25,4021.81
2011-10-24,4006.38
2011-10-21,4018.59
2011-10-20,4029.11
2011-10-19,4057.98
2011-10-18,4000.53
2011-10-17,4058.97
2011-10-14,4040.0
2011-10-13,4043.6
2011-10-12,4030.13
2011-10-11,3974.4
2011-10-10,3952.63
2011-10-07,3892.79
2011-10-05,3837.59
2011-10-04,3887.16
2011-10-03,3931.19
2011-09-30,3998.97
2011-09-29,4012.44
2011-09-28,4006.2
2011-09-27,4031.98
2011-09-26,3965.44
2011-09-23,4026.77
2011-09-22,4065.49
2011-09-21,4189.42
2011-09-20,4163.46
2011-09-19,4127.57
2011-09-16,4122.58
2011-09-15,4119.07
2011-09-14,4094.44
2011-09-13,4084.82
2011-09-12,4082.4
2011-09-09,4199.42
2011-09-08,4233.29
2011-09-07,4216.19
2011-09-06,4157.68
2011-09-05,4148.21
2011-09-02,4122.75
2011-08-30,4091.87
2011-08-29,4022.35
2011-08-26,3924.87
2011-08-25,4010.15
2011-08-24,4063.12
2011-08-23,4092.99
2011-08-22,4051.7
2011-08-19,4011.33
2011-08-18,4062.42
2011-08-17,4153.74
2011-08-16,4197.7
2011-08-12,4240.27
2011-08-11,4267.57
2011-08-10,4274.47
2011-08-09,4174.94
2011-08-08,4215.73
2011-08-05,4265.11
2011-08-04,4316.4
2011-08-03,4350.41
2011-08-02,4366.47
2011-08-01,4426.17
2011-07-29,4427.89
2011-07-28,4457.36
2011-07-27,4513.51
2011-07-26,4513.16
2011-07-25,4562.62
2011-07-22,4549.2
2011-07-21,4484.41
2011-07-20,4508.55
2011-07-19,4543.84
2011-07-18,4517.3
2011-07-15,4499.29
2011-07-14,4495.71
2011-07-13,4473.67
2011-07-12,4420.86
2011-07-11,4471.47
2011-07-08,4481.94
2011-07-07,4510.03
2011-07-06,4461.65
2011-07-05,4443.97
2011-07-04,4443.78
2011-07-01,4395.84
2011-06-30,4381.41
2011-06-29,4369.64
2011-06-28,4333.14
2011-06-27,4309.48
2011-06-24,4261.31
2011-06-23,4168.06
2011-06-22,4167.8
2011-06-21,4194.84
2011-06-20,4199.22
2011-06-17,4303.83
2011-06-16,4341.54
2011-06-15,4367.69
2011-06-14,4392.56
2011-06-13,4368.23
2011-06-10,4352.42
2011-06-09,4374.29
2011-06-08,4380.08
2011-06-07,4383.55
2011-06-06,4366.24
2011-06-03,4360.94
2011-06-02,4368.61
2011-06-01,4404.39
2011-05-31,4366.45
2011-05-30,4319.59
2011-05-27,4282.29
2011-05-26,4213.98
2011-05-25,4195.67
2011-05-24,4208.56
2011-05-23,4191.53
2011-05-20,4264.2
2011-05-19,4222.03
2011-05-18,4242.76
2011-05-17,4261.22
2011-05-16,4303.17
2011-05-13,4350.86
2011-05-12,4309.37
2011-05-11,4351.53
2011-05-10,4323.79
2011-05-09,4321.75
2011-05-06,4317.96
2011-05-05,4240.34
2011-05-04,4284.48
2011-05-03,4307.28
2011-05-02,4374.03
2011-04-29,4413.17
2011-04-28,4472.38
2011-04-27,4507.71
2011-04-26,4511.0
2011-04-25,4528.05
2011-04-21,4521.56
2011-04-20,4525.46
2011-04-19,4475.93
2011-04-18,4459.6
2011-04-15,4525.47
2011-04-13,4523.81
2011-04-11,4463.82
2011-04-08,4471.82
2011-04-07,4534.55
2011-04-06,4498.95
2011-04-05,4501.19
2011-04-04,4465.05
2011-04-01,4399.39
2011-03-31,4351.94
2011-03-30,4355.08
2011-03-29,4292.49
2011-03-28,4275.9
2011-03-25,4242.92
2011-03-24,4204.12
2011-03-23,4172.46
2011-03-22,4149.98
2011-03-21,4105.78
2011-03-18,4112.16
2011-03-17,4144.62
2011-03-16,4140.22
2011-03-15,4082.77
2011-03-14,4126.29
2011-03-11,4101.64
2011-03-10,4119.72
2011-03-09,4135.22
2011-03-08,4095.3
2011-03-07,4053.02
2011-03-04,4108.21
2011-03-03,4105.04
2011-03-01,4081.25
2011-02-28,3957.82
2011-02-25,3933.63
2011-02-24,3930.96
2011-02-23,4058.21
2011-02-22,4090.67
2011-02-21,4126.97
2011-02-18,4104.63
2011-02-17,4161.39
2011-02-16,4117.36
2011-02-15,4109.51
2011-02-14,4067.09
2011-02-11,3934.54
2011-02-10,3835.44
2011-02-09,3840.08
2011-02-08,3954.42
2011-02-07,4034.5
2011-02-04,4059.58
2011-02-03,4122.89
2011-02-02,4083.44
2011-02-01,4091.15
2011-01-31,4151.23
2011-01-28,4120.26
2011-01-27,4219.22
2011-01-25,4296.89
2011-01-24,4326.77
2011-01-21,4295.26
2011-01-20,4292.38
2011-01-19,4275.81
2011-01-18,4233.59
2011-01-17,4221.9
2011-01-14,4266.9
2011-01-13,4319.34
2011-01-12,4358.73
2011-01-11,4286.14
2011-01-10,4290.49
2011-01-07,4402.3
2011-01-06,4524.38
2011-01-05,4573.3
2011-01-04,4645.51
2011-01-03,4660.96
2010-12-31,4618.01
2010-12-30,4570.19
2010-12-29,4551.86
2010-12-28,4522.52
2010-12-27,4536.2
2010-12-24,4540.55
2010-12-23,4526.21
2010-12-22,4528.72
2010-12-21,4523.09
2010-12-20,4494.9
2010-12-16,4503.41
2010-12-15,4490.15
2010-12-14,4570.19
2010-12-13,4511.88
2010-12-10,4425.65
2010-12-09,4336.73
2010-12-08,4513.22
2010-12-07,4602.16
2010-12-06,4673.35
2010-12-03,4697.15
2010-12-02,4798.43
2010-12-01,4751.09
2010-11-30,4623.16
2010-11-29,4576.16
2010-11-26,4542.22
2010-11-25,4617.51
2010-11-24,4718.65
2010-11-23,4812.71
2010-11-22,4853.92
2010-11-19,4797.52
2010-11-18,4880.45
2010-11-16,4887.34
2010-11-15,4987.54
2010-11-12,4962.88
2010-11-11,5092.12
2010-11-10,5141.78
2010-11-09,5118.45
2010-11-08,5108.79
2010-11-05,5110.49
2010-11-04,5084.11
2010-11-03,5041.5
2010-11-02,5008.87
2010-11-01,4979.58
2010-10-29,4902.88
2010-10-28,4925.94
2010-10-27,4981.69
2010-10-26,4982.48
2010-10-25,4956.97
2010-10-22,4908.74
2010-10-21,4895.15
2010-10-20,4837.6
2010-10-19,4840.53
2010-10-18,4836.31
2010-10-15,4862.84
2010-10-14,4940.55
2010-10-13,4947.36
2010-10-12,4887.58
2010-10-11,4905.14
2010-10-08,4848.78
2010-10-07,4884.78
2010-10-06,4907.45
2010-10-05,4840.45
2010-10-04,4821.69
2010-10-01,4771.33
2010-09-30,4693.06
2010-09-29,4705.27
2010-09-28,4732.5
2010-09-27,4722.58
2010-09-24,4715.46
2010-09-23,4665.67
2010-09-22,4664.32
2010-09-21,4681.21
2010-09-20,4737.6
2010-09-17,4710.91
2010-09-16,4641.79
2010-09-15,4690.49
2010-09-14,4679.9
2010-09-13,4693.29
2010-09-09,4646.98
2010-09-08,4622.74
2010-09-07,4613.17
2010-09-06,4620.98
2010-09-03,4558.61
2010-09-02,4514.73
2010-09-01,4470.08
2010-08-31,4411.06
2010-08-30,4427.72
2010-08-27,4430.04
2010-08-26,4454.82
2010-08-25,4447.72
2010-08-24,4490.64
2010-08-23,4515.04
2010-08-20,4481.43
2010-08-19,4478.99
2010-08-18,4436.16
2010-08-17,4404.67
2010-08-16,4378.81
2010-08-13,4352.25
2010-08-12,4302.25
2010-08-11,4281.04
2010-08-10,4310.82
2010-08-09,4331.18
2010-08-06,4282.8
2010-08-05,4279.19
2010-08-04,4277.25
2010-08-03,4270.76
2010-08-02,4253.59
2010-07-30,4222.96
2010-07-29,4192.87
2010-07-28,4183.61
2010-07-27,4183.34
2010-07-26,4182.13
2010-07-23,4216.86
2010-07-22,4226.02
2010-07-21,4214.38
2010-07-20,4195.22
2010-07-19,4208.81
2010-07-16,4194.23
2010-07-15,4175.11
2010-07-14,4161.07
2010-07-13,4169.33
2010-07-12,4135.64
2010-07-09,4122.71
2010-07-08,4085.29
2010-07-07,4046.0
2010-07-06,4056.45
2010-07-05,4022.64
2010-07-02,4001.2
2010-07-01,4000.07
2010-06-30,4014.13
2010-06-29,3998.12
2010-06-28,4025.59
2010-06-25,3978.22
2010-06-24,4008.98
2010-06-23,4023.79
2010-06-22,3994.9
2010-06-21,4006.59
2010-06-18,3961.91
2010-06-17,3978.72
2010-06-16,3951.74
2010-06-15,3946.2
2010-06-14,3934.16
2010-06-11,3914.9
2010-06-10,3904.81
2010-06-09,3865.56
2010-06-08,3841.75
2010-06-07,3850.62
2010-06-04,3899.53
2010-06-03,3887.09
2010-06-02,3828.07
2010-06-01,3801.16
2010-05-31,3851.89
2010-05-28,3817.91
2010-05-27,3749.74
2010-05-26,3707.14
2010-05-25,3657.61
2010-05-24,3764.64
2010-05-21,3759.02
2010-05-20,3810.62
2010-05-19,3804.35
2010-05-18,3901.98
2010-05-17,3871.93
2010-05-14,3894.12
2010-05-13,3929.01
2010-05-12,3885.46
2010-05-11,3872.59
2010-05-10,3914.66
2010-05-07,3823.66
2010-05-06,3923.55
2010-05-05,3934.22
2010-05-04,3922.75
2010-05-03,3972.38
2010-04-30,3998.15
2010-04-29,3976.57
2010-04-28,3918.87
2010-04-27,3960.7
2010-04-26,3968.7
2010-04-23,3943.51
2010-04-22,3916.43
2010-04-21,3912.51
2010-04-20,3882.03
2010-04-19,3834.65
2010-04-16,3863.47
2010-04-15,3878.57
2010-04-13,3879.9
2010-04-12,3886.5
2010-04-09,3890.79
2010-04-08,3856.45
2010-04-07,3880.25
2010-04-06,3859.19
2010-04-05,3844.48
2010-04-01,3788.26
2010-03-31,3752.26
2010-03-30,3737.66
2010-03-29,3730.46
2010-03-26,3712.66
2010-03-25,3696.38
2010-03-23,3674.56
2010-03-22,3666.22
2010-03-19,3710.02
2010-03-18,3704.7
2010-03-17,3683.99
2010-03-16,3678.97
2010-03-15,3652.46
2010-03-12,3667.26
2010-03-11,3673.52
2010-03-10,3663.6
2010-03-09,3678.38
2010-03-08,3691.5
2010-03-05,3649.39
2010-03-04,3639.41
2010-03-03,3607.13
2010-03-02,3559.45
2010-02-26,3476.35
2010-02-25,3416.68
2010-02-24,3442.92
2010-02-23,3459.39
2010-02-22,3484.34
2010-02-19,3500.68
2010-02-18,3543.1
2010-02-17,3558.0
2010-02-16,3522.55
2010-02-15,3503.43
2010-02-11,3529.87
2010-02-10,3495.28
2010-02-09,3492.61
2010-02-08,3475.96
2010-02-06,3492.58
2010-02-05,3448.05
2010-02-04,3529.93
2010-02-03,3601.9
2010-02-02,3548.16
2010-02-01,3580.28
2010-01-29,3525.49
2010-01-28,3495.35
2010-01-27,3488.21
2010-01-25,3613.74
2010-01-22,3662.95
2010-01-21,3703.64
2010-01-20,3790.66
2010-01-19,3806.42
2010-01-18,3825.2
2010-01-15,3825.22
2010-01-14,3822.21
2010-01-13,3784.03
2010-01-12,3752.78
2010-01-11,3780.01
2010-01-08,3741.9
2010-01-07,3748.23
2010-01-06,3727.3
2010-01-05,3698.52
2010-01-04,3652.02
2009-12-31,3600.84
2009-12-30,3588.4
2009-12-29,3562.21
2009-12-24,3537.95
2009-12-23,3518.91
2009-12-22,3476.03
2009-12-21,3455.54
2009-12-18,3461.32
2009-12-17,3483.83
2009-12-16,3452.48
2009-12-15,3452.19
2009-12-14,3495.63
2009-12-11,3517.73
2009-12-10,3539.3
2009-12-09,3543.01
2009-12-08,3562.48
2009-12-07,3535.3
2009-12-04,3548.57
2009-12-03,3562.42
2009-12-02,3553.09
2009-12-01,3514.78
2009-11-30,3461.28
2009-11-27,3400.76
2009-11-26,3445.09
2009-11-25,3503.03
2009-11-24,3487.67
2009-11-23,3485.18
2009-11-20,3468.42
2009-11-19,3435.55
2009-11-18,3498.93
2009-11-17,3490.15
2009-11-16,3493.37
2009-11-13,3473.02
2009-11-12,3458.6
2009-11-11,3489.6
2009-11-10,3413.7
2009-11-09,3402.59
2009-11-06,3338.57
2009-11-05,3266.74
2009-11-04,3195.51
2009-11-03,3120.22
2009-10-30,3217.83
2009-10-29,3228.99
2009-10-28,3268.56
2009-10-27,3250.93
2009-10-26,3360.76
2009-10-23,3410.12
2009-10-22,3368.8
2009-10-21,3421.35
2009-10-20,3445.29
2009-10-17,3436.65
2009-10-16,3412.73
2009-10-15,3399.05
2009-10-14,3370.72
2009-10-12,3331.01
2009-10-09,3299.28
2009-10-08,3311.46
2009-10-07,3300.73
2009-10-06,3268.79
2009-10-05,3260.63
2009-10-01,3296.71
2009-09-30,3309.03
2009-09-29,3299.03
2009-09-25,3276.49
2009-09-24,3259.65
2009-09-23,3243.83
2009-09-22,3274.73
2009-09-18,3259.72
2009-09-17,3229.41
2009-09-16,3217.06
2009-09-15,3180.4
2009-09-14,3132.88
2009-09-11,3138.0
2009-09-10,3134.79
2009-09-09,3141.93
2009-09-08,3145.84
2009-09-07,3149.63
2009-09-04,3098.16
2009-09-03,3067.84
2009-09-02,3054.2
2009-09-01,3072.34
2009-08-31,3102.18
2009-08-28,3098.35
2009-08-27,3077.19
2009-08-26,3058.56
2009-08-25,3033.74
2009-08-24,3007.04
2009-08-21,2936.65
2009-08-20,2899.31
2009-08-19,2890.46
2009-08-18,2912.94
2009-08-17,2862.27
2009-08-14,2964.29
2009-08-13,2951.81
2009-08-12,2857.66
2009-08-11,2855.37
2009-08-10,2844.26
2009-08-07,2883.19
2009-08-06,2930.11
2009-08-05,2987.21
2009-08-04,2986.06
2009-08-03,2983.36
2009-07-31,2927.06
2009-07-30,2881.24
2009-07-29,2858.0
2009-07-28,2881.26
2009-07-27,2853.96
2009-07-24,2813.99
2009-07-23,2774.25
2009-07-22,2738.28
2009-07-21,2751.0
2009-07-20,2743.94
2009-07-17,2680.21
2009-07-16,2624.16
2009-07-15,2607.0
2009-07-14,2529.4
2009-07-13,2447.38
2009-07-10,2519.89
2009-07-09,2551.06
2009-07-08,2532.19
2009-07-07,2595.31
2009-07-06,2548.95
2009-07-03,2657.15
2009-07-02,2643.54
2009-07-01,2629.93
2009-06-30,2620.16
2009-06-29,2665.0
2009-06-26,2647.72
2009-06-25,2598.31
2009-06-24,2609.0
2009-06-23,2557.29
2009-06-22,2547.76
2009-06-19,2555.66
2009-06-18,2512.64
2009-06-17,2570.41
2009-06-16,2642.34
2009-06-15,2614.46
2009-06-12,2643.56
2009-06-11,2694.84
2009-06-10,2715.35
2009-06-09,2671.35
2009-06-08,2597.37
2009-06-05,2714.37
2009-06-04,2725.29
2009-06-03,2702.79
2009-06-02,2656.18
2009-06-01,2629.95
2009-05-29,2567.61
2009-05-28,2512.26
2009-05-27,2494.57
2009-05-26,2417.36
2009-05-25,2496.5
2009-05-22,2440.44
2009-05-21,2410.56
2009-05-20,2388.62
2009-05-19,2265.94
2009-05-18,2243.09
2009-05-15,2052.75
2009-05-14,2026.37
2009-05-13,2022.01
2009-05-12,2024.05
2009-05-11,2008.85
2009-05-08,2033.07
2009-05-07,2027.59
2009-05-06,1980.8
2009-05-05,1998.39
2009-05-04,1974.02
2009-04-29,1909.55
2009-04-28,1880.49
2009-04-27,1929.01
2009-04-24,1930.47
2009-04-23,1900.1
2009-04-22,1880.03
2009-04-21,1895.37
2009-04-20,1905.4
2009-04-17,1874.54
2009-04-16,1857.42
2009-04-15,1913.84
2009-04-13,1860.64
2009-04-09,1802.99
2009-04-08,1788.01
2009-04-06,1744.33
2009-04-02,1713.65
2009-04-01,1663.52
2009-03-31,1652.74
2009-03-30,1616.33
2009-03-27,1620.95
2009-03-26,1597.27
2009-03-25,1570.63
2009-03-24,1572.49
2009-03-23,1581.71
2009-03-20,1547.02
2009-03-19,1549.17
2009-03-18,1545.7
2009-03-17,1518.54
2009-03-16,1519.09
2009-03-13,1484.85
2009-03-12,1461.0
2009-03-09,1459.03
2009-03-06,1464.47
2009-03-05,1475.19
2009-03-04,1499.94
2009-03-03,1502.89
2009-03-02,1532.39
2009-02-27,1560.04
2009-02-26,1550.57
2009-02-25,1542.67
2009-02-24,1533.61
2009-02-20,1554.5
2009-02-19,1569.02
2009-02-18,1574.48
2009-02-17,1581.88
2009-02-16,1615.98
2009-02-13,1658.69
2009-02-12,1639.69
2009-02-11,1630.75
2009-02-10,1627.79
2009-02-09,1613.79
2009-02-06,1591.16
2009-02-05,1566.22
2009-02-04,1578.89
2009-02-03,1585.82
2009-02-02,1589.34
2009-01-30,1613.02
2009-01-29,1596.91
2009-01-28,1603.16
2009-01-27,1588.37
2009-01-23,1589.58
2009-01-22,1605.53
2009-01-21,1627.79
2009-01-20,1658.07
2009-01-19,1672.66
2009-01-16,1665.94
2009-01-15,1655.81
2009-01-14,1679.07
2009-01-13,1642.15
2009-01-12,1663.5
2009-01-09,1691.09
2009-01-07,1726.09
2009-01-06,1827.8
2009-01-05,1839.81
2009-01-02,1821.63
2009-01-01,1787.97
2008-12-31,1750.98
2008-12-30,1741.77
2008-12-29,1705.98
2008-12-26,1687.31
2008-12-24,1701.84
2008-12-23,1712.77
2008-12-22,1752.43
2008-12-19,1757.69
2008-12-18,1713.49
2008-12-17,1689.88
2008-12-16,1739.41
2008-12-15,1696.17
2008-12-12,1642.77
2008-12-11,1625.27
2008-12-10,1606.64
2008-12-08,1580.91
2008-12-05,1589.23
2008-12-04,1599.45
2008-12-03,1554.05
2008-12-02,1542.83
2008-12-01,1562.78
2008-11-28,1583.65
2008-11-26,1567.21
2008-11-25,1565.91
2008-11-24,1578.29
2008-11-21,1579.95
2008-11-20,1572.68
2008-11-19,1627.03
2008-11-18,1652.78
2008-11-17,1676.5
2008-11-14,1714.83
2008-11-12,1745.79
2008-11-11,1779.83
2008-11-10,1840.69
2008-11-07,1781.04
2008-11-06,1772.49
2008-11-05,1815.2
2008-11-04,1838.54
2008-11-03,1813.0
2008-10-31,1734.29
2008-10-29,1657.52
2008-10-28,1691.33
2008-10-27,1597.54
2008-10-24,1655.35
2008-10-23,1770.02
2008-10-22,1823.15
2008-10-21,1880.7
2008-10-20,1806.36
2008-10-17,1826.51
2008-10-16,1875.15
2008-10-15,1906.87
2008-10-14,1992.5
2008-10-13,1957.32
2008-10-10,1862.83
2008-10-08,2019.63
2008-10-07,2124.65
2008-10-06,2160.32
2008-10-03,2308.9
2008-10-01,2377.05
2008-09-30,2361.59
2008-09-29,2329.93
2008-09-26,2420.02
2008-09-25,2490.64
2008-09-24,2510.93
2008-09-23,2504.4
2008-09-22,2556.03
2008-09-19,2563.43
2008-09-18,2484.89
2008-09-17,2510.34
2008-09-16,2537.0
2008-09-15,2569.84
2008-09-12,2675.07
2008-09-11,2729.01
2008-09-10,2759.73
2008-09-09,2779.06
2008-09-08,2799.79
2008-09-05,2778.4
2008-09-04,2814.78
2008-09-02,2815.86
2008-09-01,2782.21
2008-08-29,2786.46
2008-08-28,2729.62
2008-08-27,2762.13
2008-08-26,2789.58
2008-08-25,2802.14
2008-08-22,2805.9
2008-08-21,2797.16
2008-08-20,2860.99
2008-08-19,2824.21
2008-08-18,2842.62
2008-08-14,2864.91
2008-08-13,2902.62
2008-08-12,2915.04
2008-08-11,2941.12
2008-08-08,2896.36
2008-08-07,2855.39
2008-08-06,2845.13
2008-08-05,2843.45
2008-08-04,2831.01
2008-08-01,2777.1
2008-07-31,2720.82
2008-07-30,2729.12
2008-07-29,2685.04
2008-07-28,2741.91
2008-07-25,2701.56
2008-07-24,2708.14
2008-07-23,2702.6
2008-07-22,2551.61
2008-07-21,2493.11
2008-07-18,2487.67
2008-07-17,2448.8
2008-07-16,2421.77
2008-07-15,2473.2
2008-07-14,2565.48
2008-07-11,2576.41
2008-07-10,2624.6
2008-07-09,2617.77
2008-07-08,2546.29
2008-07-07,2545.34
2008-07-04,2508.66
2008-07-03,2465.48
2008-07-02,2529.61
2008-07-01,2433.26
2008-06-30,2547.27
2008-06-27,2624.54
2008-06-26,2705.67
2008-06-25,2691.2
2008-06-24,2661.59
2008-06-23,2716.89
2008-06-20,2830.77
2008-06-19,2919.89
2008-06-18,2980.85
2008-06-17,2999.92
2008-06-16,2939.19
2008-06-13,2905.79
2008-06-12,2908.33
2008-06-11,2878.02
2008-06-10,2849.19
2008-06-09,2879.47
2008-06-06,2957.53
2008-06-05,2963.73
2008-06-04,2960.41
2008-06-03,3053.57
2008-06-02,3068.54
2008-05-30,3159.56
2008-05-29,3142.68
2008-05-28,3139.95
2008-05-27,3100.02
2008-05-26,3131.44
2008-05-23,3215.23
2008-05-22,3253.96
2008-05-21,3296.78
2008-05-20,3265.73
2008-05-16,3275.81
2008-05-15,3240.46
2008-05-14,3190.57
2008-05-13,3166.82
2008-05-12,3160.78
2008-05-09,3182.59
2008-05-08,3264.45
2008-05-07,3282.14
2008-05-06,3309.69
2008-05-05,3357.01
2008-05-02,3346.16
2008-04-30,3310.14
2008-04-29,3309.29
2008-04-28,3256.07
2008-04-25,3238.81
2008-04-24,3203.16
2008-04-23,3240.48
2008-04-22,3219.09
2008-04-21,3204.99
2008-04-17,3126.51
2008-04-16,3073.59
2008-04-15,3029.63
2008-04-11,3003.08
2008-04-10,2977.85
2008-04-09,2947.31
2008-04-08,2900.99
2008-04-07,2895.81
2008-04-04,2856.6
2008-04-03,2918.19
2008-04-02,2931.25
2008-04-01,2919.14
2008-03-31,2951.78
2008-03-28,2984.44
2008-03-27,2872.05
2008-03-26,2869.4
2008-03-25,2851.19
2008-03-24,2692.45
2008-03-19,2766.45
2008-03-18,2776.72
2008-03-17,2806.41
2008-03-14,3038.64
2008-03-13,3017.45
2008-03-12,3216.94
2008-03-11,3243.81
2008-03-10,3125.46
2008-03-07,3143.81
2008-03-05,3242.11
2008-03-04,3281.82
2008-03-03,3321.82
2008-02-29,3455.34
2008-02-28,3463.0
2008-02-27,3466.65
2008-02-26,3460.62
2008-02-25,3427.39
2008-02-22,3431.07
2008-02-21,3472.17
2008-02-20,3426.78
2008-02-19,3480.08
2008-02-18,3445.99
2008-02-15,3427.74
2008-02-14,3374.89
2008-02-13,3222.63
2008-02-12,3213.06
2008-02-11,3268.86
2008-02-08,3436.68
2008-02-07,3515.67
2008-02-06,3594.35
2008-02-05,3670.15
2008-02-04,3641.13
2008-02-01,3539.78
2008-01-31,3525.08
2008-01-30,3576.2
2008-01-29,3662.99
2008-01-28,3668.47
2008-01-25,3682.24
2008-01-24,3453.77
2008-01-23,3569.77
2008-01-22,3353.96
2008-01-21,3575.47
2008-01-18,4012.53
2008-01-17,4193.1
2008-01-16,4186.8
2008-01-15,4255.91
2008-01-14,4264.23
2008-01-11,4245.18
2008-01-10,4258.2
2008-01-09,4391.62
2008-01-08,4436.15
2008-01-07,4544.69
2008-01-04,4564.95
2008-01-03,4545.94
2008-01-02,4552.0
2008-01-01,4479.92
2007-12-31,4426.25
2007-12-28,4356.57
2007-12-27,4272.01
2007-12-26,4265.93
2007-12-24,4173.35
2007-12-20,4084.47
2007-12-19,4071.21
2007-12-18,4086.46
2007-12-17,4124.6
2007-12-14,4271.35
2007-12-13,4226.6
2007-12-12,4202.07
2007-12-11,4147.13
2007-12-10,4106.74
2007-12-07,4096.05
2007-12-06,4089.28
2007-12-05,4105.51
2007-12-04,4042.94
2007-12-03,3995.38
2007-11-30,3911.2
2007-11-29,3798.68
2007-11-28,3824.0
2007-11-27,3859.2
2007-11-26,3873.72
2007-11-23,3804.28
2007-11-22,3741.82
2007-11-21,3807.57
2007-11-20,3996.87
2007-11-19,4034.63
2007-11-16,3955.63
2007-11-15,3929.93
2007-11-14,3877.35
2007-11-13,3791.77
2007-11-12,3708.81
2007-11-09,3737.78
2007-11-08,3730.48
2007-11-07,3766.62
2007-11-06,3769.39
2007-11-05,3778.9
2007-11-02,3771.81
2007-11-01,3754.56
2007-10-31,3824.43
2007-10-30,3794.33
2007-10-29,3824.72
2007-10-26,3728.93
2007-10-25,3622.44
2007-10-24,3575.91
2007-10-23,3499.31
2007-10-22,3343.35
2007-10-19,3311.26
2007-10-18,3414.88
2007-10-17,3521.36
2007-10-16,3610.69
2007-10-15,3582.26
2007-10-12,3461.86
2007-10-11,3487.73
2007-10-10,3437.33
2007-10-09,3403.13
2007-10-08,3293.34
2007-10-05,3416.44
2007-10-04,3426.35
2007-10-03,3391.31
2007-10-01,3363.45
2007-09-28,3304.95
2007-09-27,3231.94
2007-09-26,3238.32
2007-09-25,3220.14
2007-09-24,3219.86
2007-09-21,3193.71
2007-09-20,3191.03
2007-09-19,3165.02
2007-09-18,3107.63
2007-09-17,3054.77
2007-09-14,3043.4
2007-09-13,3064.56
2007-09-12,3029.87
2007-09-11,3023.97
2007-09-10,3026.28
2007-09-07,3024.29
2007-09-06,3015.63
2007-09-05,2994.81
2007-09-04,2994.74
2007-09-03,2991.29
2007-08-31,2932.51
2007-08-30,2883.12
2007-08-29,2873.65
2007-08-28,2864.0
2007-08-27,2838.72
2007-08-24,2766.12
2007-08-23,2718.73
2007-08-22,2749.45
2007-08-21,2729.7
2007-08-20,2817.94
2007-08-17,2792.04
2007-08-16,2834.85
2007-08-14,2931.8
2007-08-13,2928.1
2007-08-10,2911.46
2007-08-09,2944.18
2007-08-08,2987.86
2007-08-07,2951.47
2007-08-06,2943.23
2007-08-03,2964.84
2007-08-02,2912.67
2007-08-01,2886.85
2007-07-31,2989.51
2007-07-30,2944.61
2007-07-27,2935.88
2007-07-26,3023.55
2007-07-25,3016.21
2007-07-24,3025.11
2007-07-23,3045.07
2007-07-20,3055.19
2007-07-19,3042.33
2007-07-18,3020.26
2007-07-17,3017.75
2007-07-16,3037.79
2007-07-13,3027.93
2007-07-12,3030.23
2007-07-11,2984.25
2007-07-10,2973.15
2007-07-09,2986.0
2007-07-06,2954.83
2007-07-05,2942.8
2007-07-04,2961.62
2007-07-03,2954.23
2007-07-02,2936.62
2007-06-29,2915.79
2007-06-28,2888.29
2007-06-27,2873.6
2007-06-26,2870.17
2007-06-25,2838.31
2007-06-22,2841.1
2007-06-21,2850.93
2007-06-20,2834.73
2007-06-19,2789.11
2007-06-18,2759.17
2007-06-15,2758.13
2007-06-14,2748.9
2007-06-13,2710.77
2007-06-12,2710.94
2007-06-11,2719.06
2007-06-08,2716.51
2007-06-07,2723.91
2007-06-06,2713.5
2007-06-05,2739.95
2007-06-04,2732.92
2007-06-01,2750.92
2007-05-31,2729.52
2007-05-30,2704.79
2007-05-29,2721.62
2007-05-28,2712.19
2007-05-25,2688.36
2007-05-24,2673.02
2007-05-23,2663.9
2007-05-22,2669.12
2007-05-21,2659.67
2007-05-18,2650.31
2007-05-17,2635.82
2007-05-16,2616.96
2007-05-15,2595.79
2007-05-14,2581.36
2007-05-11,2555.67
2007-05-10,2554.95
2007-05-09,2548.75
2007-05-08,2545.72
2007-05-07,2582.1
2007-05-04,2593.46
2007-05-03,2600.22
2007-04-30,2586.58
2007-04-27,2558.4
2007-04-26,2578.3
2007-04-25,2592.88
2007-04-24,2573.17
2007-04-23,2555.65
2007-04-20,2553.79
2007-04-19,2525.56
2007-04-18,2525.81
2007-04-17,2523.31
2007-04-16,2539.28
2007-04-13,2491.01
2007-04-12,2450.85
2007-04-11,2460.37
2007-04-10,2444.97
2007-04-09,2430.64
2007-04-05,2387.76
2007-04-04,2370.38
2007-04-03,2333.29
2007-04-02,2316.56
2007-03-30,2398.58
2007-03-29,2369.34
2007-03-28,2357.85
2007-03-26,2384.32
2007-03-23,2385.09
2007-03-22,2378.99
2007-03-21,2350.51
2007-03-20,2343.74
2007-03-19,2325.01
2007-03-16,2296.06
2007-03-15,2317.62
2007-03-14,2303.72
2007-03-13,2358.33
2007-03-12,2325.64
2007-03-09,2306.26
2007-03-08,2317.79
2007-03-07,2255.33
2007-03-06,2303.59
2007-03-05,2292.21
2007-03-02,2423.62
2007-03-01,2440.94
2007-02-28,2444.42
2007-02-27,2523.85
2007-02-26,2523.48
2007-02-23,2511.84
2007-02-22,2578.98
2007-02-21,2604.92
2007-02-20,2592.18
2007-02-19,2623.58
2007-02-15,2618.94
2007-02-14,2546.18
2007-02-13,2525.97
2007-02-12,2539.36
2007-02-09,2634.38
2007-02-08,2679.23
2007-02-07,2672.43
2007-02-06,2681.95
2007-02-05,2666.82
2007-02-02,2640.72
2007-02-01,2618.67
2007-01-31,2596.85
2007-01-29,2612.66
2007-01-25,2612.93
2007-01-24,2588.48
2007-01-23,2576.8
2007-01-22,2610.5
2007-01-19,2602.36
2007-01-18,2622.12
2007-01-17,2625.71
2007-01-16,2603.63
2007-01-15,2601.05
2007-01-12,2578.07
2007-01-11,2543.16
2007-01-10,2513.83
2007-01-09,2537.75
2007-01-08,2551.23
2007-01-05,2562.29
2007-01-04,2556.55
2007-01-03,2547.72
2007-01-02,2525.19
2006-12-29,2477.41
2006-12-28,2448.17
2006-12-27,2459.36
2006-12-26,2426.77
2006-12-22,2414.67
2006-12-21,2380.02
2006-12-20,2358.16
2006-12-19,2370.06
2006-12-18,2402.34
2006-12-15,2397.61
2006-12-14,2372.72
2006-12-13,2322.0
2006-12-12,2277.27
2006-12-11,2359.07
2006-12-08,2407.76
2006-12-07,2417.93
2006-12-06,2415.37
2006-12-05,2435.83
2006-12-04,2448.32
2006-12-01,2429.63
2006-11-30,2403.7
2006-11-29,2417.1
2006-11-28,2377.42
2006-11-27,2398.94
2006-11-24,2385.57
2006-11-23,2369.93
2006-11-22,2353.58
2006-11-21,2326.19
2006-11-20,2288.31
2006-11-17,2305.8
2006-11-16,2342.76
2006-11-15,2334.49
2006-11-14,2344.29
2006-11-13,2358.13
2006-11-10,2335.84
2006-11-09,2324.17
2006-11-08,2306.35
2006-11-07,2346.77
2006-11-06,2338.26
2006-11-03,2308.72
2006-11-02,2301.01
2006-11-01,2289.3
2006-10-31,2268.9
2006-10-30,2278.48
2006-10-27,2275.41
2006-10-26,2253.99
2006-10-23,2231.62
2006-10-21,2244.98
2006-10-20,2221.62
2006-10-19,2210.86
2006-10-18,2215.44
2006-10-17,2223.93
2006-10-16,2238.91
2006-10-13,2240.96
2006-10-12,2228.8
2006-10-11,2218.31
2006-10-10,2229.99
2006-10-09,2238.21
2006-10-06,2222.33
2006-10-05,2198.49
2006-10-04,2163.58
2006-10-03,2172.03
2006-09-29,2172.68
2006-09-28,2147.09
2006-09-27,2135.37
2006-09-26,2126.44
2006-09-25,2119.64
2006-09-22,2123.67
2006-09-21,2131.92
2006-09-20,2109.17
2006-09-19,2106.26
2006-09-18,2126.97
2006-09-15,2122.58
2006-09-14,2113.43
2006-09-13,2107.24
2006-09-12,2084.87
2006-09-11,2070.67
2006-09-08,2130.27
2006-09-07,2109.08
2006-09-06,2113.09
2006-09-05,2096.06
2006-09-04,2091.29
2006-09-01,2054.25
2006-08-31,2041.48
2006-08-30,2068.77
2006-08-29,2084.61
2006-08-28,2090.78
2006-08-25,2087.45
2006-08-24,2065.33
2006-08-23,2063.3
2006-08-22,2102.39
2006-08-21,2115.39
2006-08-18,2108.04
2006-08-17,2092.58
2006-08-16,2125.63
2006-08-14,2108.35
2006-08-11,2065.93
2006-08-10,2047.22
2006-08-09,1983.75
2006-08-08,1944.81
2006-08-07,1914.09
2006-08-04,1917.47
2006-08-03,1923.15
2006-08-02,1911.27
2006-08-01,1889.21
2006-07-31,1916.0
2006-07-28,1884.32
2006-07-27,1844.88
2006-07-26,1801.21
2006-07-25,1757.83
2006-07-24,1711.15
2006-07-21,1747.68
2006-07-20,1803.45
2006-07-19,1787.68
2006-07-18,1864.1
2006-07-17,1907.18
2006-07-14,1963.5
2006-07-13,2001.09
2006-07-12,2021.97
2006-07-11,2031.75
2006-07-10,2048.18
2006-07-07,2076.26
2006-07-06,2078.51
2006-07-05,2059.85
2006-07-04,2021.74
2006-07-03,2008.39
2006-06-30,1984.7
2006-06-29,1900.38
2006-06-28,1878.19
2006-06-27,1870.91
2006-06-26,1874.32
2006-06-25,1931.98
2006-06-23,1901.77
2006-06-22,1891.43
2006-06-21,1840.66
2006-06-20,1776.31
2006-06-19,1758.55
2006-06-16,1707.32
2006-06-15,1632.84
2006-06-14,1549.38
2006-06-13,1615.16
2006-06-12,1733.58
2006-06-09,1784.51
2006-06-08,1720.85
2006-06-07,1851.09
2006-06-06,1982.33
2006-06-05,2069.5
2006-06-02,2115.47
2006-06-01,2149.27
2006-05-31,2191.99
2006-05-30,2229.97
2006-05-29,2213.98
2006-05-26,2184.96
2006-05-25,2141.39
2006-05-24,2141.85
2006-05-23,2142.32
2006-05-22,2076.78
2006-05-19,2202.47
2006-05-18,2290.61
2006-05-17,2444.79
2006-05-16,2361.88
2006-05-15,2392.09
2006-05-12,2458.52
2006-05-11,2451.81
2006-05-10,2452.38
2006-05-09,2428.06
2006-05-08,2414.71
2006-05-05,2386.9
2006-05-04,2377.02
2006-05-03,2364.93
2006-05-02,2357.33
2006-04-29,2347.85
2006-04-28,2294.12
2006-04-27,2287.93
2006-04-26,2270.37
2006-04-25,2231.26
2006-04-24,2254.07
2006-04-21,2240.21
2006-04-20,2224.4
2006-04-19,2199.09
2006-04-18,2184.71
2006-04-17,2154.71
2006-04-13,2117.67
2006-04-12,2152.15
2006-04-10,2195.65
2006-04-07,2186.3
2006-04-05,2209.91
2006-04-04,2185.76
2006-04-03,2161.19
2006-03-31,2101.41
2006-03-30,2078.15
2006-03-29,2056.67
2006-03-28,2038.4
2006-03-27,2045.56
2006-03-24,2024.52
2006-03-23,2003.15
2006-03-22,2000.65
2006-03-21,2021.12
2006-03-20,2013.53
2006-03-17,1994.36
2006-03-16,2004.54
2006-03-14,1993.03
2006-03-13,1996.21
2006-03-10,1981.39
2006-03-09,1947.24
2006-03-08,1937.69
2006-03-07,1965.09
2006-03-06,1943.54
2006-03-03,1911.22
2006-03-02,1890.66
2006-03-01,1857.98
2006-02-28,1819.29
2006-02-27,1819.25
2006-02-24,1805.49
2006-02-23,1807.5
2006-02-22,1817.62
2006-02-21,1815.48
2006-02-20,1791.55
2006-02-17,1806.18
2006-02-16,1830.74
2006-02-15,1816.0
2006-02-14,1819.87
2006-02-13,1824.91
2006-02-10,1800.36
2006-02-08,1778.06
2006-02-07,1788.11
2006-02-06,1768.64
2006-02-03,1742.37
2006-02-02,1742.51
2006-02-01,1744.77
2006-01-31,1761.58
2006-01-30,1762.13
2006-01-27,1781.43
2006-01-25,1748.18
2006-01-24,1751.86
2006-01-23,1736.98
2006-01-20,1735.41
2006-01-19,1713.05
2006-01-18,1675.63
2006-01-17,1690.03
2006-01-16,1699.69
2006-01-13,1706.85
2006-01-12,1693.34
2006-01-10,1695.85
2006-01-09,1707.04
2006-01-06,1695.68
2006-01-05,1683.43
2006-01-04,1682.71
2006-01-03,1672.75
2006-01-02,1643.72
2005-12-30,1614.56
2005-12-29,1593.22
2005-12-28,1581.11
2005-12-27,1576.7
2005-12-26,1548.75
2005-12-23,1581.65
2005-12-22,1588.66
2005-12-21,1585.24
2005-12-20,1580.57
2005-12-19,1587.75
2005-12-16,1572.06
2005-12-15,1567.32
2005-12-14,1582.02
2005-12-13,1596.75
2005-12-12,1585.53
2005-12-09,1573.85
2005-12-08,1553.83
2005-12-07,1540.98
2005-12-06,1533.06
2005-12-05,1530.96
2005-12-02,1533.37
2005-12-01,1513.36
2005-11-30,1493.92
2005-11-29,1494.03
2005-11-28,1498.36
2005-11-26,1481.0
2005-11-25,1458.54
2005-11-24,1446.73
2005-11-23,1433.09
2005-11-22,1424.2
2005-11-21,1432.23
2005-11-18,1436.66
2005-11-17,1436.25
2005-11-16,1433.19
2005-11-14,1428.61
2005-11-11,1422.13
2005-11-10,1400.42
2005-11-09,1398.04
2005-11-08,1398.35
2005-11-07,1375.83
2005-11-02,1353.21
2005-11-01,1347.79
2005-10-31,1325.9
2005-10-28,1294.9
2005-10-27,1320.2
2005-10-26,1340.23
2005-10-25,1340.98
2005-10-24,1342.13
2005-10-21,1341.86
2005-10-20,1320.08
2005-10-19,1343.44
2005-10-18,1384.98
2005-10-17,1392.44
2005-10-14,1409.28
2005-10-13,1441.75
2005-10-11,1455.34
2005-10-10,1464.2
2005-10-07,1470.32
2005-10-06,1471.98
2005-10-05,1489.43
2005-10-04,1497.64
2005-10-03,1480.87
2005-09-30,1468.83
2005-09-29,1475.7
2005-09-28,1481.61
2005-09-27,1458.04
2005-09-26,1436.81
2005-09-23,1384.92
2005-09-22,1375.0
2005-09-21,1438.39
2005-09-20,1465.49
2005-09-19,1468.32
2005-09-16,1442.75
2005-09-15,1429.5
2005-09-14,1406.65
2005-09-13,1414.51
2005-09-12,1408.72
2005-09-09,1397.12
2005-09-08,1401.06
2005-09-06,1391.5
2005-09-05,1388.1
2005-09-02,1384.7
2005-09-01,1382.69
2005-08-31,1368.59
2005-08-30,1354.4
2005-08-29,1333.56
2005-08-26,1334.61
2005-08-25,1309.71
2005-08-24,1294.1
2005-08-23,1315.06
2005-08-22,1347.92
2005-08-19,1348.13
2005-08-18,1347.25
2005-08-17,1350.7
2005-08-16,1333.57
2005-08-12,1319.8
2005-08-11,1311.76
2005-08-10,1299.3
2005-08-09,1271.35
2005-08-08,1273.63
2005-08-05,1284.66
2005-08-04,1267.21
2005-08-03,1256.99
2005-08-02,1252.47
2005-08-01,1225.59
2005-07-29,1218.71
2005-07-27,1223.93
2005-07-26,1219.61
2005-07-25,1220.38
2005-07-22,1214.47
2005-07-21,1199.22
2005-07-20,1197.87
2005-07-19,1194.67
2005-07-18,1188.77
2005-07-15,1169.21
2005-07-14,1156.36
2005-07-13,1154.94
2005-07-12,1145.2
2005-07-11,1145.06
2005-07-08,1126.57
2005-07-07,1105.62
2005-07-06,1114.76
2005-07-05,1097.29
2005-07-04,1099.98
2005-07-01,1081.14
2005-06-30,1070.56
2005-06-29,1068.6
2005-06-28,1057.13
2005-06-27,1074.76
2005-06-24,1072.43
2005-06-23,1066.05
2005-06-22,1062.86
2005-06-21,1062.3
2005-06-20,1060.97
2005-06-17,1067.37
2005-06-16,1084.35
2005-06-15,1099.46
2005-06-14,1092.79
2005-06-13,1087.46
2005-06-10,1089.52
2005-06-09,1093.75
2005-06-08,1088.93
2005-06-07,1090.28
2005-06-06,1088.27
2005-06-04,1085.81
2005-06-03,1080.59
2005-06-02,1074.09
2005-06-01,1084.92
2005-05-31,1077.11
2005-05-30,1071.21
2005-05-27,1080.82
2005-05-26,1086.14
2005-05-25,1086.89
2005-05-24,1082.7
2005-05-23,1078.53
2005-05-20,1074.54
2005-05-19,1076.76
2005-05-18,1068.82
2005-05-17,1065.61
2005-05-16,1072.78
2005-05-13,1059.15
2005-05-12,1051.19
2005-05-11,1037.29
2005-05-10,1034.9
2005-05-09,1037.08
2005-05-06,1020.1
2005-05-05,1015.06
2005-05-04,1006.15
2005-05-03,992.81
2005-05-02,989.2
2005-04-29,998.49
2005-04-28,1010.05
2005-04-27,1011.76
2005-04-26,1020.58
2005-04-25,1019.05
2005-04-22,1016.72
2005-04-21,998.96
2005-04-20,981.95
2005-04-19,973.58
2005-04-18,972.24
2005-04-15,980.28
2005-04-13,1007.57
2005-04-12,1006.27
2005-04-11,998.87
2005-04-08,1008.23
2005-04-07,1017.39
2005-04-06,1019.2
2005-04-05,1005.84
2005-04-04,1011.57
2005-04-01,1000.0
